ISO-10303-21;
HEADER;
FILE_DESCRIPTION(('KiCad electronic assembly'),'2;1');
FILE_NAME('PcbSistemaAmbienteLab_shield_base_2.step',
  '2025-10-22T19:44:20',('Pcbnew'),('Kicad'),
  'Open CASCADE STEP processor 7.8','KiCad to STEP converter','Unknown'
  );
FILE_SCHEMA(('AUTOMOTIVE_DESIGN { 1 0 10303 214 1 1 1 1 }'));
ENDSEC;
DATA;
#1 = APPLICATION_PROTOCOL_DEFINITION('international standard',
  'automotive_design',2000,#2);
#2 = APPLICATION_CONTEXT(
  'core data for automotive mechanical design processes');
#3 = SHAPE_DEFINITION_REPRESENTATION(#4,#10);
#4 = PRODUCT_DEFINITION_SHAPE('','',#5);
#5 = PRODUCT_DEFINITION('design','',#6,#9);
#6 = PRODUCT_DEFINITION_FORMATION('','',#7);
#7 = PRODUCT('PcbSistemaAmbienteLab_shield_base_2 1',
  'PcbSistemaAmbienteLab_shield_base_2 1','',(#8));
#8 = PRODUCT_CONTEXT('',#2,'mechanical');
#9 = PRODUCT_DEFINITION_CONTEXT('part definition',#2,'design');
#10 = SHAPE_REPRESENTATION('',(#11,#15,#19,#23,#27,#31,#35,#39,#43,#47,
    #51,#55,#59,#63,#67,#71),#75);
#11 = AXIS2_PLACEMENT_3D('',#12,#13,#14);
#12 = CARTESIAN_POINT('',(0.,0.,0.));
#13 = DIRECTION('',(0.,0.,1.));
#14 = DIRECTION('',(1.,0.,-0.));
#15 = AXIS2_PLACEMENT_3D('',#16,#17,#18);
#16 = CARTESIAN_POINT('',(156.2,-100.59,1.595));
#17 = DIRECTION('',(0.,0.,1.));
#18 = DIRECTION('',(1.,0.,0.));
#19 = AXIS2_PLACEMENT_3D('',#20,#21,#22);
#20 = CARTESIAN_POINT('',(156.2,-71.31,1.595));
#21 = DIRECTION('',(0.,0.,1.));
#22 = DIRECTION('',(1.,0.,0.));
#23 = AXIS2_PLACEMENT_3D('',#24,#25,#26);
#24 = CARTESIAN_POINT('',(156.2,-115.86,1.595));
#25 = DIRECTION('',(0.,0.,1.));
#26 = DIRECTION('',(1.,0.,0.));
#27 = AXIS2_PLACEMENT_3D('',#28,#29,#30);
#28 = CARTESIAN_POINT('',(156.2,-85.34,1.595));
#29 = DIRECTION('',(0.,0.,1.));
#30 = DIRECTION('',(1.,0.,0.));
#31 = AXIS2_PLACEMENT_3D('',#32,#33,#34);
#32 = CARTESIAN_POINT('',(138.4625,-115.66,-8.5E-02));
#33 = DIRECTION('',(0.,-1.224646799147E-16,-1.));
#34 = DIRECTION('',(1.,0.,0.));
#35 = AXIS2_PLACEMENT_3D('',#36,#37,#38);
#36 = CARTESIAN_POINT('',(130.675,-116.54,-8.5E-02));
#37 = DIRECTION('',(1.499759782662E-32,1.224646799147E-16,-1.));
#38 = DIRECTION('',(-1.,1.224646799147E-16,0.));
#39 = AXIS2_PLACEMENT_3D('',#40,#41,#42);
#40 = CARTESIAN_POINT('',(130.7125,-104.66,-8.5E-02));
#41 = DIRECTION('',(1.499759782662E-32,1.224646799147E-16,-1.));
#42 = DIRECTION('',(-1.,1.224646799147E-16,0.));
#43 = AXIS2_PLACEMENT_3D('',#44,#45,#46);
#44 = CARTESIAN_POINT('',(138.4875,-90.96,-8.5E-02));
#45 = DIRECTION('',(0.,-1.224646799147E-16,-1.));
#46 = DIRECTION('',(1.,0.,0.));
#47 = AXIS2_PLACEMENT_3D('',#48,#49,#50);
#48 = CARTESIAN_POINT('',(138.7875,-110.06,-8.5E-02));
#49 = DIRECTION('',(0.,-1.224646799147E-16,-1.));
#50 = DIRECTION('',(1.,0.,0.));
#51 = AXIS2_PLACEMENT_3D('',#52,#53,#54);
#52 = CARTESIAN_POINT('',(138.4875,-97.76,-8.5E-02));
#53 = DIRECTION('',(1.499759782662E-32,1.224646799147E-16,-1.));
#54 = DIRECTION('',(-1.,1.224646799147E-16,0.));
#55 = AXIS2_PLACEMENT_3D('',#56,#57,#58);
#56 = CARTESIAN_POINT('',(144.7,-87.51,-8.5E-02));
#57 = DIRECTION('',(1.224646799147E-16,-1.359631073447E-32,-1.));
#58 = DIRECTION('',(1.110223024625E-16,1.,0.));
#59 = AXIS2_PLACEMENT_3D('',#60,#61,#62);
#60 = CARTESIAN_POINT('',(130.9,-91.76,-8.5E-02));
#61 = DIRECTION('',(1.499759782662E-32,1.224646799147E-16,-1.));
#62 = DIRECTION('',(-1.,1.224646799147E-16,0.));
#63 = AXIS2_PLACEMENT_3D('',#64,#65,#66);
#64 = CARTESIAN_POINT('',(138.6375,-83.61,-8.5E-02));
#65 = DIRECTION('',(1.499759782662E-32,1.224646799147E-16,-1.));
#66 = DIRECTION('',(-1.,1.224646799147E-16,0.));
#67 = AXIS2_PLACEMENT_3D('',#68,#69,#70);
#68 = CARTESIAN_POINT('',(138.4625,-103.91,-8.5E-02));
#69 = DIRECTION('',(0.,-1.224646799147E-16,-1.));
#70 = DIRECTION('',(1.,0.,0.));
#71 = AXIS2_PLACEMENT_3D('',#72,#73,#74);
#72 = CARTESIAN_POINT('',(0.,0.,0.));
#73 = DIRECTION('',(0.,0.,1.));
#74 = DIRECTION('',(1.,0.,-0.));
#75 = ( GEOMETRIC_REPRESENTATION_CONTEXT(3) 
GLOBAL_UNCERTAINTY_ASSIGNED_CONTEXT((#79)) GLOBAL_UNIT_ASSIGNED_CONTEXT(
(#76,#77,#78)) REPRESENTATION_CONTEXT('Context #1',
  '3D Context with UNIT and UNCERTAINTY') );
#76 = ( LENGTH_UNIT() NAMED_UNIT(*) SI_UNIT(.MILLI.,.METRE.) );
#77 = ( NAMED_UNIT(*) PLANE_ANGLE_UNIT() SI_UNIT($,.RADIAN.) );
#78 = ( NAMED_UNIT(*) SI_UNIT($,.STERADIAN.) SOLID_ANGLE_UNIT() );
#79 = UNCERTAINTY_MEASURE_WITH_UNIT(LENGTH_MEASURE(5.E-07),#76,
  'distance_accuracy_value','confusion accuracy');
#80 = PRODUCT_RELATED_PRODUCT_CATEGORY('part',$,(#7));
#81 = SHAPE_DEFINITION_REPRESENTATION(#82,#88);
#82 = PRODUCT_DEFINITION_SHAPE('','',#83);
#83 = PRODUCT_DEFINITION('design','',#84,#87);
#84 = PRODUCT_DEFINITION_FORMATION('','',#85);
#85 = PRODUCT('PinHeader_1x04_P2.54mm_Horizontal',
  'PinHeader_1x04_P2.54mm_Horizontal','',(#86));
#86 = PRODUCT_CONTEXT('',#2,'mechanical');
#87 = PRODUCT_DEFINITION_CONTEXT('part definition',#2,'design');
#88 = ADVANCED_BREP_SHAPE_REPRESENTATION('',(#11,#89),#3273);
#89 = MANIFOLD_SOLID_BREP('',#90);
#90 = CLOSED_SHELL('',(#91,#131,#162,#193,#522,#851,#868,#885,#902,#919,
    #936,#953,#970,#987,#1004,#1021,#1038,#1055,#1072,#1089,#1106,#1123,
    #1140,#1157,#1174,#1191,#1208,#1225,#1237,#1293,#1317,#1366,#1383,
    #1414,#1463,#1487,#1529,#1560,#1609,#1633,#1675,#1706,#1755,#1779,
    #1821,#1852,#1876,#1900,#1917,#1948,#1972,#1996,#2013,#2044,#2068,
    #2092,#2109,#2140,#2164,#2188,#2205,#2222,#2239,#2270,#2287,#2318,
    #2335,#2352,#2383,#2400,#2431,#2448,#2465,#2496,#2513,#2544,#2561,
    #2578,#2609,#2626,#2657,#2688,#2712,#2736,#2753,#2784,#2808,#2832,
    #2849,#2880,#2904,#2928,#2945,#2976,#3000,#3024,#3041,#3058,#3075,
    #3087,#3104,#3121,#3133,#3150,#3167,#3179,#3196,#3213,#3225,#3237,
    #3249,#3261));
#91 = ADVANCED_FACE('',(#92),#126,.T.);
#92 = FACE_BOUND('',#93,.T.);
#93 = EDGE_LOOP('',(#94,#104,#112,#120));
#94 = ORIENTED_EDGE('',*,*,#95,.T.);
#95 = EDGE_CURVE('',#96,#98,#100,.T.);
#96 = VERTEX_POINT('',#97);
#97 = CARTESIAN_POINT('',(1.5,1.27,0.254));
#98 = VERTEX_POINT('',#99);
#99 = CARTESIAN_POINT('',(4.04,1.27,0.254));
#100 = LINE('',#101,#102);
#101 = CARTESIAN_POINT('',(1.5,1.27,0.254));
#102 = VECTOR('',#103,1.);
#103 = DIRECTION('',(1.,0.,0.));
#104 = ORIENTED_EDGE('',*,*,#105,.T.);
#105 = EDGE_CURVE('',#98,#106,#108,.T.);
#106 = VERTEX_POINT('',#107);
#107 = CARTESIAN_POINT('',(4.04,1.016,0.));
#108 = LINE('',#109,#110);
#109 = CARTESIAN_POINT('',(4.04,1.27,0.254));
#110 = VECTOR('',#111,1.);
#111 = DIRECTION('',(0.,-0.707106781187,-0.707106781187));
#112 = ORIENTED_EDGE('',*,*,#113,.F.);
#113 = EDGE_CURVE('',#114,#106,#116,.T.);
#114 = VERTEX_POINT('',#115);
#115 = CARTESIAN_POINT('',(1.5,1.016,0.));
#116 = LINE('',#117,#118);
#117 = CARTESIAN_POINT('',(1.5,1.016,0.));
#118 = VECTOR('',#119,1.);
#119 = DIRECTION('',(1.,0.,0.));
#120 = ORIENTED_EDGE('',*,*,#121,.F.);
#121 = EDGE_CURVE('',#96,#114,#122,.T.);
#122 = LINE('',#123,#124);
#123 = CARTESIAN_POINT('',(1.5,1.27,0.254));
#124 = VECTOR('',#125,1.);
#125 = DIRECTION('',(0.,-0.707106781187,-0.707106781187));
#126 = PLANE('',#127);
#127 = AXIS2_PLACEMENT_3D('',#128,#129,#130);
#128 = CARTESIAN_POINT('',(1.5,1.27,0.254));
#129 = DIRECTION('',(0.,0.707106781187,-0.707106781187));
#130 = DIRECTION('',(0.,-0.707106781187,-0.707106781187));
#131 = ADVANCED_FACE('',(#132),#157,.T.);
#132 = FACE_BOUND('',#133,.T.);
#133 = EDGE_LOOP('',(#134,#144,#150,#151));
#134 = ORIENTED_EDGE('',*,*,#135,.T.);
#135 = EDGE_CURVE('',#136,#138,#140,.T.);
#136 = VERTEX_POINT('',#137);
#137 = CARTESIAN_POINT('',(1.5,1.27,2.286));
#138 = VERTEX_POINT('',#139);
#139 = CARTESIAN_POINT('',(4.04,1.27,2.286));
#140 = LINE('',#141,#142);
#141 = CARTESIAN_POINT('',(1.5,1.27,2.286));
#142 = VECTOR('',#143,1.);
#143 = DIRECTION('',(1.,0.,0.));
#144 = ORIENTED_EDGE('',*,*,#145,.T.);
#145 = EDGE_CURVE('',#138,#98,#146,.T.);
#146 = LINE('',#147,#148);
#147 = CARTESIAN_POINT('',(4.04,1.27,2.286));
#148 = VECTOR('',#149,1.);
#149 = DIRECTION('',(0.,0.,-1.));
#150 = ORIENTED_EDGE('',*,*,#95,.F.);
#151 = ORIENTED_EDGE('',*,*,#152,.F.);
#152 = EDGE_CURVE('',#136,#96,#153,.T.);
#153 = LINE('',#154,#155);
#154 = CARTESIAN_POINT('',(1.5,1.27,2.286));
#155 = VECTOR('',#156,1.);
#156 = DIRECTION('',(0.,0.,-1.));
#157 = PLANE('',#158);
#158 = AXIS2_PLACEMENT_3D('',#159,#160,#161);
#159 = CARTESIAN_POINT('',(1.5,1.27,2.286));
#160 = DIRECTION('',(0.,1.,0.));
#161 = DIRECTION('',(0.,0.,-1.));
#162 = ADVANCED_FACE('',(#163),#188,.T.);
#163 = FACE_BOUND('',#164,.T.);
#164 = EDGE_LOOP('',(#165,#166,#174,#182));
#165 = ORIENTED_EDGE('',*,*,#113,.T.);
#166 = ORIENTED_EDGE('',*,*,#167,.T.);
#167 = EDGE_CURVE('',#106,#168,#170,.T.);
#168 = VERTEX_POINT('',#169);
#169 = CARTESIAN_POINT('',(4.04,-1.016,0.));
#170 = LINE('',#171,#172);
#171 = CARTESIAN_POINT('',(4.04,1.016,0.));
#172 = VECTOR('',#173,1.);
#173 = DIRECTION('',(0.,-1.,0.));
#174 = ORIENTED_EDGE('',*,*,#175,.F.);
#175 = EDGE_CURVE('',#176,#168,#178,.T.);
#176 = VERTEX_POINT('',#177);
#177 = CARTESIAN_POINT('',(1.5,-1.016,0.));
#178 = LINE('',#179,#180);
#179 = CARTESIAN_POINT('',(1.5,-1.016,0.));
#180 = VECTOR('',#181,1.);
#181 = DIRECTION('',(1.,0.,0.));
#182 = ORIENTED_EDGE('',*,*,#183,.F.);
#183 = EDGE_CURVE('',#114,#176,#184,.T.);
#184 = LINE('',#185,#186);
#185 = CARTESIAN_POINT('',(1.5,1.016,0.));
#186 = VECTOR('',#187,1.);
#187 = DIRECTION('',(0.,-1.,0.));
#188 = PLANE('',#189);
#189 = AXIS2_PLACEMENT_3D('',#190,#191,#192);
#190 = CARTESIAN_POINT('',(1.5,1.016,0.));
#191 = DIRECTION('',(-0.,-0.,-1.));
#192 = DIRECTION('',(0.,-1.,0.));
#193 = ADVANCED_FACE('',(#194,#381,#415,#449,#483),#517,.T.);
#194 = FACE_BOUND('',#195,.T.);
#195 = EDGE_LOOP('',(#196,#197,#198,#206,#214,#222,#230,#238,#246,#254,
    #262,#270,#278,#286,#294,#302,#310,#318,#326,#334,#342,#350,#358,
    #366,#374,#380));
#196 = ORIENTED_EDGE('',*,*,#121,.T.);
#197 = ORIENTED_EDGE('',*,*,#183,.T.);
#198 = ORIENTED_EDGE('',*,*,#199,.T.);
#199 = EDGE_CURVE('',#176,#200,#202,.T.);
#200 = VERTEX_POINT('',#201);
#201 = CARTESIAN_POINT('',(1.5,-1.27,0.254));
#202 = LINE('',#203,#204);
#203 = CARTESIAN_POINT('',(1.5,-1.016,0.));
#204 = VECTOR('',#205,1.);
#205 = DIRECTION('',(0.,-0.707106781187,0.707106781187));
#206 = ORIENTED_EDGE('',*,*,#207,.T.);
#207 = EDGE_CURVE('',#200,#208,#210,.T.);
#208 = VERTEX_POINT('',#209);
#209 = CARTESIAN_POINT('',(1.5,-1.524,0.));
#210 = LINE('',#211,#212);
#211 = CARTESIAN_POINT('',(1.5,-1.27,0.254));
#212 = VECTOR('',#213,1.);
#213 = DIRECTION('',(0.,-0.707106781187,-0.707106781187));
#214 = ORIENTED_EDGE('',*,*,#215,.T.);
#215 = EDGE_CURVE('',#208,#216,#218,.T.);
#216 = VERTEX_POINT('',#217);
#217 = CARTESIAN_POINT('',(1.5,-3.556,0.));
#218 = LINE('',#219,#220);
#219 = CARTESIAN_POINT('',(1.5,-1.524,0.));
#220 = VECTOR('',#221,1.);
#221 = DIRECTION('',(0.,-1.,0.));
#222 = ORIENTED_EDGE('',*,*,#223,.T.);
#223 = EDGE_CURVE('',#216,#224,#226,.T.);
#224 = VERTEX_POINT('',#225);
#225 = CARTESIAN_POINT('',(1.5,-3.81,0.254));
#226 = LINE('',#227,#228);
#227 = CARTESIAN_POINT('',(1.5,-3.556,0.));
#228 = VECTOR('',#229,1.);
#229 = DIRECTION('',(0.,-0.707106781187,0.707106781187));
#230 = ORIENTED_EDGE('',*,*,#231,.T.);
#231 = EDGE_CURVE('',#224,#232,#234,.T.);
#232 = VERTEX_POINT('',#233);
#233 = CARTESIAN_POINT('',(1.5,-4.064,0.));
#234 = LINE('',#235,#236);
#235 = CARTESIAN_POINT('',(1.5,-3.81,0.254));
#236 = VECTOR('',#237,1.);
#237 = DIRECTION('',(0.,-0.707106781187,-0.707106781187));
#238 = ORIENTED_EDGE('',*,*,#239,.T.);
#239 = EDGE_CURVE('',#232,#240,#242,.T.);
#240 = VERTEX_POINT('',#241);
#241 = CARTESIAN_POINT('',(1.5,-6.096,0.));
#242 = LINE('',#243,#244);
#243 = CARTESIAN_POINT('',(1.5,-4.064,0.));
#244 = VECTOR('',#245,1.);
#245 = DIRECTION('',(0.,-1.,0.));
#246 = ORIENTED_EDGE('',*,*,#247,.T.);
#247 = EDGE_CURVE('',#240,#248,#250,.T.);
#248 = VERTEX_POINT('',#249);
#249 = CARTESIAN_POINT('',(1.5,-6.35,0.254));
#250 = LINE('',#251,#252);
#251 = CARTESIAN_POINT('',(1.5,-6.096,0.));
#252 = VECTOR('',#253,1.);
#253 = DIRECTION('',(0.,-0.707106781187,0.707106781187));
#254 = ORIENTED_EDGE('',*,*,#255,.T.);
#255 = EDGE_CURVE('',#248,#256,#258,.T.);
#256 = VERTEX_POINT('',#257);
#257 = CARTESIAN_POINT('',(1.5,-6.604,0.));
#258 = LINE('',#259,#260);
#259 = CARTESIAN_POINT('',(1.5,-6.35,0.254));
#260 = VECTOR('',#261,1.);
#261 = DIRECTION('',(0.,-0.707106781187,-0.707106781187));
#262 = ORIENTED_EDGE('',*,*,#263,.T.);
#263 = EDGE_CURVE('',#256,#264,#266,.T.);
#264 = VERTEX_POINT('',#265);
#265 = CARTESIAN_POINT('',(1.5,-8.636,0.));
#266 = LINE('',#267,#268);
#267 = CARTESIAN_POINT('',(1.5,-6.604,0.));
#268 = VECTOR('',#269,1.);
#269 = DIRECTION('',(0.,-1.,0.));
#270 = ORIENTED_EDGE('',*,*,#271,.T.);
#271 = EDGE_CURVE('',#264,#272,#274,.T.);
#272 = VERTEX_POINT('',#273);
#273 = CARTESIAN_POINT('',(1.5,-8.89,0.254));
#274 = LINE('',#275,#276);
#275 = CARTESIAN_POINT('',(1.5,-8.636,0.));
#276 = VECTOR('',#277,1.);
#277 = DIRECTION('',(0.,-0.707106781187,0.707106781187));
#278 = ORIENTED_EDGE('',*,*,#279,.T.);
#279 = EDGE_CURVE('',#272,#280,#282,.T.);
#280 = VERTEX_POINT('',#281);
#281 = CARTESIAN_POINT('',(1.5,-8.89,2.286));
#282 = LINE('',#283,#284);
#283 = CARTESIAN_POINT('',(1.5,-8.89,0.254));
#284 = VECTOR('',#285,1.);
#285 = DIRECTION('',(0.,0.,1.));
#286 = ORIENTED_EDGE('',*,*,#287,.T.);
#287 = EDGE_CURVE('',#280,#288,#290,.T.);
#288 = VERTEX_POINT('',#289);
#289 = CARTESIAN_POINT('',(1.5,-8.636,2.54));
#290 = LINE('',#291,#292);
#291 = CARTESIAN_POINT('',(1.5,-8.89,2.286));
#292 = VECTOR('',#293,1.);
#293 = DIRECTION('',(0.,0.707106781187,0.707106781187));
#294 = ORIENTED_EDGE('',*,*,#295,.T.);
#295 = EDGE_CURVE('',#288,#296,#298,.T.);
#296 = VERTEX_POINT('',#297);
#297 = CARTESIAN_POINT('',(1.5,-6.604,2.54));
#298 = LINE('',#299,#300);
#299 = CARTESIAN_POINT('',(1.5,-8.636,2.54));
#300 = VECTOR('',#301,1.);
#301 = DIRECTION('',(0.,1.,0.));
#302 = ORIENTED_EDGE('',*,*,#303,.T.);
#303 = EDGE_CURVE('',#296,#304,#306,.T.);
#304 = VERTEX_POINT('',#305);
#305 = CARTESIAN_POINT('',(1.5,-6.35,2.286));
#306 = LINE('',#307,#308);
#307 = CARTESIAN_POINT('',(1.5,-6.604,2.54));
#308 = VECTOR('',#309,1.);
#309 = DIRECTION('',(0.,0.707106781187,-0.707106781187));
#310 = ORIENTED_EDGE('',*,*,#311,.T.);
#311 = EDGE_CURVE('',#304,#312,#314,.T.);
#312 = VERTEX_POINT('',#313);
#313 = CARTESIAN_POINT('',(1.5,-6.096,2.54));
#314 = LINE('',#315,#316);
#315 = CARTESIAN_POINT('',(1.5,-6.35,2.286));
#316 = VECTOR('',#317,1.);
#317 = DIRECTION('',(0.,0.707106781187,0.707106781187));
#318 = ORIENTED_EDGE('',*,*,#319,.T.);
#319 = EDGE_CURVE('',#312,#320,#322,.T.);
#320 = VERTEX_POINT('',#321);
#321 = CARTESIAN_POINT('',(1.5,-4.064,2.54));
#322 = LINE('',#323,#324);
#323 = CARTESIAN_POINT('',(1.5,-6.096,2.54));
#324 = VECTOR('',#325,1.);
#325 = DIRECTION('',(0.,1.,0.));
#326 = ORIENTED_EDGE('',*,*,#327,.T.);
#327 = EDGE_CURVE('',#320,#328,#330,.T.);
#328 = VERTEX_POINT('',#329);
#329 = CARTESIAN_POINT('',(1.5,-3.81,2.286));
#330 = LINE('',#331,#332);
#331 = CARTESIAN_POINT('',(1.5,-4.064,2.54));
#332 = VECTOR('',#333,1.);
#333 = DIRECTION('',(0.,0.707106781187,-0.707106781187));
#334 = ORIENTED_EDGE('',*,*,#335,.T.);
#335 = EDGE_CURVE('',#328,#336,#338,.T.);
#336 = VERTEX_POINT('',#337);
#337 = CARTESIAN_POINT('',(1.5,-3.556,2.54));
#338 = LINE('',#339,#340);
#339 = CARTESIAN_POINT('',(1.5,-3.81,2.286));
#340 = VECTOR('',#341,1.);
#341 = DIRECTION('',(0.,0.707106781187,0.707106781187));
#342 = ORIENTED_EDGE('',*,*,#343,.T.);
#343 = EDGE_CURVE('',#336,#344,#346,.T.);
#344 = VERTEX_POINT('',#345);
#345 = CARTESIAN_POINT('',(1.5,-1.524,2.54));
#346 = LINE('',#347,#348);
#347 = CARTESIAN_POINT('',(1.5,-3.556,2.54));
#348 = VECTOR('',#349,1.);
#349 = DIRECTION('',(0.,1.,0.));
#350 = ORIENTED_EDGE('',*,*,#351,.T.);
#351 = EDGE_CURVE('',#344,#352,#354,.T.);
#352 = VERTEX_POINT('',#353);
#353 = CARTESIAN_POINT('',(1.5,-1.27,2.286));
#354 = LINE('',#355,#356);
#355 = CARTESIAN_POINT('',(1.5,-1.524,2.54));
#356 = VECTOR('',#357,1.);
#357 = DIRECTION('',(0.,0.707106781187,-0.707106781187));
#358 = ORIENTED_EDGE('',*,*,#359,.T.);
#359 = EDGE_CURVE('',#352,#360,#362,.T.);
#360 = VERTEX_POINT('',#361);
#361 = CARTESIAN_POINT('',(1.5,-1.016,2.54));
#362 = LINE('',#363,#364);
#363 = CARTESIAN_POINT('',(1.5,-1.27,2.286));
#364 = VECTOR('',#365,1.);
#365 = DIRECTION('',(0.,0.707106781187,0.707106781187));
#366 = ORIENTED_EDGE('',*,*,#367,.T.);
#367 = EDGE_CURVE('',#360,#368,#370,.T.);
#368 = VERTEX_POINT('',#369);
#369 = CARTESIAN_POINT('',(1.5,1.016,2.54));
#370 = LINE('',#371,#372);
#371 = CARTESIAN_POINT('',(1.5,-1.016,2.54));
#372 = VECTOR('',#373,1.);
#373 = DIRECTION('',(0.,1.,0.));
#374 = ORIENTED_EDGE('',*,*,#375,.T.);
#375 = EDGE_CURVE('',#368,#136,#376,.T.);
#376 = LINE('',#377,#378);
#377 = CARTESIAN_POINT('',(1.5,1.016,2.54));
#378 = VECTOR('',#379,1.);
#379 = DIRECTION('',(0.,0.707106781187,-0.707106781187));
#380 = ORIENTED_EDGE('',*,*,#152,.T.);
#381 = FACE_BOUND('',#382,.T.);
#382 = EDGE_LOOP('',(#383,#393,#401,#409));
#383 = ORIENTED_EDGE('',*,*,#384,.F.);
#384 = EDGE_CURVE('',#385,#387,#389,.T.);
#385 = VERTEX_POINT('',#386);
#386 = CARTESIAN_POINT('',(1.5,-4.76,1.59));
#387 = VERTEX_POINT('',#388);
#388 = CARTESIAN_POINT('',(1.5,-4.76,0.95));
#389 = LINE('',#390,#391);
#390 = CARTESIAN_POINT('',(1.5,-4.76,0.924540133779));
#391 = VECTOR('',#392,1.);
#392 = DIRECTION('',(-1.054146171647E-32,6.630961875715E-34,-1.));
#393 = ORIENTED_EDGE('',*,*,#394,.F.);
#394 = EDGE_CURVE('',#395,#385,#397,.T.);
#395 = VERTEX_POINT('',#396);
#396 = CARTESIAN_POINT('',(1.5,-5.4,1.59));
#397 = LINE('',#398,#399);
#398 = CARTESIAN_POINT('',(1.5,-4.285,1.59));
#399 = VECTOR('',#400,1.);
#400 = DIRECTION('',(-3.135844300547E-31,1.,-6.721016494415E-48));
#401 = ORIENTED_EDGE('',*,*,#402,.T.);
#402 = EDGE_CURVE('',#395,#403,#405,.T.);
#403 = VERTEX_POINT('',#404);
#404 = CARTESIAN_POINT('',(1.5,-5.4,0.95));
#405 = LINE('',#406,#407);
#406 = CARTESIAN_POINT('',(1.5,-5.4,0.924540133779));
#407 = VECTOR('',#408,1.);
#408 = DIRECTION('',(-1.054146171647E-32,6.630961875715E-34,-1.));
#409 = ORIENTED_EDGE('',*,*,#410,.F.);
#410 = EDGE_CURVE('',#387,#403,#411,.T.);
#411 = LINE('',#412,#413);
#412 = CARTESIAN_POINT('',(1.5,-4.285,0.95));
#413 = VECTOR('',#414,1.);
#414 = DIRECTION('',(3.135844300547E-31,-1.,0.));
#415 = FACE_BOUND('',#416,.T.);
#416 = EDGE_LOOP('',(#417,#427,#435,#443));
#417 = ORIENTED_EDGE('',*,*,#418,.F.);
#418 = EDGE_CURVE('',#419,#421,#423,.T.);
#419 = VERTEX_POINT('',#420);
#420 = CARTESIAN_POINT('',(1.5,-2.86,1.59));
#421 = VERTEX_POINT('',#422);
#422 = CARTESIAN_POINT('',(1.5,-2.22,1.59));
#423 = LINE('',#424,#425);
#424 = CARTESIAN_POINT('',(1.5,-3.015,1.59));
#425 = VECTOR('',#426,1.);
#426 = DIRECTION('',(-3.135844300547E-31,1.,-6.721016494415E-48));
#427 = ORIENTED_EDGE('',*,*,#428,.T.);
#428 = EDGE_CURVE('',#419,#429,#431,.T.);
#429 = VERTEX_POINT('',#430);
#430 = CARTESIAN_POINT('',(1.5,-2.86,0.95));
#431 = LINE('',#432,#433);
#432 = CARTESIAN_POINT('',(1.5,-2.86,0.924540133779));
#433 = VECTOR('',#434,1.);
#434 = DIRECTION('',(-1.054146171647E-32,6.630961875715E-34,-1.));
#435 = ORIENTED_EDGE('',*,*,#436,.F.);
#436 = EDGE_CURVE('',#437,#429,#439,.T.);
#437 = VERTEX_POINT('',#438);
#438 = CARTESIAN_POINT('',(1.5,-2.22,0.95));
#439 = LINE('',#440,#441);
#440 = CARTESIAN_POINT('',(1.5,-3.015,0.95));
#441 = VECTOR('',#442,1.);
#442 = DIRECTION('',(3.135844300547E-31,-1.,0.));
#443 = ORIENTED_EDGE('',*,*,#444,.F.);
#444 = EDGE_CURVE('',#421,#437,#445,.T.);
#445 = LINE('',#446,#447);
#446 = CARTESIAN_POINT('',(1.5,-2.22,0.924540133779));
#447 = VECTOR('',#448,1.);
#448 = DIRECTION('',(-1.054146171647E-32,6.630961875715E-34,-1.));
#449 = FACE_BOUND('',#450,.T.);
#450 = EDGE_LOOP('',(#451,#461,#469,#477));
#451 = ORIENTED_EDGE('',*,*,#452,.F.);
#452 = EDGE_CURVE('',#453,#455,#457,.T.);
#453 = VERTEX_POINT('',#454);
#454 = CARTESIAN_POINT('',(1.5,-0.32,1.59));
#455 = VERTEX_POINT('',#456);
#456 = CARTESIAN_POINT('',(1.5,0.32,1.59));
#457 = LINE('',#458,#459);
#458 = CARTESIAN_POINT('',(1.5,-1.745,1.59));
#459 = VECTOR('',#460,1.);
#460 = DIRECTION('',(-3.135844300547E-31,1.,-6.721016494415E-48));
#461 = ORIENTED_EDGE('',*,*,#462,.T.);
#462 = EDGE_CURVE('',#453,#463,#465,.T.);
#463 = VERTEX_POINT('',#464);
#464 = CARTESIAN_POINT('',(1.5,-0.32,0.95));
#465 = LINE('',#466,#467);
#466 = CARTESIAN_POINT('',(1.5,-0.32,0.924540133779));
#467 = VECTOR('',#468,1.);
#468 = DIRECTION('',(-1.054146171647E-32,6.630961875715E-34,-1.));
#469 = ORIENTED_EDGE('',*,*,#470,.F.);
#470 = EDGE_CURVE('',#471,#463,#473,.T.);
#471 = VERTEX_POINT('',#472);
#472 = CARTESIAN_POINT('',(1.5,0.32,0.95));
#473 = LINE('',#474,#475);
#474 = CARTESIAN_POINT('',(1.5,-1.745,0.95));
#475 = VECTOR('',#476,1.);
#476 = DIRECTION('',(3.135844300547E-31,-1.,0.));
#477 = ORIENTED_EDGE('',*,*,#478,.F.);
#478 = EDGE_CURVE('',#455,#471,#479,.T.);
#479 = LINE('',#480,#481);
#480 = CARTESIAN_POINT('',(1.5,0.32,0.924540133779));
#481 = VECTOR('',#482,1.);
#482 = DIRECTION('',(-1.054146171647E-32,6.630961875715E-34,-1.));
#483 = FACE_BOUND('',#484,.T.);
#484 = EDGE_LOOP('',(#485,#495,#503,#511));
#485 = ORIENTED_EDGE('',*,*,#486,.F.);
#486 = EDGE_CURVE('',#487,#489,#491,.T.);
#487 = VERTEX_POINT('',#488);
#488 = CARTESIAN_POINT('',(1.5,-7.94,1.59));
#489 = VERTEX_POINT('',#490);
#490 = CARTESIAN_POINT('',(1.5,-7.3,1.59));
#491 = LINE('',#492,#493);
#492 = CARTESIAN_POINT('',(1.5,-5.555,1.59));
#493 = VECTOR('',#494,1.);
#494 = DIRECTION('',(-3.135844300547E-31,1.,-6.721016494415E-48));
#495 = ORIENTED_EDGE('',*,*,#496,.T.);
#496 = EDGE_CURVE('',#487,#497,#499,.T.);
#497 = VERTEX_POINT('',#498);
#498 = CARTESIAN_POINT('',(1.5,-7.94,0.95));
#499 = LINE('',#500,#501);
#500 = CARTESIAN_POINT('',(1.5,-7.94,0.924540133779));
#501 = VECTOR('',#502,1.);
#502 = DIRECTION('',(-1.054146171647E-32,6.630961875715E-34,-1.));
#503 = ORIENTED_EDGE('',*,*,#504,.F.);
#504 = EDGE_CURVE('',#505,#497,#507,.T.);
#505 = VERTEX_POINT('',#506);
#506 = CARTESIAN_POINT('',(1.5,-7.3,0.95));
#507 = LINE('',#508,#509);
#508 = CARTESIAN_POINT('',(1.5,-5.555,0.95));
#509 = VECTOR('',#510,1.);
#510 = DIRECTION('',(3.135844300547E-31,-1.,0.));
#511 = ORIENTED_EDGE('',*,*,#512,.F.);
#512 = EDGE_CURVE('',#489,#505,#513,.T.);
#513 = LINE('',#514,#515);
#514 = CARTESIAN_POINT('',(1.5,-7.3,0.924540133779));
#515 = VECTOR('',#516,1.);
#516 = DIRECTION('',(-1.054146171647E-32,6.630961875715E-34,-1.));
#517 = PLANE('',#518);
#518 = AXIS2_PLACEMENT_3D('',#519,#520,#521);
#519 = CARTESIAN_POINT('',(1.5,-3.81,1.27));
#520 = DIRECTION('',(-1.,-3.135844300547E-31,1.054146171647E-32));
#521 = DIRECTION('',(3.135844300547E-31,-1.,0.));
#522 = ADVANCED_FACE('',(#523,#710,#744,#778,#812),#846,.F.);
#523 = FACE_BOUND('',#524,.F.);
#524 = EDGE_LOOP('',(#525,#526,#527,#535,#543,#551,#559,#567,#575,#583,
    #591,#599,#607,#615,#623,#631,#639,#647,#655,#663,#671,#679,#687,
    #695,#703,#709));
#525 = ORIENTED_EDGE('',*,*,#105,.T.);
#526 = ORIENTED_EDGE('',*,*,#167,.T.);
#527 = ORIENTED_EDGE('',*,*,#528,.T.);
#528 = EDGE_CURVE('',#168,#529,#531,.T.);
#529 = VERTEX_POINT('',#530);
#530 = CARTESIAN_POINT('',(4.04,-1.27,0.254));
#531 = LINE('',#532,#533);
#532 = CARTESIAN_POINT('',(4.04,-1.016,0.));
#533 = VECTOR('',#534,1.);
#534 = DIRECTION('',(0.,-0.707106781187,0.707106781187));
#535 = ORIENTED_EDGE('',*,*,#536,.T.);
#536 = EDGE_CURVE('',#529,#537,#539,.T.);
#537 = VERTEX_POINT('',#538);
#538 = CARTESIAN_POINT('',(4.04,-1.524,0.));
#539 = LINE('',#540,#541);
#540 = CARTESIAN_POINT('',(4.04,-1.27,0.254));
#541 = VECTOR('',#542,1.);
#542 = DIRECTION('',(0.,-0.707106781187,-0.707106781187));
#543 = ORIENTED_EDGE('',*,*,#544,.T.);
#544 = EDGE_CURVE('',#537,#545,#547,.T.);
#545 = VERTEX_POINT('',#546);
#546 = CARTESIAN_POINT('',(4.04,-3.556,0.));
#547 = LINE('',#548,#549);
#548 = CARTESIAN_POINT('',(4.04,-1.524,0.));
#549 = VECTOR('',#550,1.);
#550 = DIRECTION('',(0.,-1.,0.));
#551 = ORIENTED_EDGE('',*,*,#552,.T.);
#552 = EDGE_CURVE('',#545,#553,#555,.T.);
#553 = VERTEX_POINT('',#554);
#554 = CARTESIAN_POINT('',(4.04,-3.81,0.254));
#555 = LINE('',#556,#557);
#556 = CARTESIAN_POINT('',(4.04,-3.556,0.));
#557 = VECTOR('',#558,1.);
#558 = DIRECTION('',(0.,-0.707106781187,0.707106781187));
#559 = ORIENTED_EDGE('',*,*,#560,.T.);
#560 = EDGE_CURVE('',#553,#561,#563,.T.);
#561 = VERTEX_POINT('',#562);
#562 = CARTESIAN_POINT('',(4.04,-4.064,0.));
#563 = LINE('',#564,#565);
#564 = CARTESIAN_POINT('',(4.04,-3.81,0.254));
#565 = VECTOR('',#566,1.);
#566 = DIRECTION('',(0.,-0.707106781187,-0.707106781187));
#567 = ORIENTED_EDGE('',*,*,#568,.T.);
#568 = EDGE_CURVE('',#561,#569,#571,.T.);
#569 = VERTEX_POINT('',#570);
#570 = CARTESIAN_POINT('',(4.04,-6.096,0.));
#571 = LINE('',#572,#573);
#572 = CARTESIAN_POINT('',(4.04,-4.064,0.));
#573 = VECTOR('',#574,1.);
#574 = DIRECTION('',(0.,-1.,0.));
#575 = ORIENTED_EDGE('',*,*,#576,.T.);
#576 = EDGE_CURVE('',#569,#577,#579,.T.);
#577 = VERTEX_POINT('',#578);
#578 = CARTESIAN_POINT('',(4.04,-6.35,0.254));
#579 = LINE('',#580,#581);
#580 = CARTESIAN_POINT('',(4.04,-6.096,0.));
#581 = VECTOR('',#582,1.);
#582 = DIRECTION('',(0.,-0.707106781187,0.707106781187));
#583 = ORIENTED_EDGE('',*,*,#584,.T.);
#584 = EDGE_CURVE('',#577,#585,#587,.T.);
#585 = VERTEX_POINT('',#586);
#586 = CARTESIAN_POINT('',(4.04,-6.604,0.));
#587 = LINE('',#588,#589);
#588 = CARTESIAN_POINT('',(4.04,-6.35,0.254));
#589 = VECTOR('',#590,1.);
#590 = DIRECTION('',(0.,-0.707106781187,-0.707106781187));
#591 = ORIENTED_EDGE('',*,*,#592,.T.);
#592 = EDGE_CURVE('',#585,#593,#595,.T.);
#593 = VERTEX_POINT('',#594);
#594 = CARTESIAN_POINT('',(4.04,-8.636,0.));
#595 = LINE('',#596,#597);
#596 = CARTESIAN_POINT('',(4.04,-6.604,0.));
#597 = VECTOR('',#598,1.);
#598 = DIRECTION('',(0.,-1.,0.));
#599 = ORIENTED_EDGE('',*,*,#600,.T.);
#600 = EDGE_CURVE('',#593,#601,#603,.T.);
#601 = VERTEX_POINT('',#602);
#602 = CARTESIAN_POINT('',(4.04,-8.89,0.254));
#603 = LINE('',#604,#605);
#604 = CARTESIAN_POINT('',(4.04,-8.636,0.));
#605 = VECTOR('',#606,1.);
#606 = DIRECTION('',(0.,-0.707106781187,0.707106781187));
#607 = ORIENTED_EDGE('',*,*,#608,.T.);
#608 = EDGE_CURVE('',#601,#609,#611,.T.);
#609 = VERTEX_POINT('',#610);
#610 = CARTESIAN_POINT('',(4.04,-8.89,2.286));
#611 = LINE('',#612,#613);
#612 = CARTESIAN_POINT('',(4.04,-8.89,0.254));
#613 = VECTOR('',#614,1.);
#614 = DIRECTION('',(0.,0.,1.));
#615 = ORIENTED_EDGE('',*,*,#616,.T.);
#616 = EDGE_CURVE('',#609,#617,#619,.T.);
#617 = VERTEX_POINT('',#618);
#618 = CARTESIAN_POINT('',(4.04,-8.636,2.54));
#619 = LINE('',#620,#621);
#620 = CARTESIAN_POINT('',(4.04,-8.89,2.286));
#621 = VECTOR('',#622,1.);
#622 = DIRECTION('',(0.,0.707106781187,0.707106781187));
#623 = ORIENTED_EDGE('',*,*,#624,.T.);
#624 = EDGE_CURVE('',#617,#625,#627,.T.);
#625 = VERTEX_POINT('',#626);
#626 = CARTESIAN_POINT('',(4.04,-6.604,2.54));
#627 = LINE('',#628,#629);
#628 = CARTESIAN_POINT('',(4.04,-8.636,2.54));
#629 = VECTOR('',#630,1.);
#630 = DIRECTION('',(0.,1.,0.));
#631 = ORIENTED_EDGE('',*,*,#632,.T.);
#632 = EDGE_CURVE('',#625,#633,#635,.T.);
#633 = VERTEX_POINT('',#634);
#634 = CARTESIAN_POINT('',(4.04,-6.35,2.286));
#635 = LINE('',#636,#637);
#636 = CARTESIAN_POINT('',(4.04,-6.604,2.54));
#637 = VECTOR('',#638,1.);
#638 = DIRECTION('',(0.,0.707106781187,-0.707106781187));
#639 = ORIENTED_EDGE('',*,*,#640,.T.);
#640 = EDGE_CURVE('',#633,#641,#643,.T.);
#641 = VERTEX_POINT('',#642);
#642 = CARTESIAN_POINT('',(4.04,-6.096,2.54));
#643 = LINE('',#644,#645);
#644 = CARTESIAN_POINT('',(4.04,-6.35,2.286));
#645 = VECTOR('',#646,1.);
#646 = DIRECTION('',(0.,0.707106781187,0.707106781187));
#647 = ORIENTED_EDGE('',*,*,#648,.T.);
#648 = EDGE_CURVE('',#641,#649,#651,.T.);
#649 = VERTEX_POINT('',#650);
#650 = CARTESIAN_POINT('',(4.04,-4.064,2.54));
#651 = LINE('',#652,#653);
#652 = CARTESIAN_POINT('',(4.04,-6.096,2.54));
#653 = VECTOR('',#654,1.);
#654 = DIRECTION('',(0.,1.,0.));
#655 = ORIENTED_EDGE('',*,*,#656,.T.);
#656 = EDGE_CURVE('',#649,#657,#659,.T.);
#657 = VERTEX_POINT('',#658);
#658 = CARTESIAN_POINT('',(4.04,-3.81,2.286));
#659 = LINE('',#660,#661);
#660 = CARTESIAN_POINT('',(4.04,-4.064,2.54));
#661 = VECTOR('',#662,1.);
#662 = DIRECTION('',(0.,0.707106781187,-0.707106781187));
#663 = ORIENTED_EDGE('',*,*,#664,.T.);
#664 = EDGE_CURVE('',#657,#665,#667,.T.);
#665 = VERTEX_POINT('',#666);
#666 = CARTESIAN_POINT('',(4.04,-3.556,2.54));
#667 = LINE('',#668,#669);
#668 = CARTESIAN_POINT('',(4.04,-3.81,2.286));
#669 = VECTOR('',#670,1.);
#670 = DIRECTION('',(0.,0.707106781187,0.707106781187));
#671 = ORIENTED_EDGE('',*,*,#672,.T.);
#672 = EDGE_CURVE('',#665,#673,#675,.T.);
#673 = VERTEX_POINT('',#674);
#674 = CARTESIAN_POINT('',(4.04,-1.524,2.54));
#675 = LINE('',#676,#677);
#676 = CARTESIAN_POINT('',(4.04,-3.556,2.54));
#677 = VECTOR('',#678,1.);
#678 = DIRECTION('',(0.,1.,0.));
#679 = ORIENTED_EDGE('',*,*,#680,.T.);
#680 = EDGE_CURVE('',#673,#681,#683,.T.);
#681 = VERTEX_POINT('',#682);
#682 = CARTESIAN_POINT('',(4.04,-1.27,2.286));
#683 = LINE('',#684,#685);
#684 = CARTESIAN_POINT('',(4.04,-1.524,2.54));
#685 = VECTOR('',#686,1.);
#686 = DIRECTION('',(0.,0.707106781187,-0.707106781187));
#687 = ORIENTED_EDGE('',*,*,#688,.T.);
#688 = EDGE_CURVE('',#681,#689,#691,.T.);
#689 = VERTEX_POINT('',#690);
#690 = CARTESIAN_POINT('',(4.04,-1.016,2.54));
#691 = LINE('',#692,#693);
#692 = CARTESIAN_POINT('',(4.04,-1.27,2.286));
#693 = VECTOR('',#694,1.);
#694 = DIRECTION('',(0.,0.707106781187,0.707106781187));
#695 = ORIENTED_EDGE('',*,*,#696,.T.);
#696 = EDGE_CURVE('',#689,#697,#699,.T.);
#697 = VERTEX_POINT('',#698);
#698 = CARTESIAN_POINT('',(4.04,1.016,2.54));
#699 = LINE('',#700,#701);
#700 = CARTESIAN_POINT('',(4.04,-1.016,2.54));
#701 = VECTOR('',#702,1.);
#702 = DIRECTION('',(0.,1.,0.));
#703 = ORIENTED_EDGE('',*,*,#704,.T.);
#704 = EDGE_CURVE('',#697,#138,#705,.T.);
#705 = LINE('',#706,#707);
#706 = CARTESIAN_POINT('',(4.04,1.016,2.54));
#707 = VECTOR('',#708,1.);
#708 = DIRECTION('',(0.,0.707106781187,-0.707106781187));
#709 = ORIENTED_EDGE('',*,*,#145,.T.);
#710 = FACE_BOUND('',#711,.F.);
#711 = EDGE_LOOP('',(#712,#722,#730,#738));
#712 = ORIENTED_EDGE('',*,*,#713,.F.);
#713 = EDGE_CURVE('',#714,#716,#718,.T.);
#714 = VERTEX_POINT('',#715);
#715 = CARTESIAN_POINT('',(4.04,-4.76,1.59));
#716 = VERTEX_POINT('',#717);
#717 = CARTESIAN_POINT('',(4.04,-4.76,0.95));
#718 = LINE('',#719,#720);
#719 = CARTESIAN_POINT('',(4.04,-4.76,0.924540133779));
#720 = VECTOR('',#721,1.);
#721 = DIRECTION('',(-1.054146171647E-32,6.630961875715E-34,-1.));
#722 = ORIENTED_EDGE('',*,*,#723,.F.);
#723 = EDGE_CURVE('',#724,#714,#726,.T.);
#724 = VERTEX_POINT('',#725);
#725 = CARTESIAN_POINT('',(4.04,-5.4,1.59));
#726 = LINE('',#727,#728);
#727 = CARTESIAN_POINT('',(4.04,-4.285,1.59));
#728 = VECTOR('',#729,1.);
#729 = DIRECTION('',(-3.135844300547E-31,1.,-6.721016494415E-48));
#730 = ORIENTED_EDGE('',*,*,#731,.T.);
#731 = EDGE_CURVE('',#724,#732,#734,.T.);
#732 = VERTEX_POINT('',#733);
#733 = CARTESIAN_POINT('',(4.04,-5.4,0.95));
#734 = LINE('',#735,#736);
#735 = CARTESIAN_POINT('',(4.04,-5.4,0.924540133779));
#736 = VECTOR('',#737,1.);
#737 = DIRECTION('',(-1.054146171647E-32,6.630961875715E-34,-1.));
#738 = ORIENTED_EDGE('',*,*,#739,.F.);
#739 = EDGE_CURVE('',#716,#732,#740,.T.);
#740 = LINE('',#741,#742);
#741 = CARTESIAN_POINT('',(4.04,-4.285,0.95));
#742 = VECTOR('',#743,1.);
#743 = DIRECTION('',(3.135844300547E-31,-1.,0.));
#744 = FACE_BOUND('',#745,.F.);
#745 = EDGE_LOOP('',(#746,#756,#764,#772));
#746 = ORIENTED_EDGE('',*,*,#747,.F.);
#747 = EDGE_CURVE('',#748,#750,#752,.T.);
#748 = VERTEX_POINT('',#749);
#749 = CARTESIAN_POINT('',(4.04,-2.86,1.59));
#750 = VERTEX_POINT('',#751);
#751 = CARTESIAN_POINT('',(4.04,-2.22,1.59));
#752 = LINE('',#753,#754);
#753 = CARTESIAN_POINT('',(4.04,-3.015,1.59));
#754 = VECTOR('',#755,1.);
#755 = DIRECTION('',(-3.135844300547E-31,1.,-6.721016494415E-48));
#756 = ORIENTED_EDGE('',*,*,#757,.T.);
#757 = EDGE_CURVE('',#748,#758,#760,.T.);
#758 = VERTEX_POINT('',#759);
#759 = CARTESIAN_POINT('',(4.04,-2.86,0.95));
#760 = LINE('',#761,#762);
#761 = CARTESIAN_POINT('',(4.04,-2.86,0.924540133779));
#762 = VECTOR('',#763,1.);
#763 = DIRECTION('',(-1.054146171647E-32,6.630961875715E-34,-1.));
#764 = ORIENTED_EDGE('',*,*,#765,.F.);
#765 = EDGE_CURVE('',#766,#758,#768,.T.);
#766 = VERTEX_POINT('',#767);
#767 = CARTESIAN_POINT('',(4.04,-2.22,0.95));
#768 = LINE('',#769,#770);
#769 = CARTESIAN_POINT('',(4.04,-3.015,0.95));
#770 = VECTOR('',#771,1.);
#771 = DIRECTION('',(3.135844300547E-31,-1.,0.));
#772 = ORIENTED_EDGE('',*,*,#773,.F.);
#773 = EDGE_CURVE('',#750,#766,#774,.T.);
#774 = LINE('',#775,#776);
#775 = CARTESIAN_POINT('',(4.04,-2.22,0.924540133779));
#776 = VECTOR('',#777,1.);
#777 = DIRECTION('',(-1.054146171647E-32,6.630961875715E-34,-1.));
#778 = FACE_BOUND('',#779,.F.);
#779 = EDGE_LOOP('',(#780,#790,#798,#806));
#780 = ORIENTED_EDGE('',*,*,#781,.F.);
#781 = EDGE_CURVE('',#782,#784,#786,.T.);
#782 = VERTEX_POINT('',#783);
#783 = CARTESIAN_POINT('',(4.04,-0.32,1.59));
#784 = VERTEX_POINT('',#785);
#785 = CARTESIAN_POINT('',(4.04,0.32,1.59));
#786 = LINE('',#787,#788);
#787 = CARTESIAN_POINT('',(4.04,-1.745,1.59));
#788 = VECTOR('',#789,1.);
#789 = DIRECTION('',(-3.135844300547E-31,1.,-6.721016494415E-48));
#790 = ORIENTED_EDGE('',*,*,#791,.T.);
#791 = EDGE_CURVE('',#782,#792,#794,.T.);
#792 = VERTEX_POINT('',#793);
#793 = CARTESIAN_POINT('',(4.04,-0.32,0.95));
#794 = LINE('',#795,#796);
#795 = CARTESIAN_POINT('',(4.04,-0.32,0.924540133779));
#796 = VECTOR('',#797,1.);
#797 = DIRECTION('',(-1.054146171647E-32,6.630961875715E-34,-1.));
#798 = ORIENTED_EDGE('',*,*,#799,.F.);
#799 = EDGE_CURVE('',#800,#792,#802,.T.);
#800 = VERTEX_POINT('',#801);
#801 = CARTESIAN_POINT('',(4.04,0.32,0.95));
#802 = LINE('',#803,#804);
#803 = CARTESIAN_POINT('',(4.04,-1.745,0.95));
#804 = VECTOR('',#805,1.);
#805 = DIRECTION('',(3.135844300547E-31,-1.,0.));
#806 = ORIENTED_EDGE('',*,*,#807,.F.);
#807 = EDGE_CURVE('',#784,#800,#808,.T.);
#808 = LINE('',#809,#810);
#809 = CARTESIAN_POINT('',(4.04,0.32,0.924540133779));
#810 = VECTOR('',#811,1.);
#811 = DIRECTION('',(-1.054146171647E-32,6.630961875715E-34,-1.));
#812 = FACE_BOUND('',#813,.F.);
#813 = EDGE_LOOP('',(#814,#824,#832,#840));
#814 = ORIENTED_EDGE('',*,*,#815,.F.);
#815 = EDGE_CURVE('',#816,#818,#820,.T.);
#816 = VERTEX_POINT('',#817);
#817 = CARTESIAN_POINT('',(4.04,-7.94,1.59));
#818 = VERTEX_POINT('',#819);
#819 = CARTESIAN_POINT('',(4.04,-7.3,1.59));
#820 = LINE('',#821,#822);
#821 = CARTESIAN_POINT('',(4.04,-5.555,1.59));
#822 = VECTOR('',#823,1.);
#823 = DIRECTION('',(-3.135844300547E-31,1.,-6.721016494415E-48));
#824 = ORIENTED_EDGE('',*,*,#825,.T.);
#825 = EDGE_CURVE('',#816,#826,#828,.T.);
#826 = VERTEX_POINT('',#827);
#827 = CARTESIAN_POINT('',(4.04,-7.94,0.95));
#828 = LINE('',#829,#830);
#829 = CARTESIAN_POINT('',(4.04,-7.94,0.924540133779));
#830 = VECTOR('',#831,1.);
#831 = DIRECTION('',(-1.054146171647E-32,6.630961875715E-34,-1.));
#832 = ORIENTED_EDGE('',*,*,#833,.F.);
#833 = EDGE_CURVE('',#834,#826,#836,.T.);
#834 = VERTEX_POINT('',#835);
#835 = CARTESIAN_POINT('',(4.04,-7.3,0.95));
#836 = LINE('',#837,#838);
#837 = CARTESIAN_POINT('',(4.04,-5.555,0.95));
#838 = VECTOR('',#839,1.);
#839 = DIRECTION('',(3.135844300547E-31,-1.,0.));
#840 = ORIENTED_EDGE('',*,*,#841,.F.);
#841 = EDGE_CURVE('',#818,#834,#842,.T.);
#842 = LINE('',#843,#844);
#843 = CARTESIAN_POINT('',(4.04,-7.3,0.924540133779));
#844 = VECTOR('',#845,1.);
#845 = DIRECTION('',(-1.054146171647E-32,6.630961875715E-34,-1.));
#846 = PLANE('',#847);
#847 = AXIS2_PLACEMENT_3D('',#848,#849,#850);
#848 = CARTESIAN_POINT('',(4.04,-3.81,1.27));
#849 = DIRECTION('',(-1.,-3.135844300547E-31,1.054146171647E-32));
#850 = DIRECTION('',(3.135844300547E-31,-1.,0.));
#851 = ADVANCED_FACE('',(#852),#863,.T.);
#852 = FACE_BOUND('',#853,.T.);
#853 = EDGE_LOOP('',(#854,#860,#861,#862));
#854 = ORIENTED_EDGE('',*,*,#855,.T.);
#855 = EDGE_CURVE('',#368,#697,#856,.T.);
#856 = LINE('',#857,#858);
#857 = CARTESIAN_POINT('',(1.5,1.016,2.54));
#858 = VECTOR('',#859,1.);
#859 = DIRECTION('',(1.,0.,0.));
#860 = ORIENTED_EDGE('',*,*,#704,.T.);
#861 = ORIENTED_EDGE('',*,*,#135,.F.);
#862 = ORIENTED_EDGE('',*,*,#375,.F.);
#863 = PLANE('',#864);
#864 = AXIS2_PLACEMENT_3D('',#865,#866,#867);
#865 = CARTESIAN_POINT('',(1.5,1.016,2.54));
#866 = DIRECTION('',(0.,0.707106781187,0.707106781187));
#867 = DIRECTION('',(0.,0.707106781187,-0.707106781187));
#868 = ADVANCED_FACE('',(#869),#880,.T.);
#869 = FACE_BOUND('',#870,.T.);
#870 = EDGE_LOOP('',(#871,#872,#873,#879));
#871 = ORIENTED_EDGE('',*,*,#175,.T.);
#872 = ORIENTED_EDGE('',*,*,#528,.T.);
#873 = ORIENTED_EDGE('',*,*,#874,.F.);
#874 = EDGE_CURVE('',#200,#529,#875,.T.);
#875 = LINE('',#876,#877);
#876 = CARTESIAN_POINT('',(1.5,-1.27,0.254));
#877 = VECTOR('',#878,1.);
#878 = DIRECTION('',(1.,0.,0.));
#879 = ORIENTED_EDGE('',*,*,#199,.F.);
#880 = PLANE('',#881);
#881 = AXIS2_PLACEMENT_3D('',#882,#883,#884);
#882 = CARTESIAN_POINT('',(1.5,-1.016,0.));
#883 = DIRECTION('',(-0.,-0.707106781187,-0.707106781187));
#884 = DIRECTION('',(0.,-0.707106781187,0.707106781187));
#885 = ADVANCED_FACE('',(#886),#897,.T.);
#886 = FACE_BOUND('',#887,.T.);
#887 = EDGE_LOOP('',(#888,#894,#895,#896));
#888 = ORIENTED_EDGE('',*,*,#889,.T.);
#889 = EDGE_CURVE('',#360,#689,#890,.T.);
#890 = LINE('',#891,#892);
#891 = CARTESIAN_POINT('',(1.5,-1.016,2.54));
#892 = VECTOR('',#893,1.);
#893 = DIRECTION('',(1.,0.,0.));
#894 = ORIENTED_EDGE('',*,*,#696,.T.);
#895 = ORIENTED_EDGE('',*,*,#855,.F.);
#896 = ORIENTED_EDGE('',*,*,#367,.F.);
#897 = PLANE('',#898);
#898 = AXIS2_PLACEMENT_3D('',#899,#900,#901);
#899 = CARTESIAN_POINT('',(1.5,-1.016,2.54));
#900 = DIRECTION('',(0.,0.,1.));
#901 = DIRECTION('',(0.,1.,0.));
#902 = ADVANCED_FACE('',(#903),#914,.T.);
#903 = FACE_BOUND('',#904,.T.);
#904 = EDGE_LOOP('',(#905,#906,#907,#913));
#905 = ORIENTED_EDGE('',*,*,#874,.T.);
#906 = ORIENTED_EDGE('',*,*,#536,.T.);
#907 = ORIENTED_EDGE('',*,*,#908,.F.);
#908 = EDGE_CURVE('',#208,#537,#909,.T.);
#909 = LINE('',#910,#911);
#910 = CARTESIAN_POINT('',(1.5,-1.524,0.));
#911 = VECTOR('',#912,1.);
#912 = DIRECTION('',(1.,0.,0.));
#913 = ORIENTED_EDGE('',*,*,#207,.F.);
#914 = PLANE('',#915);
#915 = AXIS2_PLACEMENT_3D('',#916,#917,#918);
#916 = CARTESIAN_POINT('',(1.5,-1.27,0.254));
#917 = DIRECTION('',(0.,0.707106781187,-0.707106781187));
#918 = DIRECTION('',(0.,-0.707106781187,-0.707106781187));
#919 = ADVANCED_FACE('',(#920),#931,.T.);
#920 = FACE_BOUND('',#921,.T.);
#921 = EDGE_LOOP('',(#922,#928,#929,#930));
#922 = ORIENTED_EDGE('',*,*,#923,.T.);
#923 = EDGE_CURVE('',#352,#681,#924,.T.);
#924 = LINE('',#925,#926);
#925 = CARTESIAN_POINT('',(1.5,-1.27,2.286));
#926 = VECTOR('',#927,1.);
#927 = DIRECTION('',(1.,0.,0.));
#928 = ORIENTED_EDGE('',*,*,#688,.T.);
#929 = ORIENTED_EDGE('',*,*,#889,.F.);
#930 = ORIENTED_EDGE('',*,*,#359,.F.);
#931 = PLANE('',#932);
#932 = AXIS2_PLACEMENT_3D('',#933,#934,#935);
#933 = CARTESIAN_POINT('',(1.5,-1.27,2.286));
#934 = DIRECTION('',(0.,-0.707106781187,0.707106781187));
#935 = DIRECTION('',(0.,0.707106781187,0.707106781187));
#936 = ADVANCED_FACE('',(#937),#948,.T.);
#937 = FACE_BOUND('',#938,.T.);
#938 = EDGE_LOOP('',(#939,#940,#941,#947));
#939 = ORIENTED_EDGE('',*,*,#908,.T.);
#940 = ORIENTED_EDGE('',*,*,#544,.T.);
#941 = ORIENTED_EDGE('',*,*,#942,.F.);
#942 = EDGE_CURVE('',#216,#545,#943,.T.);
#943 = LINE('',#944,#945);
#944 = CARTESIAN_POINT('',(1.5,-3.556,0.));
#945 = VECTOR('',#946,1.);
#946 = DIRECTION('',(1.,0.,0.));
#947 = ORIENTED_EDGE('',*,*,#215,.F.);
#948 = PLANE('',#949);
#949 = AXIS2_PLACEMENT_3D('',#950,#951,#952);
#950 = CARTESIAN_POINT('',(1.5,-1.524,0.));
#951 = DIRECTION('',(-0.,-0.,-1.));
#952 = DIRECTION('',(0.,-1.,0.));
#953 = ADVANCED_FACE('',(#954),#965,.T.);
#954 = FACE_BOUND('',#955,.T.);
#955 = EDGE_LOOP('',(#956,#962,#963,#964));
#956 = ORIENTED_EDGE('',*,*,#957,.T.);
#957 = EDGE_CURVE('',#344,#673,#958,.T.);
#958 = LINE('',#959,#960);
#959 = CARTESIAN_POINT('',(1.5,-1.524,2.54));
#960 = VECTOR('',#961,1.);
#961 = DIRECTION('',(1.,0.,0.));
#962 = ORIENTED_EDGE('',*,*,#680,.T.);
#963 = ORIENTED_EDGE('',*,*,#923,.F.);
#964 = ORIENTED_EDGE('',*,*,#351,.F.);
#965 = PLANE('',#966);
#966 = AXIS2_PLACEMENT_3D('',#967,#968,#969);
#967 = CARTESIAN_POINT('',(1.5,-1.524,2.54));
#968 = DIRECTION('',(0.,0.707106781187,0.707106781187));
#969 = DIRECTION('',(0.,0.707106781187,-0.707106781187));
#970 = ADVANCED_FACE('',(#971),#982,.T.);
#971 = FACE_BOUND('',#972,.T.);
#972 = EDGE_LOOP('',(#973,#974,#975,#981));
#973 = ORIENTED_EDGE('',*,*,#942,.T.);
#974 = ORIENTED_EDGE('',*,*,#552,.T.);
#975 = ORIENTED_EDGE('',*,*,#976,.F.);
#976 = EDGE_CURVE('',#224,#553,#977,.T.);
#977 = LINE('',#978,#979);
#978 = CARTESIAN_POINT('',(1.5,-3.81,0.254));
#979 = VECTOR('',#980,1.);
#980 = DIRECTION('',(1.,0.,0.));
#981 = ORIENTED_EDGE('',*,*,#223,.F.);
#982 = PLANE('',#983);
#983 = AXIS2_PLACEMENT_3D('',#984,#985,#986);
#984 = CARTESIAN_POINT('',(1.5,-3.556,0.));
#985 = DIRECTION('',(-0.,-0.707106781187,-0.707106781187));
#986 = DIRECTION('',(0.,-0.707106781187,0.707106781187));
#987 = ADVANCED_FACE('',(#988),#999,.T.);
#988 = FACE_BOUND('',#989,.T.);
#989 = EDGE_LOOP('',(#990,#996,#997,#998));
#990 = ORIENTED_EDGE('',*,*,#991,.T.);
#991 = EDGE_CURVE('',#336,#665,#992,.T.);
#992 = LINE('',#993,#994);
#993 = CARTESIAN_POINT('',(1.5,-3.556,2.54));
#994 = VECTOR('',#995,1.);
#995 = DIRECTION('',(1.,0.,0.));
#996 = ORIENTED_EDGE('',*,*,#672,.T.);
#997 = ORIENTED_EDGE('',*,*,#957,.F.);
#998 = ORIENTED_EDGE('',*,*,#343,.F.);
#999 = PLANE('',#1000);
#1000 = AXIS2_PLACEMENT_3D('',#1001,#1002,#1003);
#1001 = CARTESIAN_POINT('',(1.5,-3.556,2.54));
#1002 = DIRECTION('',(0.,0.,1.));
#1003 = DIRECTION('',(0.,1.,0.));
#1004 = ADVANCED_FACE('',(#1005),#1016,.T.);
#1005 = FACE_BOUND('',#1006,.T.);
#1006 = EDGE_LOOP('',(#1007,#1008,#1009,#1015));
#1007 = ORIENTED_EDGE('',*,*,#976,.T.);
#1008 = ORIENTED_EDGE('',*,*,#560,.T.);
#1009 = ORIENTED_EDGE('',*,*,#1010,.F.);
#1010 = EDGE_CURVE('',#232,#561,#1011,.T.);
#1011 = LINE('',#1012,#1013);
#1012 = CARTESIAN_POINT('',(1.5,-4.064,0.));
#1013 = VECTOR('',#1014,1.);
#1014 = DIRECTION('',(1.,0.,0.));
#1015 = ORIENTED_EDGE('',*,*,#231,.F.);
#1016 = PLANE('',#1017);
#1017 = AXIS2_PLACEMENT_3D('',#1018,#1019,#1020);
#1018 = CARTESIAN_POINT('',(1.5,-3.81,0.254));
#1019 = DIRECTION('',(0.,0.707106781187,-0.707106781187));
#1020 = DIRECTION('',(0.,-0.707106781187,-0.707106781187));
#1021 = ADVANCED_FACE('',(#1022),#1033,.T.);
#1022 = FACE_BOUND('',#1023,.T.);
#1023 = EDGE_LOOP('',(#1024,#1030,#1031,#1032));
#1024 = ORIENTED_EDGE('',*,*,#1025,.T.);
#1025 = EDGE_CURVE('',#328,#657,#1026,.T.);
#1026 = LINE('',#1027,#1028);
#1027 = CARTESIAN_POINT('',(1.5,-3.81,2.286));
#1028 = VECTOR('',#1029,1.);
#1029 = DIRECTION('',(1.,0.,0.));
#1030 = ORIENTED_EDGE('',*,*,#664,.T.);
#1031 = ORIENTED_EDGE('',*,*,#991,.F.);
#1032 = ORIENTED_EDGE('',*,*,#335,.F.);
#1033 = PLANE('',#1034);
#1034 = AXIS2_PLACEMENT_3D('',#1035,#1036,#1037);
#1035 = CARTESIAN_POINT('',(1.5,-3.81,2.286));
#1036 = DIRECTION('',(0.,-0.707106781187,0.707106781187));
#1037 = DIRECTION('',(0.,0.707106781187,0.707106781187));
#1038 = ADVANCED_FACE('',(#1039),#1050,.T.);
#1039 = FACE_BOUND('',#1040,.T.);
#1040 = EDGE_LOOP('',(#1041,#1042,#1043,#1049));
#1041 = ORIENTED_EDGE('',*,*,#1010,.T.);
#1042 = ORIENTED_EDGE('',*,*,#568,.T.);
#1043 = ORIENTED_EDGE('',*,*,#1044,.F.);
#1044 = EDGE_CURVE('',#240,#569,#1045,.T.);
#1045 = LINE('',#1046,#1047);
#1046 = CARTESIAN_POINT('',(1.5,-6.096,0.));
#1047 = VECTOR('',#1048,1.);
#1048 = DIRECTION('',(1.,0.,0.));
#1049 = ORIENTED_EDGE('',*,*,#239,.F.);
#1050 = PLANE('',#1051);
#1051 = AXIS2_PLACEMENT_3D('',#1052,#1053,#1054);
#1052 = CARTESIAN_POINT('',(1.5,-4.064,0.));
#1053 = DIRECTION('',(-0.,-0.,-1.));
#1054 = DIRECTION('',(0.,-1.,0.));
#1055 = ADVANCED_FACE('',(#1056),#1067,.T.);
#1056 = FACE_BOUND('',#1057,.T.);
#1057 = EDGE_LOOP('',(#1058,#1064,#1065,#1066));
#1058 = ORIENTED_EDGE('',*,*,#1059,.T.);
#1059 = EDGE_CURVE('',#320,#649,#1060,.T.);
#1060 = LINE('',#1061,#1062);
#1061 = CARTESIAN_POINT('',(1.5,-4.064,2.54));
#1062 = VECTOR('',#1063,1.);
#1063 = DIRECTION('',(1.,0.,0.));
#1064 = ORIENTED_EDGE('',*,*,#656,.T.);
#1065 = ORIENTED_EDGE('',*,*,#1025,.F.);
#1066 = ORIENTED_EDGE('',*,*,#327,.F.);
#1067 = PLANE('',#1068);
#1068 = AXIS2_PLACEMENT_3D('',#1069,#1070,#1071);
#1069 = CARTESIAN_POINT('',(1.5,-4.064,2.54));
#1070 = DIRECTION('',(0.,0.707106781187,0.707106781187));
#1071 = DIRECTION('',(0.,0.707106781187,-0.707106781187));
#1072 = ADVANCED_FACE('',(#1073),#1084,.T.);
#1073 = FACE_BOUND('',#1074,.T.);
#1074 = EDGE_LOOP('',(#1075,#1076,#1077,#1083));
#1075 = ORIENTED_EDGE('',*,*,#1044,.T.);
#1076 = ORIENTED_EDGE('',*,*,#576,.T.);
#1077 = ORIENTED_EDGE('',*,*,#1078,.F.);
#1078 = EDGE_CURVE('',#248,#577,#1079,.T.);
#1079 = LINE('',#1080,#1081);
#1080 = CARTESIAN_POINT('',(1.5,-6.35,0.254));
#1081 = VECTOR('',#1082,1.);
#1082 = DIRECTION('',(1.,0.,0.));
#1083 = ORIENTED_EDGE('',*,*,#247,.F.);
#1084 = PLANE('',#1085);
#1085 = AXIS2_PLACEMENT_3D('',#1086,#1087,#1088);
#1086 = CARTESIAN_POINT('',(1.5,-6.096,0.));
#1087 = DIRECTION('',(-0.,-0.707106781187,-0.707106781187));
#1088 = DIRECTION('',(0.,-0.707106781187,0.707106781187));
#1089 = ADVANCED_FACE('',(#1090),#1101,.T.);
#1090 = FACE_BOUND('',#1091,.T.);
#1091 = EDGE_LOOP('',(#1092,#1098,#1099,#1100));
#1092 = ORIENTED_EDGE('',*,*,#1093,.T.);
#1093 = EDGE_CURVE('',#312,#641,#1094,.T.);
#1094 = LINE('',#1095,#1096);
#1095 = CARTESIAN_POINT('',(1.5,-6.096,2.54));
#1096 = VECTOR('',#1097,1.);
#1097 = DIRECTION('',(1.,0.,0.));
#1098 = ORIENTED_EDGE('',*,*,#648,.T.);
#1099 = ORIENTED_EDGE('',*,*,#1059,.F.);
#1100 = ORIENTED_EDGE('',*,*,#319,.F.);
#1101 = PLANE('',#1102);
#1102 = AXIS2_PLACEMENT_3D('',#1103,#1104,#1105);
#1103 = CARTESIAN_POINT('',(1.5,-6.096,2.54));
#1104 = DIRECTION('',(0.,0.,1.));
#1105 = DIRECTION('',(0.,1.,0.));
#1106 = ADVANCED_FACE('',(#1107),#1118,.T.);
#1107 = FACE_BOUND('',#1108,.T.);
#1108 = EDGE_LOOP('',(#1109,#1110,#1111,#1117));
#1109 = ORIENTED_EDGE('',*,*,#1078,.T.);
#1110 = ORIENTED_EDGE('',*,*,#584,.T.);
#1111 = ORIENTED_EDGE('',*,*,#1112,.F.);
#1112 = EDGE_CURVE('',#256,#585,#1113,.T.);
#1113 = LINE('',#1114,#1115);
#1114 = CARTESIAN_POINT('',(1.5,-6.604,0.));
#1115 = VECTOR('',#1116,1.);
#1116 = DIRECTION('',(1.,0.,0.));
#1117 = ORIENTED_EDGE('',*,*,#255,.F.);
#1118 = PLANE('',#1119);
#1119 = AXIS2_PLACEMENT_3D('',#1120,#1121,#1122);
#1120 = CARTESIAN_POINT('',(1.5,-6.35,0.254));
#1121 = DIRECTION('',(0.,0.707106781187,-0.707106781187));
#1122 = DIRECTION('',(0.,-0.707106781187,-0.707106781187));
#1123 = ADVANCED_FACE('',(#1124),#1135,.T.);
#1124 = FACE_BOUND('',#1125,.T.);
#1125 = EDGE_LOOP('',(#1126,#1132,#1133,#1134));
#1126 = ORIENTED_EDGE('',*,*,#1127,.T.);
#1127 = EDGE_CURVE('',#304,#633,#1128,.T.);
#1128 = LINE('',#1129,#1130);
#1129 = CARTESIAN_POINT('',(1.5,-6.35,2.286));
#1130 = VECTOR('',#1131,1.);
#1131 = DIRECTION('',(1.,0.,0.));
#1132 = ORIENTED_EDGE('',*,*,#640,.T.);
#1133 = ORIENTED_EDGE('',*,*,#1093,.F.);
#1134 = ORIENTED_EDGE('',*,*,#311,.F.);
#1135 = PLANE('',#1136);
#1136 = AXIS2_PLACEMENT_3D('',#1137,#1138,#1139);
#1137 = CARTESIAN_POINT('',(1.5,-6.35,2.286));
#1138 = DIRECTION('',(0.,-0.707106781187,0.707106781187));
#1139 = DIRECTION('',(0.,0.707106781187,0.707106781187));
#1140 = ADVANCED_FACE('',(#1141),#1152,.T.);
#1141 = FACE_BOUND('',#1142,.T.);
#1142 = EDGE_LOOP('',(#1143,#1144,#1145,#1151));
#1143 = ORIENTED_EDGE('',*,*,#1112,.T.);
#1144 = ORIENTED_EDGE('',*,*,#592,.T.);
#1145 = ORIENTED_EDGE('',*,*,#1146,.F.);
#1146 = EDGE_CURVE('',#264,#593,#1147,.T.);
#1147 = LINE('',#1148,#1149);
#1148 = CARTESIAN_POINT('',(1.5,-8.636,0.));
#1149 = VECTOR('',#1150,1.);
#1150 = DIRECTION('',(1.,0.,0.));
#1151 = ORIENTED_EDGE('',*,*,#263,.F.);
#1152 = PLANE('',#1153);
#1153 = AXIS2_PLACEMENT_3D('',#1154,#1155,#1156);
#1154 = CARTESIAN_POINT('',(1.5,-6.604,0.));
#1155 = DIRECTION('',(-0.,-0.,-1.));
#1156 = DIRECTION('',(0.,-1.,0.));
#1157 = ADVANCED_FACE('',(#1158),#1169,.T.);
#1158 = FACE_BOUND('',#1159,.T.);
#1159 = EDGE_LOOP('',(#1160,#1166,#1167,#1168));
#1160 = ORIENTED_EDGE('',*,*,#1161,.T.);
#1161 = EDGE_CURVE('',#296,#625,#1162,.T.);
#1162 = LINE('',#1163,#1164);
#1163 = CARTESIAN_POINT('',(1.5,-6.604,2.54));
#1164 = VECTOR('',#1165,1.);
#1165 = DIRECTION('',(1.,0.,0.));
#1166 = ORIENTED_EDGE('',*,*,#632,.T.);
#1167 = ORIENTED_EDGE('',*,*,#1127,.F.);
#1168 = ORIENTED_EDGE('',*,*,#303,.F.);
#1169 = PLANE('',#1170);
#1170 = AXIS2_PLACEMENT_3D('',#1171,#1172,#1173);
#1171 = CARTESIAN_POINT('',(1.5,-6.604,2.54));
#1172 = DIRECTION('',(0.,0.707106781187,0.707106781187));
#1173 = DIRECTION('',(0.,0.707106781187,-0.707106781187));
#1174 = ADVANCED_FACE('',(#1175),#1186,.T.);
#1175 = FACE_BOUND('',#1176,.T.);
#1176 = EDGE_LOOP('',(#1177,#1178,#1179,#1185));
#1177 = ORIENTED_EDGE('',*,*,#1146,.T.);
#1178 = ORIENTED_EDGE('',*,*,#600,.T.);
#1179 = ORIENTED_EDGE('',*,*,#1180,.F.);
#1180 = EDGE_CURVE('',#272,#601,#1181,.T.);
#1181 = LINE('',#1182,#1183);
#1182 = CARTESIAN_POINT('',(1.5,-8.89,0.254));
#1183 = VECTOR('',#1184,1.);
#1184 = DIRECTION('',(1.,0.,0.));
#1185 = ORIENTED_EDGE('',*,*,#271,.F.);
#1186 = PLANE('',#1187);
#1187 = AXIS2_PLACEMENT_3D('',#1188,#1189,#1190);
#1188 = CARTESIAN_POINT('',(1.5,-8.636,0.));
#1189 = DIRECTION('',(-0.,-0.707106781187,-0.707106781187));
#1190 = DIRECTION('',(0.,-0.707106781187,0.707106781187));
#1191 = ADVANCED_FACE('',(#1192),#1203,.T.);
#1192 = FACE_BOUND('',#1193,.T.);
#1193 = EDGE_LOOP('',(#1194,#1200,#1201,#1202));
#1194 = ORIENTED_EDGE('',*,*,#1195,.T.);
#1195 = EDGE_CURVE('',#288,#617,#1196,.T.);
#1196 = LINE('',#1197,#1198);
#1197 = CARTESIAN_POINT('',(1.5,-8.636,2.54));
#1198 = VECTOR('',#1199,1.);
#1199 = DIRECTION('',(1.,0.,0.));
#1200 = ORIENTED_EDGE('',*,*,#624,.T.);
#1201 = ORIENTED_EDGE('',*,*,#1161,.F.);
#1202 = ORIENTED_EDGE('',*,*,#295,.F.);
#1203 = PLANE('',#1204);
#1204 = AXIS2_PLACEMENT_3D('',#1205,#1206,#1207);
#1205 = CARTESIAN_POINT('',(1.5,-8.636,2.54));
#1206 = DIRECTION('',(0.,0.,1.));
#1207 = DIRECTION('',(0.,1.,0.));
#1208 = ADVANCED_FACE('',(#1209),#1220,.T.);
#1209 = FACE_BOUND('',#1210,.T.);
#1210 = EDGE_LOOP('',(#1211,#1212,#1213,#1219));
#1211 = ORIENTED_EDGE('',*,*,#1180,.T.);
#1212 = ORIENTED_EDGE('',*,*,#608,.T.);
#1213 = ORIENTED_EDGE('',*,*,#1214,.F.);
#1214 = EDGE_CURVE('',#280,#609,#1215,.T.);
#1215 = LINE('',#1216,#1217);
#1216 = CARTESIAN_POINT('',(1.5,-8.89,2.286));
#1217 = VECTOR('',#1218,1.);
#1218 = DIRECTION('',(1.,0.,0.));
#1219 = ORIENTED_EDGE('',*,*,#279,.F.);
#1220 = PLANE('',#1221);
#1221 = AXIS2_PLACEMENT_3D('',#1222,#1223,#1224);
#1222 = CARTESIAN_POINT('',(1.5,-8.89,0.254));
#1223 = DIRECTION('',(0.,-1.,0.));
#1224 = DIRECTION('',(0.,0.,1.));
#1225 = ADVANCED_FACE('',(#1226),#1232,.T.);
#1226 = FACE_BOUND('',#1227,.T.);
#1227 = EDGE_LOOP('',(#1228,#1229,#1230,#1231));
#1228 = ORIENTED_EDGE('',*,*,#1214,.T.);
#1229 = ORIENTED_EDGE('',*,*,#616,.T.);
#1230 = ORIENTED_EDGE('',*,*,#1195,.F.);
#1231 = ORIENTED_EDGE('',*,*,#287,.F.);
#1232 = PLANE('',#1233);
#1233 = AXIS2_PLACEMENT_3D('',#1234,#1235,#1236);
#1234 = CARTESIAN_POINT('',(1.5,-8.89,2.286));
#1235 = DIRECTION('',(0.,-0.707106781187,0.707106781187));
#1236 = DIRECTION('',(0.,0.707106781187,0.707106781187));
#1237 = ADVANCED_FACE('',(#1238),#1288,.T.);
#1238 = FACE_BOUND('',#1239,.T.);
#1239 = EDGE_LOOP('',(#1240,#1251,#1257,#1258,#1266,#1274,#1282));
#1240 = ORIENTED_EDGE('',*,*,#1241,.T.);
#1241 = EDGE_CURVE('',#1242,#1244,#1246,.T.);
#1242 = VERTEX_POINT('',#1243);
#1243 = CARTESIAN_POINT('',(-0.32,-4.76,0.95));
#1244 = VERTEX_POINT('',#1245);
#1245 = CARTESIAN_POINT('',(0.32,-4.76,1.59));
#1246 = CIRCLE('',#1247,0.64);
#1247 = AXIS2_PLACEMENT_3D('',#1248,#1249,#1250);
#1248 = CARTESIAN_POINT('',(0.32,-4.76,0.95));
#1249 = DIRECTION('',(0.,1.,0.));
#1250 = DIRECTION('',(0.,0.,-1.));
#1251 = ORIENTED_EDGE('',*,*,#1252,.T.);
#1252 = EDGE_CURVE('',#1244,#385,#1253,.T.);
#1253 = LINE('',#1254,#1255);
#1254 = CARTESIAN_POINT('',(-0.32,-4.76,1.59));
#1255 = VECTOR('',#1256,1.);
#1256 = DIRECTION('',(1.,0.,2.143287692327E-17));
#1257 = ORIENTED_EDGE('',*,*,#384,.T.);
#1258 = ORIENTED_EDGE('',*,*,#1259,.T.);
#1259 = EDGE_CURVE('',#387,#1260,#1262,.T.);
#1260 = VERTEX_POINT('',#1261);
#1261 = CARTESIAN_POINT('',(0.32,-4.76,0.95));
#1262 = LINE('',#1263,#1264);
#1263 = CARTESIAN_POINT('',(10.04,-4.76,0.95));
#1264 = VECTOR('',#1265,1.);
#1265 = DIRECTION('',(-1.,0.,0.));
#1266 = ORIENTED_EDGE('',*,*,#1267,.T.);
#1267 = EDGE_CURVE('',#1260,#1268,#1270,.T.);
#1268 = VERTEX_POINT('',#1269);
#1269 = CARTESIAN_POINT('',(0.32,-4.76,-2.84));
#1270 = LINE('',#1271,#1272);
#1271 = CARTESIAN_POINT('',(0.32,-4.76,0.95));
#1272 = VECTOR('',#1273,1.);
#1273 = DIRECTION('',(0.,0.,-1.));
#1274 = ORIENTED_EDGE('',*,*,#1275,.T.);
#1275 = EDGE_CURVE('',#1268,#1276,#1278,.T.);
#1276 = VERTEX_POINT('',#1277);
#1277 = CARTESIAN_POINT('',(-0.32,-4.76,-2.84));
#1278 = LINE('',#1279,#1280);
#1279 = CARTESIAN_POINT('',(0.32,-4.76,-2.84));
#1280 = VECTOR('',#1281,1.);
#1281 = DIRECTION('',(-1.,0.,0.));
#1282 = ORIENTED_EDGE('',*,*,#1283,.T.);
#1283 = EDGE_CURVE('',#1276,#1242,#1284,.T.);
#1284 = LINE('',#1285,#1286);
#1285 = CARTESIAN_POINT('',(-0.32,-4.76,-3.));
#1286 = VECTOR('',#1287,1.);
#1287 = DIRECTION('',(0.,0.,1.));
#1288 = PLANE('',#1289);
#1289 = AXIS2_PLACEMENT_3D('',#1290,#1291,#1292);
#1290 = CARTESIAN_POINT('',(3.575919732441,-4.76,0.579080267559));
#1291 = DIRECTION('',(1.030170245606E-33,1.,6.630961875715E-34));
#1292 = DIRECTION('',(1.,-1.030170245606E-33,0.));
#1293 = ADVANCED_FACE('',(#1294),#1312,.T.);
#1294 = FACE_BOUND('',#1295,.T.);
#1295 = EDGE_LOOP('',(#1296,#1297,#1298,#1306));
#1296 = ORIENTED_EDGE('',*,*,#1259,.F.);
#1297 = ORIENTED_EDGE('',*,*,#410,.T.);
#1298 = ORIENTED_EDGE('',*,*,#1299,.T.);
#1299 = EDGE_CURVE('',#403,#1300,#1302,.T.);
#1300 = VERTEX_POINT('',#1301);
#1301 = CARTESIAN_POINT('',(0.32,-5.4,0.95));
#1302 = LINE('',#1303,#1304);
#1303 = CARTESIAN_POINT('',(10.04,-5.4,0.95));
#1304 = VECTOR('',#1305,1.);
#1305 = DIRECTION('',(-1.,0.,0.));
#1306 = ORIENTED_EDGE('',*,*,#1307,.F.);
#1307 = EDGE_CURVE('',#1260,#1300,#1308,.T.);
#1308 = LINE('',#1309,#1310);
#1309 = CARTESIAN_POINT('',(0.32,-4.76,0.95));
#1310 = VECTOR('',#1311,1.);
#1311 = DIRECTION('',(0.,-1.,0.));
#1312 = PLANE('',#1313);
#1313 = AXIS2_PLACEMENT_3D('',#1314,#1315,#1316);
#1314 = CARTESIAN_POINT('',(10.04,-4.76,0.95));
#1315 = DIRECTION('',(-0.,-0.,-1.));
#1316 = DIRECTION('',(-1.,0.,0.));
#1317 = ADVANCED_FACE('',(#1318),#1361,.F.);
#1318 = FACE_BOUND('',#1319,.F.);
#1319 = EDGE_LOOP('',(#1320,#1331,#1337,#1338,#1339,#1347,#1355));
#1320 = ORIENTED_EDGE('',*,*,#1321,.T.);
#1321 = EDGE_CURVE('',#1322,#1324,#1326,.T.);
#1322 = VERTEX_POINT('',#1323);
#1323 = CARTESIAN_POINT('',(-0.32,-5.4,0.95));
#1324 = VERTEX_POINT('',#1325);
#1325 = CARTESIAN_POINT('',(0.32,-5.4,1.59));
#1326 = CIRCLE('',#1327,0.64);
#1327 = AXIS2_PLACEMENT_3D('',#1328,#1329,#1330);
#1328 = CARTESIAN_POINT('',(0.32,-5.4,0.95));
#1329 = DIRECTION('',(0.,1.,0.));
#1330 = DIRECTION('',(0.,0.,-1.));
#1331 = ORIENTED_EDGE('',*,*,#1332,.T.);
#1332 = EDGE_CURVE('',#1324,#395,#1333,.T.);
#1333 = LINE('',#1334,#1335);
#1334 = CARTESIAN_POINT('',(-0.32,-5.4,1.59));
#1335 = VECTOR('',#1336,1.);
#1336 = DIRECTION('',(1.,0.,2.143287692327E-17));
#1337 = ORIENTED_EDGE('',*,*,#402,.T.);
#1338 = ORIENTED_EDGE('',*,*,#1299,.T.);
#1339 = ORIENTED_EDGE('',*,*,#1340,.T.);
#1340 = EDGE_CURVE('',#1300,#1341,#1343,.T.);
#1341 = VERTEX_POINT('',#1342);
#1342 = CARTESIAN_POINT('',(0.32,-5.4,-2.84));
#1343 = LINE('',#1344,#1345);
#1344 = CARTESIAN_POINT('',(0.32,-5.4,0.95));
#1345 = VECTOR('',#1346,1.);
#1346 = DIRECTION('',(0.,0.,-1.));
#1347 = ORIENTED_EDGE('',*,*,#1348,.T.);
#1348 = EDGE_CURVE('',#1341,#1349,#1351,.T.);
#1349 = VERTEX_POINT('',#1350);
#1350 = CARTESIAN_POINT('',(-0.32,-5.4,-2.84));
#1351 = LINE('',#1352,#1353);
#1352 = CARTESIAN_POINT('',(0.32,-5.4,-2.84));
#1353 = VECTOR('',#1354,1.);
#1354 = DIRECTION('',(-1.,0.,0.));
#1355 = ORIENTED_EDGE('',*,*,#1356,.T.);
#1356 = EDGE_CURVE('',#1349,#1322,#1357,.T.);
#1357 = LINE('',#1358,#1359);
#1358 = CARTESIAN_POINT('',(-0.32,-5.4,-3.));
#1359 = VECTOR('',#1360,1.);
#1360 = DIRECTION('',(0.,0.,1.));
#1361 = PLANE('',#1362);
#1362 = AXIS2_PLACEMENT_3D('',#1363,#1364,#1365);
#1363 = CARTESIAN_POINT('',(3.575919732441,-5.4,0.579080267559));
#1364 = DIRECTION('',(1.030170245606E-33,1.,6.630961875715E-34));
#1365 = DIRECTION('',(1.,-1.030170245606E-33,0.));
#1366 = ADVANCED_FACE('',(#1367),#1378,.T.);
#1367 = FACE_BOUND('',#1368,.T.);
#1368 = EDGE_LOOP('',(#1369,#1370,#1376,#1377));
#1369 = ORIENTED_EDGE('',*,*,#1252,.F.);
#1370 = ORIENTED_EDGE('',*,*,#1371,.T.);
#1371 = EDGE_CURVE('',#1244,#1324,#1372,.T.);
#1372 = LINE('',#1373,#1374);
#1373 = CARTESIAN_POINT('',(0.32,-4.76,1.59));
#1374 = VECTOR('',#1375,1.);
#1375 = DIRECTION('',(0.,-1.,0.));
#1376 = ORIENTED_EDGE('',*,*,#1332,.T.);
#1377 = ORIENTED_EDGE('',*,*,#394,.T.);
#1378 = PLANE('',#1379);
#1379 = AXIS2_PLACEMENT_3D('',#1380,#1381,#1382);
#1380 = CARTESIAN_POINT('',(-0.32,-4.76,1.59));
#1381 = DIRECTION('',(-2.143287692327E-17,0.,1.));
#1382 = DIRECTION('',(1.,0.,2.143287692327E-17));
#1383 = ADVANCED_FACE('',(#1384),#1409,.T.);
#1384 = FACE_BOUND('',#1385,.T.);
#1385 = EDGE_LOOP('',(#1386,#1394,#1402,#1408));
#1386 = ORIENTED_EDGE('',*,*,#1387,.F.);
#1387 = EDGE_CURVE('',#1388,#421,#1390,.T.);
#1388 = VERTEX_POINT('',#1389);
#1389 = CARTESIAN_POINT('',(0.32,-2.22,1.59));
#1390 = LINE('',#1391,#1392);
#1391 = CARTESIAN_POINT('',(-0.32,-2.22,1.59));
#1392 = VECTOR('',#1393,1.);
#1393 = DIRECTION('',(1.,0.,2.143287692327E-17));
#1394 = ORIENTED_EDGE('',*,*,#1395,.T.);
#1395 = EDGE_CURVE('',#1388,#1396,#1398,.T.);
#1396 = VERTEX_POINT('',#1397);
#1397 = CARTESIAN_POINT('',(0.32,-2.86,1.59));
#1398 = LINE('',#1399,#1400);
#1399 = CARTESIAN_POINT('',(0.32,-2.22,1.59));
#1400 = VECTOR('',#1401,1.);
#1401 = DIRECTION('',(0.,-1.,0.));
#1402 = ORIENTED_EDGE('',*,*,#1403,.T.);
#1403 = EDGE_CURVE('',#1396,#419,#1404,.T.);
#1404 = LINE('',#1405,#1406);
#1405 = CARTESIAN_POINT('',(-0.32,-2.86,1.59));
#1406 = VECTOR('',#1407,1.);
#1407 = DIRECTION('',(1.,0.,2.143287692327E-17));
#1408 = ORIENTED_EDGE('',*,*,#418,.T.);
#1409 = PLANE('',#1410);
#1410 = AXIS2_PLACEMENT_3D('',#1411,#1412,#1413);
#1411 = CARTESIAN_POINT('',(-0.32,-2.22,1.59));
#1412 = DIRECTION('',(-2.143287692327E-17,0.,1.));
#1413 = DIRECTION('',(1.,0.,2.143287692327E-17));
#1414 = ADVANCED_FACE('',(#1415),#1458,.T.);
#1415 = FACE_BOUND('',#1416,.T.);
#1416 = EDGE_LOOP('',(#1417,#1426,#1427,#1428,#1436,#1444,#1452));
#1417 = ORIENTED_EDGE('',*,*,#1418,.T.);
#1418 = EDGE_CURVE('',#1419,#1388,#1421,.T.);
#1419 = VERTEX_POINT('',#1420);
#1420 = CARTESIAN_POINT('',(-0.32,-2.22,0.95));
#1421 = CIRCLE('',#1422,0.64);
#1422 = AXIS2_PLACEMENT_3D('',#1423,#1424,#1425);
#1423 = CARTESIAN_POINT('',(0.32,-2.22,0.95));
#1424 = DIRECTION('',(0.,1.,0.));
#1425 = DIRECTION('',(0.,0.,-1.));
#1426 = ORIENTED_EDGE('',*,*,#1387,.T.);
#1427 = ORIENTED_EDGE('',*,*,#444,.T.);
#1428 = ORIENTED_EDGE('',*,*,#1429,.T.);
#1429 = EDGE_CURVE('',#437,#1430,#1432,.T.);
#1430 = VERTEX_POINT('',#1431);
#1431 = CARTESIAN_POINT('',(0.32,-2.22,0.95));
#1432 = LINE('',#1433,#1434);
#1433 = CARTESIAN_POINT('',(10.04,-2.22,0.95));
#1434 = VECTOR('',#1435,1.);
#1435 = DIRECTION('',(-1.,0.,0.));
#1436 = ORIENTED_EDGE('',*,*,#1437,.T.);
#1437 = EDGE_CURVE('',#1430,#1438,#1440,.T.);
#1438 = VERTEX_POINT('',#1439);
#1439 = CARTESIAN_POINT('',(0.32,-2.22,-2.84));
#1440 = LINE('',#1441,#1442);
#1441 = CARTESIAN_POINT('',(0.32,-2.22,0.95));
#1442 = VECTOR('',#1443,1.);
#1443 = DIRECTION('',(0.,0.,-1.));
#1444 = ORIENTED_EDGE('',*,*,#1445,.T.);
#1445 = EDGE_CURVE('',#1438,#1446,#1448,.T.);
#1446 = VERTEX_POINT('',#1447);
#1447 = CARTESIAN_POINT('',(-0.32,-2.22,-2.84));
#1448 = LINE('',#1449,#1450);
#1449 = CARTESIAN_POINT('',(0.32,-2.22,-2.84));
#1450 = VECTOR('',#1451,1.);
#1451 = DIRECTION('',(-1.,0.,0.));
#1452 = ORIENTED_EDGE('',*,*,#1453,.T.);
#1453 = EDGE_CURVE('',#1446,#1419,#1454,.T.);
#1454 = LINE('',#1455,#1456);
#1455 = CARTESIAN_POINT('',(-0.32,-2.22,-3.));
#1456 = VECTOR('',#1457,1.);
#1457 = DIRECTION('',(0.,0.,1.));
#1458 = PLANE('',#1459);
#1459 = AXIS2_PLACEMENT_3D('',#1460,#1461,#1462);
#1460 = CARTESIAN_POINT('',(3.575919732441,-2.22,0.579080267559));
#1461 = DIRECTION('',(1.030170245606E-33,1.,6.630961875715E-34));
#1462 = DIRECTION('',(1.,-1.030170245606E-33,0.));
#1463 = ADVANCED_FACE('',(#1464),#1482,.T.);
#1464 = FACE_BOUND('',#1465,.T.);
#1465 = EDGE_LOOP('',(#1466,#1467,#1468,#1476));
#1466 = ORIENTED_EDGE('',*,*,#1429,.F.);
#1467 = ORIENTED_EDGE('',*,*,#436,.T.);
#1468 = ORIENTED_EDGE('',*,*,#1469,.T.);
#1469 = EDGE_CURVE('',#429,#1470,#1472,.T.);
#1470 = VERTEX_POINT('',#1471);
#1471 = CARTESIAN_POINT('',(0.32,-2.86,0.95));
#1472 = LINE('',#1473,#1474);
#1473 = CARTESIAN_POINT('',(10.04,-2.86,0.95));
#1474 = VECTOR('',#1475,1.);
#1475 = DIRECTION('',(-1.,0.,0.));
#1476 = ORIENTED_EDGE('',*,*,#1477,.F.);
#1477 = EDGE_CURVE('',#1430,#1470,#1478,.T.);
#1478 = LINE('',#1479,#1480);
#1479 = CARTESIAN_POINT('',(0.32,-2.22,0.95));
#1480 = VECTOR('',#1481,1.);
#1481 = DIRECTION('',(0.,-1.,0.));
#1482 = PLANE('',#1483);
#1483 = AXIS2_PLACEMENT_3D('',#1484,#1485,#1486);
#1484 = CARTESIAN_POINT('',(10.04,-2.22,0.95));
#1485 = DIRECTION('',(-0.,-0.,-1.));
#1486 = DIRECTION('',(-1.,0.,0.));
#1487 = ADVANCED_FACE('',(#1488),#1524,.F.);
#1488 = FACE_BOUND('',#1489,.F.);
#1489 = EDGE_LOOP('',(#1490,#1499,#1500,#1501,#1502,#1510,#1518));
#1490 = ORIENTED_EDGE('',*,*,#1491,.T.);
#1491 = EDGE_CURVE('',#1492,#1396,#1494,.T.);
#1492 = VERTEX_POINT('',#1493);
#1493 = CARTESIAN_POINT('',(-0.32,-2.86,0.95));
#1494 = CIRCLE('',#1495,0.64);
#1495 = AXIS2_PLACEMENT_3D('',#1496,#1497,#1498);
#1496 = CARTESIAN_POINT('',(0.32,-2.86,0.95));
#1497 = DIRECTION('',(0.,1.,0.));
#1498 = DIRECTION('',(0.,0.,-1.));
#1499 = ORIENTED_EDGE('',*,*,#1403,.T.);
#1500 = ORIENTED_EDGE('',*,*,#428,.T.);
#1501 = ORIENTED_EDGE('',*,*,#1469,.T.);
#1502 = ORIENTED_EDGE('',*,*,#1503,.T.);
#1503 = EDGE_CURVE('',#1470,#1504,#1506,.T.);
#1504 = VERTEX_POINT('',#1505);
#1505 = CARTESIAN_POINT('',(0.32,-2.86,-2.84));
#1506 = LINE('',#1507,#1508);
#1507 = CARTESIAN_POINT('',(0.32,-2.86,0.95));
#1508 = VECTOR('',#1509,1.);
#1509 = DIRECTION('',(0.,0.,-1.));
#1510 = ORIENTED_EDGE('',*,*,#1511,.T.);
#1511 = EDGE_CURVE('',#1504,#1512,#1514,.T.);
#1512 = VERTEX_POINT('',#1513);
#1513 = CARTESIAN_POINT('',(-0.32,-2.86,-2.84));
#1514 = LINE('',#1515,#1516);
#1515 = CARTESIAN_POINT('',(0.32,-2.86,-2.84));
#1516 = VECTOR('',#1517,1.);
#1517 = DIRECTION('',(-1.,0.,0.));
#1518 = ORIENTED_EDGE('',*,*,#1519,.T.);
#1519 = EDGE_CURVE('',#1512,#1492,#1520,.T.);
#1520 = LINE('',#1521,#1522);
#1521 = CARTESIAN_POINT('',(-0.32,-2.86,-3.));
#1522 = VECTOR('',#1523,1.);
#1523 = DIRECTION('',(0.,0.,1.));
#1524 = PLANE('',#1525);
#1525 = AXIS2_PLACEMENT_3D('',#1526,#1527,#1528);
#1526 = CARTESIAN_POINT('',(3.575919732441,-2.86,0.579080267559));
#1527 = DIRECTION('',(1.030170245606E-33,1.,6.630961875715E-34));
#1528 = DIRECTION('',(1.,-1.030170245606E-33,0.));
#1529 = ADVANCED_FACE('',(#1530),#1555,.T.);
#1530 = FACE_BOUND('',#1531,.T.);
#1531 = EDGE_LOOP('',(#1532,#1540,#1548,#1554));
#1532 = ORIENTED_EDGE('',*,*,#1533,.F.);
#1533 = EDGE_CURVE('',#1534,#455,#1536,.T.);
#1534 = VERTEX_POINT('',#1535);
#1535 = CARTESIAN_POINT('',(0.32,0.32,1.59));
#1536 = LINE('',#1537,#1538);
#1537 = CARTESIAN_POINT('',(-0.32,0.32,1.59));
#1538 = VECTOR('',#1539,1.);
#1539 = DIRECTION('',(1.,0.,2.143287692327E-17));
#1540 = ORIENTED_EDGE('',*,*,#1541,.T.);
#1541 = EDGE_CURVE('',#1534,#1542,#1544,.T.);
#1542 = VERTEX_POINT('',#1543);
#1543 = CARTESIAN_POINT('',(0.32,-0.32,1.59));
#1544 = LINE('',#1545,#1546);
#1545 = CARTESIAN_POINT('',(0.32,0.32,1.59));
#1546 = VECTOR('',#1547,1.);
#1547 = DIRECTION('',(0.,-1.,0.));
#1548 = ORIENTED_EDGE('',*,*,#1549,.T.);
#1549 = EDGE_CURVE('',#1542,#453,#1550,.T.);
#1550 = LINE('',#1551,#1552);
#1551 = CARTESIAN_POINT('',(-0.32,-0.32,1.59));
#1552 = VECTOR('',#1553,1.);
#1553 = DIRECTION('',(1.,0.,2.143287692327E-17));
#1554 = ORIENTED_EDGE('',*,*,#452,.T.);
#1555 = PLANE('',#1556);
#1556 = AXIS2_PLACEMENT_3D('',#1557,#1558,#1559);
#1557 = CARTESIAN_POINT('',(-0.32,0.32,1.59));
#1558 = DIRECTION('',(-2.143287692327E-17,0.,1.));
#1559 = DIRECTION('',(1.,0.,2.143287692327E-17));
#1560 = ADVANCED_FACE('',(#1561),#1604,.T.);
#1561 = FACE_BOUND('',#1562,.T.);
#1562 = EDGE_LOOP('',(#1563,#1572,#1573,#1574,#1582,#1590,#1598));
#1563 = ORIENTED_EDGE('',*,*,#1564,.T.);
#1564 = EDGE_CURVE('',#1565,#1534,#1567,.T.);
#1565 = VERTEX_POINT('',#1566);
#1566 = CARTESIAN_POINT('',(-0.32,0.32,0.95));
#1567 = CIRCLE('',#1568,0.64);
#1568 = AXIS2_PLACEMENT_3D('',#1569,#1570,#1571);
#1569 = CARTESIAN_POINT('',(0.32,0.32,0.95));
#1570 = DIRECTION('',(0.,1.,0.));
#1571 = DIRECTION('',(0.,0.,-1.));
#1572 = ORIENTED_EDGE('',*,*,#1533,.T.);
#1573 = ORIENTED_EDGE('',*,*,#478,.T.);
#1574 = ORIENTED_EDGE('',*,*,#1575,.T.);
#1575 = EDGE_CURVE('',#471,#1576,#1578,.T.);
#1576 = VERTEX_POINT('',#1577);
#1577 = CARTESIAN_POINT('',(0.32,0.32,0.95));
#1578 = LINE('',#1579,#1580);
#1579 = CARTESIAN_POINT('',(10.04,0.32,0.95));
#1580 = VECTOR('',#1581,1.);
#1581 = DIRECTION('',(-1.,0.,0.));
#1582 = ORIENTED_EDGE('',*,*,#1583,.T.);
#1583 = EDGE_CURVE('',#1576,#1584,#1586,.T.);
#1584 = VERTEX_POINT('',#1585);
#1585 = CARTESIAN_POINT('',(0.32,0.32,-2.84));
#1586 = LINE('',#1587,#1588);
#1587 = CARTESIAN_POINT('',(0.32,0.32,0.95));
#1588 = VECTOR('',#1589,1.);
#1589 = DIRECTION('',(0.,0.,-1.));
#1590 = ORIENTED_EDGE('',*,*,#1591,.T.);
#1591 = EDGE_CURVE('',#1584,#1592,#1594,.T.);
#1592 = VERTEX_POINT('',#1593);
#1593 = CARTESIAN_POINT('',(-0.32,0.32,-2.84));
#1594 = LINE('',#1595,#1596);
#1595 = CARTESIAN_POINT('',(0.32,0.32,-2.84));
#1596 = VECTOR('',#1597,1.);
#1597 = DIRECTION('',(-1.,0.,0.));
#1598 = ORIENTED_EDGE('',*,*,#1599,.T.);
#1599 = EDGE_CURVE('',#1592,#1565,#1600,.T.);
#1600 = LINE('',#1601,#1602);
#1601 = CARTESIAN_POINT('',(-0.32,0.32,-3.));
#1602 = VECTOR('',#1603,1.);
#1603 = DIRECTION('',(0.,0.,1.));
#1604 = PLANE('',#1605);
#1605 = AXIS2_PLACEMENT_3D('',#1606,#1607,#1608);
#1606 = CARTESIAN_POINT('',(3.575919732441,0.32,0.579080267559));
#1607 = DIRECTION('',(1.030170245606E-33,1.,6.630961875715E-34));
#1608 = DIRECTION('',(1.,-1.030170245606E-33,0.));
#1609 = ADVANCED_FACE('',(#1610),#1628,.T.);
#1610 = FACE_BOUND('',#1611,.T.);
#1611 = EDGE_LOOP('',(#1612,#1613,#1614,#1622));
#1612 = ORIENTED_EDGE('',*,*,#1575,.F.);
#1613 = ORIENTED_EDGE('',*,*,#470,.T.);
#1614 = ORIENTED_EDGE('',*,*,#1615,.T.);
#1615 = EDGE_CURVE('',#463,#1616,#1618,.T.);
#1616 = VERTEX_POINT('',#1617);
#1617 = CARTESIAN_POINT('',(0.32,-0.32,0.95));
#1618 = LINE('',#1619,#1620);
#1619 = CARTESIAN_POINT('',(10.04,-0.32,0.95));
#1620 = VECTOR('',#1621,1.);
#1621 = DIRECTION('',(-1.,0.,0.));
#1622 = ORIENTED_EDGE('',*,*,#1623,.F.);
#1623 = EDGE_CURVE('',#1576,#1616,#1624,.T.);
#1624 = LINE('',#1625,#1626);
#1625 = CARTESIAN_POINT('',(0.32,0.32,0.95));
#1626 = VECTOR('',#1627,1.);
#1627 = DIRECTION('',(0.,-1.,0.));
#1628 = PLANE('',#1629);
#1629 = AXIS2_PLACEMENT_3D('',#1630,#1631,#1632);
#1630 = CARTESIAN_POINT('',(10.04,0.32,0.95));
#1631 = DIRECTION('',(-0.,-0.,-1.));
#1632 = DIRECTION('',(-1.,0.,0.));
#1633 = ADVANCED_FACE('',(#1634),#1670,.F.);
#1634 = FACE_BOUND('',#1635,.F.);
#1635 = EDGE_LOOP('',(#1636,#1645,#1646,#1647,#1648,#1656,#1664));
#1636 = ORIENTED_EDGE('',*,*,#1637,.T.);
#1637 = EDGE_CURVE('',#1638,#1542,#1640,.T.);
#1638 = VERTEX_POINT('',#1639);
#1639 = CARTESIAN_POINT('',(-0.32,-0.32,0.95));
#1640 = CIRCLE('',#1641,0.64);
#1641 = AXIS2_PLACEMENT_3D('',#1642,#1643,#1644);
#1642 = CARTESIAN_POINT('',(0.32,-0.32,0.95));
#1643 = DIRECTION('',(0.,1.,0.));
#1644 = DIRECTION('',(0.,0.,-1.));
#1645 = ORIENTED_EDGE('',*,*,#1549,.T.);
#1646 = ORIENTED_EDGE('',*,*,#462,.T.);
#1647 = ORIENTED_EDGE('',*,*,#1615,.T.);
#1648 = ORIENTED_EDGE('',*,*,#1649,.T.);
#1649 = EDGE_CURVE('',#1616,#1650,#1652,.T.);
#1650 = VERTEX_POINT('',#1651);
#1651 = CARTESIAN_POINT('',(0.32,-0.32,-2.84));
#1652 = LINE('',#1653,#1654);
#1653 = CARTESIAN_POINT('',(0.32,-0.32,0.95));
#1654 = VECTOR('',#1655,1.);
#1655 = DIRECTION('',(0.,0.,-1.));
#1656 = ORIENTED_EDGE('',*,*,#1657,.T.);
#1657 = EDGE_CURVE('',#1650,#1658,#1660,.T.);
#1658 = VERTEX_POINT('',#1659);
#1659 = CARTESIAN_POINT('',(-0.32,-0.32,-2.84));
#1660 = LINE('',#1661,#1662);
#1661 = CARTESIAN_POINT('',(0.32,-0.32,-2.84));
#1662 = VECTOR('',#1663,1.);
#1663 = DIRECTION('',(-1.,0.,0.));
#1664 = ORIENTED_EDGE('',*,*,#1665,.T.);
#1665 = EDGE_CURVE('',#1658,#1638,#1666,.T.);
#1666 = LINE('',#1667,#1668);
#1667 = CARTESIAN_POINT('',(-0.32,-0.32,-3.));
#1668 = VECTOR('',#1669,1.);
#1669 = DIRECTION('',(0.,0.,1.));
#1670 = PLANE('',#1671);
#1671 = AXIS2_PLACEMENT_3D('',#1672,#1673,#1674);
#1672 = CARTESIAN_POINT('',(3.575919732441,-0.32,0.579080267559));
#1673 = DIRECTION('',(1.030170245606E-33,1.,6.630961875715E-34));
#1674 = DIRECTION('',(1.,-1.030170245606E-33,0.));
#1675 = ADVANCED_FACE('',(#1676),#1701,.T.);
#1676 = FACE_BOUND('',#1677,.T.);
#1677 = EDGE_LOOP('',(#1678,#1686,#1694,#1700));
#1678 = ORIENTED_EDGE('',*,*,#1679,.F.);
#1679 = EDGE_CURVE('',#1680,#489,#1682,.T.);
#1680 = VERTEX_POINT('',#1681);
#1681 = CARTESIAN_POINT('',(0.32,-7.3,1.59));
#1682 = LINE('',#1683,#1684);
#1683 = CARTESIAN_POINT('',(-0.32,-7.3,1.59));
#1684 = VECTOR('',#1685,1.);
#1685 = DIRECTION('',(1.,0.,2.143287692327E-17));
#1686 = ORIENTED_EDGE('',*,*,#1687,.T.);
#1687 = EDGE_CURVE('',#1680,#1688,#1690,.T.);
#1688 = VERTEX_POINT('',#1689);
#1689 = CARTESIAN_POINT('',(0.32,-7.94,1.59));
#1690 = LINE('',#1691,#1692);
#1691 = CARTESIAN_POINT('',(0.32,-7.3,1.59));
#1692 = VECTOR('',#1693,1.);
#1693 = DIRECTION('',(0.,-1.,0.));
#1694 = ORIENTED_EDGE('',*,*,#1695,.T.);
#1695 = EDGE_CURVE('',#1688,#487,#1696,.T.);
#1696 = LINE('',#1697,#1698);
#1697 = CARTESIAN_POINT('',(-0.32,-7.94,1.59));
#1698 = VECTOR('',#1699,1.);
#1699 = DIRECTION('',(1.,0.,2.143287692327E-17));
#1700 = ORIENTED_EDGE('',*,*,#486,.T.);
#1701 = PLANE('',#1702);
#1702 = AXIS2_PLACEMENT_3D('',#1703,#1704,#1705);
#1703 = CARTESIAN_POINT('',(-0.32,-7.3,1.59));
#1704 = DIRECTION('',(-2.143287692327E-17,0.,1.));
#1705 = DIRECTION('',(1.,0.,2.143287692327E-17));
#1706 = ADVANCED_FACE('',(#1707),#1750,.T.);
#1707 = FACE_BOUND('',#1708,.T.);
#1708 = EDGE_LOOP('',(#1709,#1718,#1719,#1720,#1728,#1736,#1744));
#1709 = ORIENTED_EDGE('',*,*,#1710,.T.);
#1710 = EDGE_CURVE('',#1711,#1680,#1713,.T.);
#1711 = VERTEX_POINT('',#1712);
#1712 = CARTESIAN_POINT('',(-0.32,-7.3,0.95));
#1713 = CIRCLE('',#1714,0.64);
#1714 = AXIS2_PLACEMENT_3D('',#1715,#1716,#1717);
#1715 = CARTESIAN_POINT('',(0.32,-7.3,0.95));
#1716 = DIRECTION('',(0.,1.,0.));
#1717 = DIRECTION('',(0.,0.,-1.));
#1718 = ORIENTED_EDGE('',*,*,#1679,.T.);
#1719 = ORIENTED_EDGE('',*,*,#512,.T.);
#1720 = ORIENTED_EDGE('',*,*,#1721,.T.);
#1721 = EDGE_CURVE('',#505,#1722,#1724,.T.);
#1722 = VERTEX_POINT('',#1723);
#1723 = CARTESIAN_POINT('',(0.32,-7.3,0.95));
#1724 = LINE('',#1725,#1726);
#1725 = CARTESIAN_POINT('',(10.04,-7.3,0.95));
#1726 = VECTOR('',#1727,1.);
#1727 = DIRECTION('',(-1.,0.,0.));
#1728 = ORIENTED_EDGE('',*,*,#1729,.T.);
#1729 = EDGE_CURVE('',#1722,#1730,#1732,.T.);
#1730 = VERTEX_POINT('',#1731);
#1731 = CARTESIAN_POINT('',(0.32,-7.3,-2.84));
#1732 = LINE('',#1733,#1734);
#1733 = CARTESIAN_POINT('',(0.32,-7.3,0.95));
#1734 = VECTOR('',#1735,1.);
#1735 = DIRECTION('',(0.,0.,-1.));
#1736 = ORIENTED_EDGE('',*,*,#1737,.T.);
#1737 = EDGE_CURVE('',#1730,#1738,#1740,.T.);
#1738 = VERTEX_POINT('',#1739);
#1739 = CARTESIAN_POINT('',(-0.32,-7.3,-2.84));
#1740 = LINE('',#1741,#1742);
#1741 = CARTESIAN_POINT('',(0.32,-7.3,-2.84));
#1742 = VECTOR('',#1743,1.);
#1743 = DIRECTION('',(-1.,0.,0.));
#1744 = ORIENTED_EDGE('',*,*,#1745,.T.);
#1745 = EDGE_CURVE('',#1738,#1711,#1746,.T.);
#1746 = LINE('',#1747,#1748);
#1747 = CARTESIAN_POINT('',(-0.32,-7.3,-3.));
#1748 = VECTOR('',#1749,1.);
#1749 = DIRECTION('',(0.,0.,1.));
#1750 = PLANE('',#1751);
#1751 = AXIS2_PLACEMENT_3D('',#1752,#1753,#1754);
#1752 = CARTESIAN_POINT('',(3.575919732441,-7.3,0.579080267559));
#1753 = DIRECTION('',(1.030170245606E-33,1.,6.630961875715E-34));
#1754 = DIRECTION('',(1.,-1.030170245606E-33,0.));
#1755 = ADVANCED_FACE('',(#1756),#1774,.T.);
#1756 = FACE_BOUND('',#1757,.T.);
#1757 = EDGE_LOOP('',(#1758,#1759,#1760,#1768));
#1758 = ORIENTED_EDGE('',*,*,#1721,.F.);
#1759 = ORIENTED_EDGE('',*,*,#504,.T.);
#1760 = ORIENTED_EDGE('',*,*,#1761,.T.);
#1761 = EDGE_CURVE('',#497,#1762,#1764,.T.);
#1762 = VERTEX_POINT('',#1763);
#1763 = CARTESIAN_POINT('',(0.32,-7.94,0.95));
#1764 = LINE('',#1765,#1766);
#1765 = CARTESIAN_POINT('',(10.04,-7.94,0.95));
#1766 = VECTOR('',#1767,1.);
#1767 = DIRECTION('',(-1.,0.,0.));
#1768 = ORIENTED_EDGE('',*,*,#1769,.F.);
#1769 = EDGE_CURVE('',#1722,#1762,#1770,.T.);
#1770 = LINE('',#1771,#1772);
#1771 = CARTESIAN_POINT('',(0.32,-7.3,0.95));
#1772 = VECTOR('',#1773,1.);
#1773 = DIRECTION('',(0.,-1.,0.));
#1774 = PLANE('',#1775);
#1775 = AXIS2_PLACEMENT_3D('',#1776,#1777,#1778);
#1776 = CARTESIAN_POINT('',(10.04,-7.3,0.95));
#1777 = DIRECTION('',(-0.,-0.,-1.));
#1778 = DIRECTION('',(-1.,0.,0.));
#1779 = ADVANCED_FACE('',(#1780),#1816,.F.);
#1780 = FACE_BOUND('',#1781,.F.);
#1781 = EDGE_LOOP('',(#1782,#1791,#1792,#1793,#1794,#1802,#1810));
#1782 = ORIENTED_EDGE('',*,*,#1783,.T.);
#1783 = EDGE_CURVE('',#1784,#1688,#1786,.T.);
#1784 = VERTEX_POINT('',#1785);
#1785 = CARTESIAN_POINT('',(-0.32,-7.94,0.95));
#1786 = CIRCLE('',#1787,0.64);
#1787 = AXIS2_PLACEMENT_3D('',#1788,#1789,#1790);
#1788 = CARTESIAN_POINT('',(0.32,-7.94,0.95));
#1789 = DIRECTION('',(0.,1.,0.));
#1790 = DIRECTION('',(0.,0.,-1.));
#1791 = ORIENTED_EDGE('',*,*,#1695,.T.);
#1792 = ORIENTED_EDGE('',*,*,#496,.T.);
#1793 = ORIENTED_EDGE('',*,*,#1761,.T.);
#1794 = ORIENTED_EDGE('',*,*,#1795,.T.);
#1795 = EDGE_CURVE('',#1762,#1796,#1798,.T.);
#1796 = VERTEX_POINT('',#1797);
#1797 = CARTESIAN_POINT('',(0.32,-7.94,-2.84));
#1798 = LINE('',#1799,#1800);
#1799 = CARTESIAN_POINT('',(0.32,-7.94,0.95));
#1800 = VECTOR('',#1801,1.);
#1801 = DIRECTION('',(0.,0.,-1.));
#1802 = ORIENTED_EDGE('',*,*,#1803,.T.);
#1803 = EDGE_CURVE('',#1796,#1804,#1806,.T.);
#1804 = VERTEX_POINT('',#1805);
#1805 = CARTESIAN_POINT('',(-0.32,-7.94,-2.84));
#1806 = LINE('',#1807,#1808);
#1807 = CARTESIAN_POINT('',(0.32,-7.94,-2.84));
#1808 = VECTOR('',#1809,1.);
#1809 = DIRECTION('',(-1.,0.,0.));
#1810 = ORIENTED_EDGE('',*,*,#1811,.T.);
#1811 = EDGE_CURVE('',#1804,#1784,#1812,.T.);
#1812 = LINE('',#1813,#1814);
#1813 = CARTESIAN_POINT('',(-0.32,-7.94,-3.));
#1814 = VECTOR('',#1815,1.);
#1815 = DIRECTION('',(0.,0.,1.));
#1816 = PLANE('',#1817);
#1817 = AXIS2_PLACEMENT_3D('',#1818,#1819,#1820);
#1818 = CARTESIAN_POINT('',(3.575919732441,-7.94,0.579080267559));
#1819 = DIRECTION('',(1.030170245606E-33,1.,6.630961875715E-34));
#1820 = DIRECTION('',(1.,-1.030170245606E-33,0.));
#1821 = ADVANCED_FACE('',(#1822),#1847,.T.);
#1822 = FACE_BOUND('',#1823,.T.);
#1823 = EDGE_LOOP('',(#1824,#1825,#1833,#1841));
#1824 = ORIENTED_EDGE('',*,*,#713,.F.);
#1825 = ORIENTED_EDGE('',*,*,#1826,.T.);
#1826 = EDGE_CURVE('',#714,#1827,#1829,.T.);
#1827 = VERTEX_POINT('',#1828);
#1828 = CARTESIAN_POINT('',(9.88,-4.76,1.59));
#1829 = LINE('',#1830,#1831);
#1830 = CARTESIAN_POINT('',(-0.32,-4.76,1.59));
#1831 = VECTOR('',#1832,1.);
#1832 = DIRECTION('',(1.,0.,2.143287692327E-17));
#1833 = ORIENTED_EDGE('',*,*,#1834,.T.);
#1834 = EDGE_CURVE('',#1827,#1835,#1837,.T.);
#1835 = VERTEX_POINT('',#1836);
#1836 = CARTESIAN_POINT('',(9.88,-4.76,0.95));
#1837 = LINE('',#1838,#1839);
#1838 = CARTESIAN_POINT('',(9.88,-4.76,1.59));
#1839 = VECTOR('',#1840,1.);
#1840 = DIRECTION('',(0.,0.,-1.));
#1841 = ORIENTED_EDGE('',*,*,#1842,.T.);
#1842 = EDGE_CURVE('',#1835,#716,#1843,.T.);
#1843 = LINE('',#1844,#1845);
#1844 = CARTESIAN_POINT('',(10.04,-4.76,0.95));
#1845 = VECTOR('',#1846,1.);
#1846 = DIRECTION('',(-1.,0.,0.));
#1847 = PLANE('',#1848);
#1848 = AXIS2_PLACEMENT_3D('',#1849,#1850,#1851);
#1849 = CARTESIAN_POINT('',(3.575919732441,-4.76,0.579080267559));
#1850 = DIRECTION('',(1.030170245606E-33,1.,6.630961875715E-34));
#1851 = DIRECTION('',(1.,-1.030170245606E-33,0.));
#1852 = ADVANCED_FACE('',(#1853),#1871,.T.);
#1853 = FACE_BOUND('',#1854,.T.);
#1854 = EDGE_LOOP('',(#1855,#1856,#1864,#1870));
#1855 = ORIENTED_EDGE('',*,*,#1842,.F.);
#1856 = ORIENTED_EDGE('',*,*,#1857,.T.);
#1857 = EDGE_CURVE('',#1835,#1858,#1860,.T.);
#1858 = VERTEX_POINT('',#1859);
#1859 = CARTESIAN_POINT('',(9.88,-5.4,0.95));
#1860 = LINE('',#1861,#1862);
#1861 = CARTESIAN_POINT('',(9.88,-4.76,0.95));
#1862 = VECTOR('',#1863,1.);
#1863 = DIRECTION('',(0.,-1.,0.));
#1864 = ORIENTED_EDGE('',*,*,#1865,.T.);
#1865 = EDGE_CURVE('',#1858,#732,#1866,.T.);
#1866 = LINE('',#1867,#1868);
#1867 = CARTESIAN_POINT('',(10.04,-5.4,0.95));
#1868 = VECTOR('',#1869,1.);
#1869 = DIRECTION('',(-1.,0.,0.));
#1870 = ORIENTED_EDGE('',*,*,#739,.F.);
#1871 = PLANE('',#1872);
#1872 = AXIS2_PLACEMENT_3D('',#1873,#1874,#1875);
#1873 = CARTESIAN_POINT('',(10.04,-4.76,0.95));
#1874 = DIRECTION('',(-0.,-0.,-1.));
#1875 = DIRECTION('',(-1.,0.,0.));
#1876 = ADVANCED_FACE('',(#1877),#1895,.F.);
#1877 = FACE_BOUND('',#1878,.F.);
#1878 = EDGE_LOOP('',(#1879,#1880,#1888,#1894));
#1879 = ORIENTED_EDGE('',*,*,#731,.F.);
#1880 = ORIENTED_EDGE('',*,*,#1881,.T.);
#1881 = EDGE_CURVE('',#724,#1882,#1884,.T.);
#1882 = VERTEX_POINT('',#1883);
#1883 = CARTESIAN_POINT('',(9.88,-5.4,1.59));
#1884 = LINE('',#1885,#1886);
#1885 = CARTESIAN_POINT('',(-0.32,-5.4,1.59));
#1886 = VECTOR('',#1887,1.);
#1887 = DIRECTION('',(1.,0.,2.143287692327E-17));
#1888 = ORIENTED_EDGE('',*,*,#1889,.T.);
#1889 = EDGE_CURVE('',#1882,#1858,#1890,.T.);
#1890 = LINE('',#1891,#1892);
#1891 = CARTESIAN_POINT('',(9.88,-5.4,1.59));
#1892 = VECTOR('',#1893,1.);
#1893 = DIRECTION('',(0.,0.,-1.));
#1894 = ORIENTED_EDGE('',*,*,#1865,.T.);
#1895 = PLANE('',#1896);
#1896 = AXIS2_PLACEMENT_3D('',#1897,#1898,#1899);
#1897 = CARTESIAN_POINT('',(3.575919732441,-5.4,0.579080267559));
#1898 = DIRECTION('',(1.030170245606E-33,1.,6.630961875715E-34));
#1899 = DIRECTION('',(1.,-1.030170245606E-33,0.));
#1900 = ADVANCED_FACE('',(#1901),#1912,.T.);
#1901 = FACE_BOUND('',#1902,.T.);
#1902 = EDGE_LOOP('',(#1903,#1904,#1905,#1906));
#1903 = ORIENTED_EDGE('',*,*,#1826,.F.);
#1904 = ORIENTED_EDGE('',*,*,#723,.F.);
#1905 = ORIENTED_EDGE('',*,*,#1881,.T.);
#1906 = ORIENTED_EDGE('',*,*,#1907,.F.);
#1907 = EDGE_CURVE('',#1827,#1882,#1908,.T.);
#1908 = LINE('',#1909,#1910);
#1909 = CARTESIAN_POINT('',(9.88,-4.76,1.59));
#1910 = VECTOR('',#1911,1.);
#1911 = DIRECTION('',(0.,-1.,0.));
#1912 = PLANE('',#1913);
#1913 = AXIS2_PLACEMENT_3D('',#1914,#1915,#1916);
#1914 = CARTESIAN_POINT('',(-0.32,-4.76,1.59));
#1915 = DIRECTION('',(-2.143287692327E-17,0.,1.));
#1916 = DIRECTION('',(1.,0.,2.143287692327E-17));
#1917 = ADVANCED_FACE('',(#1918),#1943,.T.);
#1918 = FACE_BOUND('',#1919,.T.);
#1919 = EDGE_LOOP('',(#1920,#1928,#1929,#1937));
#1920 = ORIENTED_EDGE('',*,*,#1921,.F.);
#1921 = EDGE_CURVE('',#750,#1922,#1924,.T.);
#1922 = VERTEX_POINT('',#1923);
#1923 = CARTESIAN_POINT('',(9.88,-2.22,1.59));
#1924 = LINE('',#1925,#1926);
#1925 = CARTESIAN_POINT('',(-0.32,-2.22,1.59));
#1926 = VECTOR('',#1927,1.);
#1927 = DIRECTION('',(1.,0.,2.143287692327E-17));
#1928 = ORIENTED_EDGE('',*,*,#747,.F.);
#1929 = ORIENTED_EDGE('',*,*,#1930,.T.);
#1930 = EDGE_CURVE('',#748,#1931,#1933,.T.);
#1931 = VERTEX_POINT('',#1932);
#1932 = CARTESIAN_POINT('',(9.88,-2.86,1.59));
#1933 = LINE('',#1934,#1935);
#1934 = CARTESIAN_POINT('',(-0.32,-2.86,1.59));
#1935 = VECTOR('',#1936,1.);
#1936 = DIRECTION('',(1.,0.,2.143287692327E-17));
#1937 = ORIENTED_EDGE('',*,*,#1938,.F.);
#1938 = EDGE_CURVE('',#1922,#1931,#1939,.T.);
#1939 = LINE('',#1940,#1941);
#1940 = CARTESIAN_POINT('',(9.88,-2.22,1.59));
#1941 = VECTOR('',#1942,1.);
#1942 = DIRECTION('',(0.,-1.,0.));
#1943 = PLANE('',#1944);
#1944 = AXIS2_PLACEMENT_3D('',#1945,#1946,#1947);
#1945 = CARTESIAN_POINT('',(-0.32,-2.22,1.59));
#1946 = DIRECTION('',(-2.143287692327E-17,0.,1.));
#1947 = DIRECTION('',(1.,0.,2.143287692327E-17));
#1948 = ADVANCED_FACE('',(#1949),#1967,.T.);
#1949 = FACE_BOUND('',#1950,.T.);
#1950 = EDGE_LOOP('',(#1951,#1952,#1953,#1961));
#1951 = ORIENTED_EDGE('',*,*,#773,.F.);
#1952 = ORIENTED_EDGE('',*,*,#1921,.T.);
#1953 = ORIENTED_EDGE('',*,*,#1954,.T.);
#1954 = EDGE_CURVE('',#1922,#1955,#1957,.T.);
#1955 = VERTEX_POINT('',#1956);
#1956 = CARTESIAN_POINT('',(9.88,-2.22,0.95));
#1957 = LINE('',#1958,#1959);
#1958 = CARTESIAN_POINT('',(9.88,-2.22,1.59));
#1959 = VECTOR('',#1960,1.);
#1960 = DIRECTION('',(0.,0.,-1.));
#1961 = ORIENTED_EDGE('',*,*,#1962,.T.);
#1962 = EDGE_CURVE('',#1955,#766,#1963,.T.);
#1963 = LINE('',#1964,#1965);
#1964 = CARTESIAN_POINT('',(10.04,-2.22,0.95));
#1965 = VECTOR('',#1966,1.);
#1966 = DIRECTION('',(-1.,0.,0.));
#1967 = PLANE('',#1968);
#1968 = AXIS2_PLACEMENT_3D('',#1969,#1970,#1971);
#1969 = CARTESIAN_POINT('',(3.575919732441,-2.22,0.579080267559));
#1970 = DIRECTION('',(1.030170245606E-33,1.,6.630961875715E-34));
#1971 = DIRECTION('',(1.,-1.030170245606E-33,0.));
#1972 = ADVANCED_FACE('',(#1973),#1991,.T.);
#1973 = FACE_BOUND('',#1974,.T.);
#1974 = EDGE_LOOP('',(#1975,#1976,#1984,#1990));
#1975 = ORIENTED_EDGE('',*,*,#1962,.F.);
#1976 = ORIENTED_EDGE('',*,*,#1977,.T.);
#1977 = EDGE_CURVE('',#1955,#1978,#1980,.T.);
#1978 = VERTEX_POINT('',#1979);
#1979 = CARTESIAN_POINT('',(9.88,-2.86,0.95));
#1980 = LINE('',#1981,#1982);
#1981 = CARTESIAN_POINT('',(9.88,-2.22,0.95));
#1982 = VECTOR('',#1983,1.);
#1983 = DIRECTION('',(0.,-1.,0.));
#1984 = ORIENTED_EDGE('',*,*,#1985,.T.);
#1985 = EDGE_CURVE('',#1978,#758,#1986,.T.);
#1986 = LINE('',#1987,#1988);
#1987 = CARTESIAN_POINT('',(10.04,-2.86,0.95));
#1988 = VECTOR('',#1989,1.);
#1989 = DIRECTION('',(-1.,0.,0.));
#1990 = ORIENTED_EDGE('',*,*,#765,.F.);
#1991 = PLANE('',#1992);
#1992 = AXIS2_PLACEMENT_3D('',#1993,#1994,#1995);
#1993 = CARTESIAN_POINT('',(10.04,-2.22,0.95));
#1994 = DIRECTION('',(-0.,-0.,-1.));
#1995 = DIRECTION('',(-1.,0.,0.));
#1996 = ADVANCED_FACE('',(#1997),#2008,.F.);
#1997 = FACE_BOUND('',#1998,.F.);
#1998 = EDGE_LOOP('',(#1999,#2000,#2001,#2007));
#1999 = ORIENTED_EDGE('',*,*,#757,.F.);
#2000 = ORIENTED_EDGE('',*,*,#1930,.T.);
#2001 = ORIENTED_EDGE('',*,*,#2002,.T.);
#2002 = EDGE_CURVE('',#1931,#1978,#2003,.T.);
#2003 = LINE('',#2004,#2005);
#2004 = CARTESIAN_POINT('',(9.88,-2.86,1.59));
#2005 = VECTOR('',#2006,1.);
#2006 = DIRECTION('',(0.,0.,-1.));
#2007 = ORIENTED_EDGE('',*,*,#1985,.T.);
#2008 = PLANE('',#2009);
#2009 = AXIS2_PLACEMENT_3D('',#2010,#2011,#2012);
#2010 = CARTESIAN_POINT('',(3.575919732441,-2.86,0.579080267559));
#2011 = DIRECTION('',(1.030170245606E-33,1.,6.630961875715E-34));
#2012 = DIRECTION('',(1.,-1.030170245606E-33,0.));
#2013 = ADVANCED_FACE('',(#2014),#2039,.T.);
#2014 = FACE_BOUND('',#2015,.T.);
#2015 = EDGE_LOOP('',(#2016,#2024,#2025,#2033));
#2016 = ORIENTED_EDGE('',*,*,#2017,.F.);
#2017 = EDGE_CURVE('',#784,#2018,#2020,.T.);
#2018 = VERTEX_POINT('',#2019);
#2019 = CARTESIAN_POINT('',(9.88,0.32,1.59));
#2020 = LINE('',#2021,#2022);
#2021 = CARTESIAN_POINT('',(-0.32,0.32,1.59));
#2022 = VECTOR('',#2023,1.);
#2023 = DIRECTION('',(1.,0.,2.143287692327E-17));
#2024 = ORIENTED_EDGE('',*,*,#781,.F.);
#2025 = ORIENTED_EDGE('',*,*,#2026,.T.);
#2026 = EDGE_CURVE('',#782,#2027,#2029,.T.);
#2027 = VERTEX_POINT('',#2028);
#2028 = CARTESIAN_POINT('',(9.88,-0.32,1.59));
#2029 = LINE('',#2030,#2031);
#2030 = CARTESIAN_POINT('',(-0.32,-0.32,1.59));
#2031 = VECTOR('',#2032,1.);
#2032 = DIRECTION('',(1.,0.,2.143287692327E-17));
#2033 = ORIENTED_EDGE('',*,*,#2034,.F.);
#2034 = EDGE_CURVE('',#2018,#2027,#2035,.T.);
#2035 = LINE('',#2036,#2037);
#2036 = CARTESIAN_POINT('',(9.88,0.32,1.59));
#2037 = VECTOR('',#2038,1.);
#2038 = DIRECTION('',(0.,-1.,0.));
#2039 = PLANE('',#2040);
#2040 = AXIS2_PLACEMENT_3D('',#2041,#2042,#2043);
#2041 = CARTESIAN_POINT('',(-0.32,0.32,1.59));
#2042 = DIRECTION('',(-2.143287692327E-17,0.,1.));
#2043 = DIRECTION('',(1.,0.,2.143287692327E-17));
#2044 = ADVANCED_FACE('',(#2045),#2063,.T.);
#2045 = FACE_BOUND('',#2046,.T.);
#2046 = EDGE_LOOP('',(#2047,#2048,#2049,#2057));
#2047 = ORIENTED_EDGE('',*,*,#807,.F.);
#2048 = ORIENTED_EDGE('',*,*,#2017,.T.);
#2049 = ORIENTED_EDGE('',*,*,#2050,.T.);
#2050 = EDGE_CURVE('',#2018,#2051,#2053,.T.);
#2051 = VERTEX_POINT('',#2052);
#2052 = CARTESIAN_POINT('',(9.88,0.32,0.95));
#2053 = LINE('',#2054,#2055);
#2054 = CARTESIAN_POINT('',(9.88,0.32,1.59));
#2055 = VECTOR('',#2056,1.);
#2056 = DIRECTION('',(0.,0.,-1.));
#2057 = ORIENTED_EDGE('',*,*,#2058,.T.);
#2058 = EDGE_CURVE('',#2051,#800,#2059,.T.);
#2059 = LINE('',#2060,#2061);
#2060 = CARTESIAN_POINT('',(10.04,0.32,0.95));
#2061 = VECTOR('',#2062,1.);
#2062 = DIRECTION('',(-1.,0.,0.));
#2063 = PLANE('',#2064);
#2064 = AXIS2_PLACEMENT_3D('',#2065,#2066,#2067);
#2065 = CARTESIAN_POINT('',(3.575919732441,0.32,0.579080267559));
#2066 = DIRECTION('',(1.030170245606E-33,1.,6.630961875715E-34));
#2067 = DIRECTION('',(1.,-1.030170245606E-33,0.));
#2068 = ADVANCED_FACE('',(#2069),#2087,.T.);
#2069 = FACE_BOUND('',#2070,.T.);
#2070 = EDGE_LOOP('',(#2071,#2072,#2080,#2086));
#2071 = ORIENTED_EDGE('',*,*,#2058,.F.);
#2072 = ORIENTED_EDGE('',*,*,#2073,.T.);
#2073 = EDGE_CURVE('',#2051,#2074,#2076,.T.);
#2074 = VERTEX_POINT('',#2075);
#2075 = CARTESIAN_POINT('',(9.88,-0.32,0.95));
#2076 = LINE('',#2077,#2078);
#2077 = CARTESIAN_POINT('',(9.88,0.32,0.95));
#2078 = VECTOR('',#2079,1.);
#2079 = DIRECTION('',(0.,-1.,0.));
#2080 = ORIENTED_EDGE('',*,*,#2081,.T.);
#2081 = EDGE_CURVE('',#2074,#792,#2082,.T.);
#2082 = LINE('',#2083,#2084);
#2083 = CARTESIAN_POINT('',(10.04,-0.32,0.95));
#2084 = VECTOR('',#2085,1.);
#2085 = DIRECTION('',(-1.,0.,0.));
#2086 = ORIENTED_EDGE('',*,*,#799,.F.);
#2087 = PLANE('',#2088);
#2088 = AXIS2_PLACEMENT_3D('',#2089,#2090,#2091);
#2089 = CARTESIAN_POINT('',(10.04,0.32,0.95));
#2090 = DIRECTION('',(-0.,-0.,-1.));
#2091 = DIRECTION('',(-1.,0.,0.));
#2092 = ADVANCED_FACE('',(#2093),#2104,.F.);
#2093 = FACE_BOUND('',#2094,.F.);
#2094 = EDGE_LOOP('',(#2095,#2096,#2097,#2103));
#2095 = ORIENTED_EDGE('',*,*,#791,.F.);
#2096 = ORIENTED_EDGE('',*,*,#2026,.T.);
#2097 = ORIENTED_EDGE('',*,*,#2098,.T.);
#2098 = EDGE_CURVE('',#2027,#2074,#2099,.T.);
#2099 = LINE('',#2100,#2101);
#2100 = CARTESIAN_POINT('',(9.88,-0.32,1.59));
#2101 = VECTOR('',#2102,1.);
#2102 = DIRECTION('',(0.,0.,-1.));
#2103 = ORIENTED_EDGE('',*,*,#2081,.T.);
#2104 = PLANE('',#2105);
#2105 = AXIS2_PLACEMENT_3D('',#2106,#2107,#2108);
#2106 = CARTESIAN_POINT('',(3.575919732441,-0.32,0.579080267559));
#2107 = DIRECTION('',(1.030170245606E-33,1.,6.630961875715E-34));
#2108 = DIRECTION('',(1.,-1.030170245606E-33,0.));
#2109 = ADVANCED_FACE('',(#2110),#2135,.T.);
#2110 = FACE_BOUND('',#2111,.T.);
#2111 = EDGE_LOOP('',(#2112,#2120,#2121,#2129));
#2112 = ORIENTED_EDGE('',*,*,#2113,.F.);
#2113 = EDGE_CURVE('',#818,#2114,#2116,.T.);
#2114 = VERTEX_POINT('',#2115);
#2115 = CARTESIAN_POINT('',(9.88,-7.3,1.59));
#2116 = LINE('',#2117,#2118);
#2117 = CARTESIAN_POINT('',(-0.32,-7.3,1.59));
#2118 = VECTOR('',#2119,1.);
#2119 = DIRECTION('',(1.,0.,2.143287692327E-17));
#2120 = ORIENTED_EDGE('',*,*,#815,.F.);
#2121 = ORIENTED_EDGE('',*,*,#2122,.T.);
#2122 = EDGE_CURVE('',#816,#2123,#2125,.T.);
#2123 = VERTEX_POINT('',#2124);
#2124 = CARTESIAN_POINT('',(9.88,-7.94,1.59));
#2125 = LINE('',#2126,#2127);
#2126 = CARTESIAN_POINT('',(-0.32,-7.94,1.59));
#2127 = VECTOR('',#2128,1.);
#2128 = DIRECTION('',(1.,0.,2.143287692327E-17));
#2129 = ORIENTED_EDGE('',*,*,#2130,.F.);
#2130 = EDGE_CURVE('',#2114,#2123,#2131,.T.);
#2131 = LINE('',#2132,#2133);
#2132 = CARTESIAN_POINT('',(9.88,-7.3,1.59));
#2133 = VECTOR('',#2134,1.);
#2134 = DIRECTION('',(0.,-1.,0.));
#2135 = PLANE('',#2136);
#2136 = AXIS2_PLACEMENT_3D('',#2137,#2138,#2139);
#2137 = CARTESIAN_POINT('',(-0.32,-7.3,1.59));
#2138 = DIRECTION('',(-2.143287692327E-17,0.,1.));
#2139 = DIRECTION('',(1.,0.,2.143287692327E-17));
#2140 = ADVANCED_FACE('',(#2141),#2159,.T.);
#2141 = FACE_BOUND('',#2142,.T.);
#2142 = EDGE_LOOP('',(#2143,#2144,#2145,#2153));
#2143 = ORIENTED_EDGE('',*,*,#841,.F.);
#2144 = ORIENTED_EDGE('',*,*,#2113,.T.);
#2145 = ORIENTED_EDGE('',*,*,#2146,.T.);
#2146 = EDGE_CURVE('',#2114,#2147,#2149,.T.);
#2147 = VERTEX_POINT('',#2148);
#2148 = CARTESIAN_POINT('',(9.88,-7.3,0.95));
#2149 = LINE('',#2150,#2151);
#2150 = CARTESIAN_POINT('',(9.88,-7.3,1.59));
#2151 = VECTOR('',#2152,1.);
#2152 = DIRECTION('',(0.,0.,-1.));
#2153 = ORIENTED_EDGE('',*,*,#2154,.T.);
#2154 = EDGE_CURVE('',#2147,#834,#2155,.T.);
#2155 = LINE('',#2156,#2157);
#2156 = CARTESIAN_POINT('',(10.04,-7.3,0.95));
#2157 = VECTOR('',#2158,1.);
#2158 = DIRECTION('',(-1.,0.,0.));
#2159 = PLANE('',#2160);
#2160 = AXIS2_PLACEMENT_3D('',#2161,#2162,#2163);
#2161 = CARTESIAN_POINT('',(3.575919732441,-7.3,0.579080267559));
#2162 = DIRECTION('',(1.030170245606E-33,1.,6.630961875715E-34));
#2163 = DIRECTION('',(1.,-1.030170245606E-33,0.));
#2164 = ADVANCED_FACE('',(#2165),#2183,.T.);
#2165 = FACE_BOUND('',#2166,.T.);
#2166 = EDGE_LOOP('',(#2167,#2168,#2176,#2182));
#2167 = ORIENTED_EDGE('',*,*,#2154,.F.);
#2168 = ORIENTED_EDGE('',*,*,#2169,.T.);
#2169 = EDGE_CURVE('',#2147,#2170,#2172,.T.);
#2170 = VERTEX_POINT('',#2171);
#2171 = CARTESIAN_POINT('',(9.88,-7.94,0.95));
#2172 = LINE('',#2173,#2174);
#2173 = CARTESIAN_POINT('',(9.88,-7.3,0.95));
#2174 = VECTOR('',#2175,1.);
#2175 = DIRECTION('',(0.,-1.,0.));
#2176 = ORIENTED_EDGE('',*,*,#2177,.T.);
#2177 = EDGE_CURVE('',#2170,#826,#2178,.T.);
#2178 = LINE('',#2179,#2180);
#2179 = CARTESIAN_POINT('',(10.04,-7.94,0.95));
#2180 = VECTOR('',#2181,1.);
#2181 = DIRECTION('',(-1.,0.,0.));
#2182 = ORIENTED_EDGE('',*,*,#833,.F.);
#2183 = PLANE('',#2184);
#2184 = AXIS2_PLACEMENT_3D('',#2185,#2186,#2187);
#2185 = CARTESIAN_POINT('',(10.04,-7.3,0.95));
#2186 = DIRECTION('',(-0.,-0.,-1.));
#2187 = DIRECTION('',(-1.,0.,0.));
#2188 = ADVANCED_FACE('',(#2189),#2200,.F.);
#2189 = FACE_BOUND('',#2190,.F.);
#2190 = EDGE_LOOP('',(#2191,#2192,#2193,#2199));
#2191 = ORIENTED_EDGE('',*,*,#825,.F.);
#2192 = ORIENTED_EDGE('',*,*,#2122,.T.);
#2193 = ORIENTED_EDGE('',*,*,#2194,.T.);
#2194 = EDGE_CURVE('',#2123,#2170,#2195,.T.);
#2195 = LINE('',#2196,#2197);
#2196 = CARTESIAN_POINT('',(9.88,-7.94,1.59));
#2197 = VECTOR('',#2198,1.);
#2198 = DIRECTION('',(0.,0.,-1.));
#2199 = ORIENTED_EDGE('',*,*,#2177,.T.);
#2200 = PLANE('',#2201);
#2201 = AXIS2_PLACEMENT_3D('',#2202,#2203,#2204);
#2202 = CARTESIAN_POINT('',(3.575919732441,-7.94,0.579080267559));
#2203 = DIRECTION('',(1.030170245606E-33,1.,6.630961875715E-34));
#2204 = DIRECTION('',(1.,-1.030170245606E-33,0.));
#2205 = ADVANCED_FACE('',(#2206),#2217,.T.);
#2206 = FACE_BOUND('',#2207,.T.);
#2207 = EDGE_LOOP('',(#2208,#2214,#2215,#2216));
#2208 = ORIENTED_EDGE('',*,*,#2209,.T.);
#2209 = EDGE_CURVE('',#1242,#1322,#2210,.T.);
#2210 = LINE('',#2211,#2212);
#2211 = CARTESIAN_POINT('',(-0.32,-4.76,0.95));
#2212 = VECTOR('',#2213,1.);
#2213 = DIRECTION('',(0.,-1.,0.));
#2214 = ORIENTED_EDGE('',*,*,#1321,.T.);
#2215 = ORIENTED_EDGE('',*,*,#1371,.F.);
#2216 = ORIENTED_EDGE('',*,*,#1241,.F.);
#2217 = CYLINDRICAL_SURFACE('',#2218,0.64);
#2218 = AXIS2_PLACEMENT_3D('',#2219,#2220,#2221);
#2219 = CARTESIAN_POINT('',(0.32,-4.76,0.95));
#2220 = DIRECTION('',(0.,-1.,0.));
#2221 = DIRECTION('',(-1.,0.,0.));
#2222 = ADVANCED_FACE('',(#2223),#2234,.T.);
#2223 = FACE_BOUND('',#2224,.T.);
#2224 = EDGE_LOOP('',(#2225,#2226,#2232,#2233));
#2225 = ORIENTED_EDGE('',*,*,#1283,.F.);
#2226 = ORIENTED_EDGE('',*,*,#2227,.T.);
#2227 = EDGE_CURVE('',#1276,#1349,#2228,.T.);
#2228 = LINE('',#2229,#2230);
#2229 = CARTESIAN_POINT('',(-0.32,-4.76,-2.84));
#2230 = VECTOR('',#2231,1.);
#2231 = DIRECTION('',(0.,-1.,0.));
#2232 = ORIENTED_EDGE('',*,*,#1356,.T.);
#2233 = ORIENTED_EDGE('',*,*,#2209,.F.);
#2234 = PLANE('',#2235);
#2235 = AXIS2_PLACEMENT_3D('',#2236,#2237,#2238);
#2236 = CARTESIAN_POINT('',(-0.32,-4.76,-3.));
#2237 = DIRECTION('',(-1.,0.,0.));
#2238 = DIRECTION('',(0.,0.,1.));
#2239 = ADVANCED_FACE('',(#2240),#2265,.T.);
#2240 = FACE_BOUND('',#2241,.F.);
#2241 = EDGE_LOOP('',(#2242,#2250,#2251,#2259));
#2242 = ORIENTED_EDGE('',*,*,#2243,.T.);
#2243 = EDGE_CURVE('',#2244,#1268,#2246,.T.);
#2244 = VERTEX_POINT('',#2245);
#2245 = CARTESIAN_POINT('',(0.16,-4.92,-3.));
#2246 = LINE('',#2247,#2248);
#2247 = CARTESIAN_POINT('',(0.266666666667,-4.813333333333,
    -2.893333333333));
#2248 = VECTOR('',#2249,1.);
#2249 = DIRECTION('',(0.57735026919,0.57735026919,0.57735026919));
#2250 = ORIENTED_EDGE('',*,*,#1275,.T.);
#2251 = ORIENTED_EDGE('',*,*,#2252,.T.);
#2252 = EDGE_CURVE('',#1276,#2253,#2255,.T.);
#2253 = VERTEX_POINT('',#2254);
#2254 = CARTESIAN_POINT('',(-0.16,-4.92,-3.));
#2255 = LINE('',#2256,#2257);
#2256 = CARTESIAN_POINT('',(-0.16,-4.92,-3.));
#2257 = VECTOR('',#2258,1.);
#2258 = DIRECTION('',(0.57735026919,-0.57735026919,-0.57735026919));
#2259 = ORIENTED_EDGE('',*,*,#2260,.F.);
#2260 = EDGE_CURVE('',#2244,#2253,#2261,.T.);
#2261 = LINE('',#2262,#2263);
#2262 = CARTESIAN_POINT('',(0.32,-4.92,-3.));
#2263 = VECTOR('',#2264,1.);
#2264 = DIRECTION('',(-1.,0.,0.));
#2265 = PLANE('',#2266);
#2266 = AXIS2_PLACEMENT_3D('',#2267,#2268,#2269);
#2267 = CARTESIAN_POINT('',(0.32,-4.84,-2.92));
#2268 = DIRECTION('',(-1.735167508357E-18,0.707106781187,-0.707106781187
    ));
#2269 = DIRECTION('',(1.,1.226948711654E-18,-1.226948711654E-18));
#2270 = ADVANCED_FACE('',(#2271),#2282,.T.);
#2271 = FACE_BOUND('',#2272,.T.);
#2272 = EDGE_LOOP('',(#2273,#2274,#2275,#2276));
#2273 = ORIENTED_EDGE('',*,*,#1267,.F.);
#2274 = ORIENTED_EDGE('',*,*,#1307,.T.);
#2275 = ORIENTED_EDGE('',*,*,#1340,.T.);
#2276 = ORIENTED_EDGE('',*,*,#2277,.F.);
#2277 = EDGE_CURVE('',#1268,#1341,#2278,.T.);
#2278 = LINE('',#2279,#2280);
#2279 = CARTESIAN_POINT('',(0.32,-4.76,-2.84));
#2280 = VECTOR('',#2281,1.);
#2281 = DIRECTION('',(0.,-1.,0.));
#2282 = PLANE('',#2283);
#2283 = AXIS2_PLACEMENT_3D('',#2284,#2285,#2286);
#2284 = CARTESIAN_POINT('',(0.32,-4.76,0.95));
#2285 = DIRECTION('',(1.,0.,0.));
#2286 = DIRECTION('',(0.,0.,-1.));
#2287 = ADVANCED_FACE('',(#2288),#2313,.F.);
#2288 = FACE_BOUND('',#2289,.F.);
#2289 = EDGE_LOOP('',(#2290,#2298,#2306,#2312));
#2290 = ORIENTED_EDGE('',*,*,#2291,.F.);
#2291 = EDGE_CURVE('',#2292,#1341,#2294,.T.);
#2292 = VERTEX_POINT('',#2293);
#2293 = CARTESIAN_POINT('',(0.16,-5.24,-3.));
#2294 = LINE('',#2295,#2296);
#2295 = CARTESIAN_POINT('',(0.16,-5.24,-3.));
#2296 = VECTOR('',#2297,1.);
#2297 = DIRECTION('',(0.57735026919,-0.57735026919,0.57735026919));
#2298 = ORIENTED_EDGE('',*,*,#2299,.T.);
#2299 = EDGE_CURVE('',#2292,#2300,#2302,.T.);
#2300 = VERTEX_POINT('',#2301);
#2301 = CARTESIAN_POINT('',(-0.16,-5.24,-3.));
#2302 = LINE('',#2303,#2304);
#2303 = CARTESIAN_POINT('',(0.32,-5.24,-3.));
#2304 = VECTOR('',#2305,1.);
#2305 = DIRECTION('',(-1.,0.,0.));
#2306 = ORIENTED_EDGE('',*,*,#2307,.T.);
#2307 = EDGE_CURVE('',#2300,#1349,#2308,.T.);
#2308 = LINE('',#2309,#2310);
#2309 = CARTESIAN_POINT('',(-5.333333333333E-02,-5.133333333333,
    -3.106666666667));
#2310 = VECTOR('',#2311,1.);
#2311 = DIRECTION('',(-0.57735026919,-0.57735026919,0.57735026919));
#2312 = ORIENTED_EDGE('',*,*,#1348,.F.);
#2313 = PLANE('',#2314);
#2314 = AXIS2_PLACEMENT_3D('',#2315,#2316,#2317);
#2315 = CARTESIAN_POINT('',(0.32,-5.32,-2.92));
#2316 = DIRECTION('',(1.735167508357E-18,0.707106781187,0.707106781187)
  );
#2317 = DIRECTION('',(-1.,1.226948711654E-18,1.226948711654E-18));
#2318 = ADVANCED_FACE('',(#2319),#2330,.T.);
#2319 = FACE_BOUND('',#2320,.T.);
#2320 = EDGE_LOOP('',(#2321,#2327,#2328,#2329));
#2321 = ORIENTED_EDGE('',*,*,#2322,.T.);
#2322 = EDGE_CURVE('',#1419,#1492,#2323,.T.);
#2323 = LINE('',#2324,#2325);
#2324 = CARTESIAN_POINT('',(-0.32,-2.22,0.95));
#2325 = VECTOR('',#2326,1.);
#2326 = DIRECTION('',(0.,-1.,0.));
#2327 = ORIENTED_EDGE('',*,*,#1491,.T.);
#2328 = ORIENTED_EDGE('',*,*,#1395,.F.);
#2329 = ORIENTED_EDGE('',*,*,#1418,.F.);
#2330 = CYLINDRICAL_SURFACE('',#2331,0.64);
#2331 = AXIS2_PLACEMENT_3D('',#2332,#2333,#2334);
#2332 = CARTESIAN_POINT('',(0.32,-2.22,0.95));
#2333 = DIRECTION('',(0.,-1.,0.));
#2334 = DIRECTION('',(-1.,0.,0.));
#2335 = ADVANCED_FACE('',(#2336),#2347,.T.);
#2336 = FACE_BOUND('',#2337,.T.);
#2337 = EDGE_LOOP('',(#2338,#2339,#2345,#2346));
#2338 = ORIENTED_EDGE('',*,*,#1453,.F.);
#2339 = ORIENTED_EDGE('',*,*,#2340,.T.);
#2340 = EDGE_CURVE('',#1446,#1512,#2341,.T.);
#2341 = LINE('',#2342,#2343);
#2342 = CARTESIAN_POINT('',(-0.32,-2.22,-2.84));
#2343 = VECTOR('',#2344,1.);
#2344 = DIRECTION('',(0.,-1.,0.));
#2345 = ORIENTED_EDGE('',*,*,#1519,.T.);
#2346 = ORIENTED_EDGE('',*,*,#2322,.F.);
#2347 = PLANE('',#2348);
#2348 = AXIS2_PLACEMENT_3D('',#2349,#2350,#2351);
#2349 = CARTESIAN_POINT('',(-0.32,-2.22,-3.));
#2350 = DIRECTION('',(-1.,0.,0.));
#2351 = DIRECTION('',(0.,0.,1.));
#2352 = ADVANCED_FACE('',(#2353),#2378,.T.);
#2353 = FACE_BOUND('',#2354,.F.);
#2354 = EDGE_LOOP('',(#2355,#2363,#2364,#2372));
#2355 = ORIENTED_EDGE('',*,*,#2356,.T.);
#2356 = EDGE_CURVE('',#2357,#1438,#2359,.T.);
#2357 = VERTEX_POINT('',#2358);
#2358 = CARTESIAN_POINT('',(0.16,-2.38,-3.));
#2359 = LINE('',#2360,#2361);
#2360 = CARTESIAN_POINT('',(0.266666666667,-2.273333333333,
    -2.893333333333));
#2361 = VECTOR('',#2362,1.);
#2362 = DIRECTION('',(0.57735026919,0.57735026919,0.57735026919));
#2363 = ORIENTED_EDGE('',*,*,#1445,.T.);
#2364 = ORIENTED_EDGE('',*,*,#2365,.T.);
#2365 = EDGE_CURVE('',#1446,#2366,#2368,.T.);
#2366 = VERTEX_POINT('',#2367);
#2367 = CARTESIAN_POINT('',(-0.16,-2.38,-3.));
#2368 = LINE('',#2369,#2370);
#2369 = CARTESIAN_POINT('',(-0.16,-2.38,-3.));
#2370 = VECTOR('',#2371,1.);
#2371 = DIRECTION('',(0.57735026919,-0.57735026919,-0.57735026919));
#2372 = ORIENTED_EDGE('',*,*,#2373,.F.);
#2373 = EDGE_CURVE('',#2357,#2366,#2374,.T.);
#2374 = LINE('',#2375,#2376);
#2375 = CARTESIAN_POINT('',(0.32,-2.38,-3.));
#2376 = VECTOR('',#2377,1.);
#2377 = DIRECTION('',(-1.,0.,0.));
#2378 = PLANE('',#2379);
#2379 = AXIS2_PLACEMENT_3D('',#2380,#2381,#2382);
#2380 = CARTESIAN_POINT('',(0.32,-2.3,-2.92));
#2381 = DIRECTION('',(-1.735167508357E-18,0.707106781187,-0.707106781187
    ));
#2382 = DIRECTION('',(1.,1.226948711654E-18,-1.226948711654E-18));
#2383 = ADVANCED_FACE('',(#2384),#2395,.T.);
#2384 = FACE_BOUND('',#2385,.T.);
#2385 = EDGE_LOOP('',(#2386,#2387,#2388,#2389));
#2386 = ORIENTED_EDGE('',*,*,#1437,.F.);
#2387 = ORIENTED_EDGE('',*,*,#1477,.T.);
#2388 = ORIENTED_EDGE('',*,*,#1503,.T.);
#2389 = ORIENTED_EDGE('',*,*,#2390,.F.);
#2390 = EDGE_CURVE('',#1438,#1504,#2391,.T.);
#2391 = LINE('',#2392,#2393);
#2392 = CARTESIAN_POINT('',(0.32,-2.22,-2.84));
#2393 = VECTOR('',#2394,1.);
#2394 = DIRECTION('',(0.,-1.,0.));
#2395 = PLANE('',#2396);
#2396 = AXIS2_PLACEMENT_3D('',#2397,#2398,#2399);
#2397 = CARTESIAN_POINT('',(0.32,-2.22,0.95));
#2398 = DIRECTION('',(1.,0.,0.));
#2399 = DIRECTION('',(0.,0.,-1.));
#2400 = ADVANCED_FACE('',(#2401),#2426,.F.);
#2401 = FACE_BOUND('',#2402,.F.);
#2402 = EDGE_LOOP('',(#2403,#2411,#2419,#2425));
#2403 = ORIENTED_EDGE('',*,*,#2404,.F.);
#2404 = EDGE_CURVE('',#2405,#1504,#2407,.T.);
#2405 = VERTEX_POINT('',#2406);
#2406 = CARTESIAN_POINT('',(0.16,-2.7,-3.));
#2407 = LINE('',#2408,#2409);
#2408 = CARTESIAN_POINT('',(0.16,-2.7,-3.));
#2409 = VECTOR('',#2410,1.);
#2410 = DIRECTION('',(0.57735026919,-0.57735026919,0.57735026919));
#2411 = ORIENTED_EDGE('',*,*,#2412,.T.);
#2412 = EDGE_CURVE('',#2405,#2413,#2415,.T.);
#2413 = VERTEX_POINT('',#2414);
#2414 = CARTESIAN_POINT('',(-0.16,-2.7,-3.));
#2415 = LINE('',#2416,#2417);
#2416 = CARTESIAN_POINT('',(0.32,-2.7,-3.));
#2417 = VECTOR('',#2418,1.);
#2418 = DIRECTION('',(-1.,0.,0.));
#2419 = ORIENTED_EDGE('',*,*,#2420,.T.);
#2420 = EDGE_CURVE('',#2413,#1512,#2421,.T.);
#2421 = LINE('',#2422,#2423);
#2422 = CARTESIAN_POINT('',(-5.333333333333E-02,-2.593333333333,
    -3.106666666667));
#2423 = VECTOR('',#2424,1.);
#2424 = DIRECTION('',(-0.57735026919,-0.57735026919,0.57735026919));
#2425 = ORIENTED_EDGE('',*,*,#1511,.F.);
#2426 = PLANE('',#2427);
#2427 = AXIS2_PLACEMENT_3D('',#2428,#2429,#2430);
#2428 = CARTESIAN_POINT('',(0.32,-2.78,-2.92));
#2429 = DIRECTION('',(1.735167508357E-18,0.707106781187,0.707106781187)
  );
#2430 = DIRECTION('',(-1.,1.226948711654E-18,1.226948711654E-18));
#2431 = ADVANCED_FACE('',(#2432),#2443,.T.);
#2432 = FACE_BOUND('',#2433,.T.);
#2433 = EDGE_LOOP('',(#2434,#2440,#2441,#2442));
#2434 = ORIENTED_EDGE('',*,*,#2435,.T.);
#2435 = EDGE_CURVE('',#1565,#1638,#2436,.T.);
#2436 = LINE('',#2437,#2438);
#2437 = CARTESIAN_POINT('',(-0.32,0.32,0.95));
#2438 = VECTOR('',#2439,1.);
#2439 = DIRECTION('',(0.,-1.,0.));
#2440 = ORIENTED_EDGE('',*,*,#1637,.T.);
#2441 = ORIENTED_EDGE('',*,*,#1541,.F.);
#2442 = ORIENTED_EDGE('',*,*,#1564,.F.);
#2443 = CYLINDRICAL_SURFACE('',#2444,0.64);
#2444 = AXIS2_PLACEMENT_3D('',#2445,#2446,#2447);
#2445 = CARTESIAN_POINT('',(0.32,0.32,0.95));
#2446 = DIRECTION('',(0.,-1.,0.));
#2447 = DIRECTION('',(-1.,0.,0.));
#2448 = ADVANCED_FACE('',(#2449),#2460,.T.);
#2449 = FACE_BOUND('',#2450,.T.);
#2450 = EDGE_LOOP('',(#2451,#2452,#2458,#2459));
#2451 = ORIENTED_EDGE('',*,*,#1599,.F.);
#2452 = ORIENTED_EDGE('',*,*,#2453,.T.);
#2453 = EDGE_CURVE('',#1592,#1658,#2454,.T.);
#2454 = LINE('',#2455,#2456);
#2455 = CARTESIAN_POINT('',(-0.32,0.32,-2.84));
#2456 = VECTOR('',#2457,1.);
#2457 = DIRECTION('',(0.,-1.,0.));
#2458 = ORIENTED_EDGE('',*,*,#1665,.T.);
#2459 = ORIENTED_EDGE('',*,*,#2435,.F.);
#2460 = PLANE('',#2461);
#2461 = AXIS2_PLACEMENT_3D('',#2462,#2463,#2464);
#2462 = CARTESIAN_POINT('',(-0.32,0.32,-3.));
#2463 = DIRECTION('',(-1.,0.,0.));
#2464 = DIRECTION('',(0.,0.,1.));
#2465 = ADVANCED_FACE('',(#2466),#2491,.T.);
#2466 = FACE_BOUND('',#2467,.F.);
#2467 = EDGE_LOOP('',(#2468,#2476,#2477,#2485));
#2468 = ORIENTED_EDGE('',*,*,#2469,.T.);
#2469 = EDGE_CURVE('',#2470,#1584,#2472,.T.);
#2470 = VERTEX_POINT('',#2471);
#2471 = CARTESIAN_POINT('',(0.16,0.16,-3.));
#2472 = LINE('',#2473,#2474);
#2473 = CARTESIAN_POINT('',(0.266666666667,0.266666666667,
    -2.893333333333));
#2474 = VECTOR('',#2475,1.);
#2475 = DIRECTION('',(0.57735026919,0.57735026919,0.57735026919));
#2476 = ORIENTED_EDGE('',*,*,#1591,.T.);
#2477 = ORIENTED_EDGE('',*,*,#2478,.T.);
#2478 = EDGE_CURVE('',#1592,#2479,#2481,.T.);
#2479 = VERTEX_POINT('',#2480);
#2480 = CARTESIAN_POINT('',(-0.16,0.16,-3.));
#2481 = LINE('',#2482,#2483);
#2482 = CARTESIAN_POINT('',(-0.16,0.16,-3.));
#2483 = VECTOR('',#2484,1.);
#2484 = DIRECTION('',(0.57735026919,-0.57735026919,-0.57735026919));
#2485 = ORIENTED_EDGE('',*,*,#2486,.F.);
#2486 = EDGE_CURVE('',#2470,#2479,#2487,.T.);
#2487 = LINE('',#2488,#2489);
#2488 = CARTESIAN_POINT('',(0.32,0.16,-3.));
#2489 = VECTOR('',#2490,1.);
#2490 = DIRECTION('',(-1.,0.,0.));
#2491 = PLANE('',#2492);
#2492 = AXIS2_PLACEMENT_3D('',#2493,#2494,#2495);
#2493 = CARTESIAN_POINT('',(0.32,0.24,-2.92));
#2494 = DIRECTION('',(-1.735167508357E-18,0.707106781187,-0.707106781187
    ));
#2495 = DIRECTION('',(1.,1.226948711654E-18,-1.226948711654E-18));
#2496 = ADVANCED_FACE('',(#2497),#2508,.T.);
#2497 = FACE_BOUND('',#2498,.T.);
#2498 = EDGE_LOOP('',(#2499,#2500,#2501,#2502));
#2499 = ORIENTED_EDGE('',*,*,#1583,.F.);
#2500 = ORIENTED_EDGE('',*,*,#1623,.T.);
#2501 = ORIENTED_EDGE('',*,*,#1649,.T.);
#2502 = ORIENTED_EDGE('',*,*,#2503,.F.);
#2503 = EDGE_CURVE('',#1584,#1650,#2504,.T.);
#2504 = LINE('',#2505,#2506);
#2505 = CARTESIAN_POINT('',(0.32,0.32,-2.84));
#2506 = VECTOR('',#2507,1.);
#2507 = DIRECTION('',(0.,-1.,0.));
#2508 = PLANE('',#2509);
#2509 = AXIS2_PLACEMENT_3D('',#2510,#2511,#2512);
#2510 = CARTESIAN_POINT('',(0.32,0.32,0.95));
#2511 = DIRECTION('',(1.,0.,0.));
#2512 = DIRECTION('',(0.,0.,-1.));
#2513 = ADVANCED_FACE('',(#2514),#2539,.F.);
#2514 = FACE_BOUND('',#2515,.F.);
#2515 = EDGE_LOOP('',(#2516,#2524,#2532,#2538));
#2516 = ORIENTED_EDGE('',*,*,#2517,.F.);
#2517 = EDGE_CURVE('',#2518,#1650,#2520,.T.);
#2518 = VERTEX_POINT('',#2519);
#2519 = CARTESIAN_POINT('',(0.16,-0.16,-3.));
#2520 = LINE('',#2521,#2522);
#2521 = CARTESIAN_POINT('',(0.16,-0.16,-3.));
#2522 = VECTOR('',#2523,1.);
#2523 = DIRECTION('',(0.57735026919,-0.57735026919,0.57735026919));
#2524 = ORIENTED_EDGE('',*,*,#2525,.T.);
#2525 = EDGE_CURVE('',#2518,#2526,#2528,.T.);
#2526 = VERTEX_POINT('',#2527);
#2527 = CARTESIAN_POINT('',(-0.16,-0.16,-3.));
#2528 = LINE('',#2529,#2530);
#2529 = CARTESIAN_POINT('',(0.32,-0.16,-3.));
#2530 = VECTOR('',#2531,1.);
#2531 = DIRECTION('',(-1.,0.,0.));
#2532 = ORIENTED_EDGE('',*,*,#2533,.T.);
#2533 = EDGE_CURVE('',#2526,#1658,#2534,.T.);
#2534 = LINE('',#2535,#2536);
#2535 = CARTESIAN_POINT('',(-5.333333333333E-02,-5.333333333333E-02,
    -3.106666666667));
#2536 = VECTOR('',#2537,1.);
#2537 = DIRECTION('',(-0.57735026919,-0.57735026919,0.57735026919));
#2538 = ORIENTED_EDGE('',*,*,#1657,.F.);
#2539 = PLANE('',#2540);
#2540 = AXIS2_PLACEMENT_3D('',#2541,#2542,#2543);
#2541 = CARTESIAN_POINT('',(0.32,-0.24,-2.92));
#2542 = DIRECTION('',(1.735167508357E-18,0.707106781187,0.707106781187)
  );
#2543 = DIRECTION('',(-1.,1.226948711654E-18,1.226948711654E-18));
#2544 = ADVANCED_FACE('',(#2545),#2556,.T.);
#2545 = FACE_BOUND('',#2546,.T.);
#2546 = EDGE_LOOP('',(#2547,#2553,#2554,#2555));
#2547 = ORIENTED_EDGE('',*,*,#2548,.T.);
#2548 = EDGE_CURVE('',#1711,#1784,#2549,.T.);
#2549 = LINE('',#2550,#2551);
#2550 = CARTESIAN_POINT('',(-0.32,-7.3,0.95));
#2551 = VECTOR('',#2552,1.);
#2552 = DIRECTION('',(0.,-1.,0.));
#2553 = ORIENTED_EDGE('',*,*,#1783,.T.);
#2554 = ORIENTED_EDGE('',*,*,#1687,.F.);
#2555 = ORIENTED_EDGE('',*,*,#1710,.F.);
#2556 = CYLINDRICAL_SURFACE('',#2557,0.64);
#2557 = AXIS2_PLACEMENT_3D('',#2558,#2559,#2560);
#2558 = CARTESIAN_POINT('',(0.32,-7.3,0.95));
#2559 = DIRECTION('',(0.,-1.,0.));
#2560 = DIRECTION('',(-1.,0.,0.));
#2561 = ADVANCED_FACE('',(#2562),#2573,.T.);
#2562 = FACE_BOUND('',#2563,.T.);
#2563 = EDGE_LOOP('',(#2564,#2565,#2571,#2572));
#2564 = ORIENTED_EDGE('',*,*,#1745,.F.);
#2565 = ORIENTED_EDGE('',*,*,#2566,.T.);
#2566 = EDGE_CURVE('',#1738,#1804,#2567,.T.);
#2567 = LINE('',#2568,#2569);
#2568 = CARTESIAN_POINT('',(-0.32,-7.3,-2.84));
#2569 = VECTOR('',#2570,1.);
#2570 = DIRECTION('',(0.,-1.,0.));
#2571 = ORIENTED_EDGE('',*,*,#1811,.T.);
#2572 = ORIENTED_EDGE('',*,*,#2548,.F.);
#2573 = PLANE('',#2574);
#2574 = AXIS2_PLACEMENT_3D('',#2575,#2576,#2577);
#2575 = CARTESIAN_POINT('',(-0.32,-7.3,-3.));
#2576 = DIRECTION('',(-1.,0.,0.));
#2577 = DIRECTION('',(0.,0.,1.));
#2578 = ADVANCED_FACE('',(#2579),#2604,.T.);
#2579 = FACE_BOUND('',#2580,.F.);
#2580 = EDGE_LOOP('',(#2581,#2589,#2590,#2598));
#2581 = ORIENTED_EDGE('',*,*,#2582,.T.);
#2582 = EDGE_CURVE('',#2583,#1730,#2585,.T.);
#2583 = VERTEX_POINT('',#2584);
#2584 = CARTESIAN_POINT('',(0.16,-7.46,-3.));
#2585 = LINE('',#2586,#2587);
#2586 = CARTESIAN_POINT('',(0.266666666667,-7.353333333333,
    -2.893333333333));
#2587 = VECTOR('',#2588,1.);
#2588 = DIRECTION('',(0.57735026919,0.57735026919,0.57735026919));
#2589 = ORIENTED_EDGE('',*,*,#1737,.T.);
#2590 = ORIENTED_EDGE('',*,*,#2591,.T.);
#2591 = EDGE_CURVE('',#1738,#2592,#2594,.T.);
#2592 = VERTEX_POINT('',#2593);
#2593 = CARTESIAN_POINT('',(-0.16,-7.46,-3.));
#2594 = LINE('',#2595,#2596);
#2595 = CARTESIAN_POINT('',(-0.16,-7.46,-3.));
#2596 = VECTOR('',#2597,1.);
#2597 = DIRECTION('',(0.57735026919,-0.57735026919,-0.57735026919));
#2598 = ORIENTED_EDGE('',*,*,#2599,.F.);
#2599 = EDGE_CURVE('',#2583,#2592,#2600,.T.);
#2600 = LINE('',#2601,#2602);
#2601 = CARTESIAN_POINT('',(0.32,-7.46,-3.));
#2602 = VECTOR('',#2603,1.);
#2603 = DIRECTION('',(-1.,0.,0.));
#2604 = PLANE('',#2605);
#2605 = AXIS2_PLACEMENT_3D('',#2606,#2607,#2608);
#2606 = CARTESIAN_POINT('',(0.32,-7.38,-2.92));
#2607 = DIRECTION('',(-1.735167508357E-18,0.707106781187,-0.707106781187
    ));
#2608 = DIRECTION('',(1.,1.226948711654E-18,-1.226948711654E-18));
#2609 = ADVANCED_FACE('',(#2610),#2621,.T.);
#2610 = FACE_BOUND('',#2611,.T.);
#2611 = EDGE_LOOP('',(#2612,#2613,#2614,#2615));
#2612 = ORIENTED_EDGE('',*,*,#1729,.F.);
#2613 = ORIENTED_EDGE('',*,*,#1769,.T.);
#2614 = ORIENTED_EDGE('',*,*,#1795,.T.);
#2615 = ORIENTED_EDGE('',*,*,#2616,.F.);
#2616 = EDGE_CURVE('',#1730,#1796,#2617,.T.);
#2617 = LINE('',#2618,#2619);
#2618 = CARTESIAN_POINT('',(0.32,-7.3,-2.84));
#2619 = VECTOR('',#2620,1.);
#2620 = DIRECTION('',(0.,-1.,0.));
#2621 = PLANE('',#2622);
#2622 = AXIS2_PLACEMENT_3D('',#2623,#2624,#2625);
#2623 = CARTESIAN_POINT('',(0.32,-7.3,0.95));
#2624 = DIRECTION('',(1.,0.,0.));
#2625 = DIRECTION('',(0.,0.,-1.));
#2626 = ADVANCED_FACE('',(#2627),#2652,.F.);
#2627 = FACE_BOUND('',#2628,.F.);
#2628 = EDGE_LOOP('',(#2629,#2637,#2645,#2651));
#2629 = ORIENTED_EDGE('',*,*,#2630,.F.);
#2630 = EDGE_CURVE('',#2631,#1796,#2633,.T.);
#2631 = VERTEX_POINT('',#2632);
#2632 = CARTESIAN_POINT('',(0.16,-7.78,-3.));
#2633 = LINE('',#2634,#2635);
#2634 = CARTESIAN_POINT('',(0.16,-7.78,-3.));
#2635 = VECTOR('',#2636,1.);
#2636 = DIRECTION('',(0.57735026919,-0.57735026919,0.57735026919));
#2637 = ORIENTED_EDGE('',*,*,#2638,.T.);
#2638 = EDGE_CURVE('',#2631,#2639,#2641,.T.);
#2639 = VERTEX_POINT('',#2640);
#2640 = CARTESIAN_POINT('',(-0.16,-7.78,-3.));
#2641 = LINE('',#2642,#2643);
#2642 = CARTESIAN_POINT('',(0.32,-7.78,-3.));
#2643 = VECTOR('',#2644,1.);
#2644 = DIRECTION('',(-1.,0.,0.));
#2645 = ORIENTED_EDGE('',*,*,#2646,.T.);
#2646 = EDGE_CURVE('',#2639,#1804,#2647,.T.);
#2647 = LINE('',#2648,#2649);
#2648 = CARTESIAN_POINT('',(-5.333333333333E-02,-7.673333333333,
    -3.106666666667));
#2649 = VECTOR('',#2650,1.);
#2650 = DIRECTION('',(-0.57735026919,-0.57735026919,0.57735026919));
#2651 = ORIENTED_EDGE('',*,*,#1803,.F.);
#2652 = PLANE('',#2653);
#2653 = AXIS2_PLACEMENT_3D('',#2654,#2655,#2656);
#2654 = CARTESIAN_POINT('',(0.32,-7.86,-2.92));
#2655 = DIRECTION('',(1.735167508357E-18,0.707106781187,0.707106781187)
  );
#2656 = DIRECTION('',(-1.,1.226948711654E-18,1.226948711654E-18));
#2657 = ADVANCED_FACE('',(#2658),#2683,.T.);
#2658 = FACE_BOUND('',#2659,.F.);
#2659 = EDGE_LOOP('',(#2660,#2668,#2669,#2677));
#2660 = ORIENTED_EDGE('',*,*,#2661,.F.);
#2661 = EDGE_CURVE('',#1827,#2662,#2664,.T.);
#2662 = VERTEX_POINT('',#2663);
#2663 = CARTESIAN_POINT('',(10.04,-4.92,1.43));
#2664 = LINE('',#2665,#2666);
#2665 = CARTESIAN_POINT('',(9.933333333333,-4.813333333333,
    1.536666666667));
#2666 = VECTOR('',#2667,1.);
#2667 = DIRECTION('',(0.57735026919,-0.57735026919,-0.57735026919));
#2668 = ORIENTED_EDGE('',*,*,#1834,.T.);
#2669 = ORIENTED_EDGE('',*,*,#2670,.T.);
#2670 = EDGE_CURVE('',#1835,#2671,#2673,.T.);
#2671 = VERTEX_POINT('',#2672);
#2672 = CARTESIAN_POINT('',(10.04,-4.92,1.11));
#2673 = LINE('',#2674,#2675);
#2674 = CARTESIAN_POINT('',(10.04,-4.92,1.11));
#2675 = VECTOR('',#2676,1.);
#2676 = DIRECTION('',(0.57735026919,-0.57735026919,0.57735026919));
#2677 = ORIENTED_EDGE('',*,*,#2678,.F.);
#2678 = EDGE_CURVE('',#2662,#2671,#2679,.T.);
#2679 = LINE('',#2680,#2681);
#2680 = CARTESIAN_POINT('',(10.04,-4.92,1.59));
#2681 = VECTOR('',#2682,1.);
#2682 = DIRECTION('',(0.,0.,-1.));
#2683 = PLANE('',#2684);
#2684 = AXIS2_PLACEMENT_3D('',#2685,#2686,#2687);
#2685 = CARTESIAN_POINT('',(9.96,-4.84,1.59));
#2686 = DIRECTION('',(0.707106781187,0.707106781187,-1.735167508357E-18)
  );
#2687 = DIRECTION('',(1.226948711654E-18,1.226948711654E-18,1.));
#2688 = ADVANCED_FACE('',(#2689),#2707,.T.);
#2689 = FACE_BOUND('',#2690,.F.);
#2690 = EDGE_LOOP('',(#2691,#2692,#2693,#2701));
#2691 = ORIENTED_EDGE('',*,*,#2670,.F.);
#2692 = ORIENTED_EDGE('',*,*,#1857,.T.);
#2693 = ORIENTED_EDGE('',*,*,#2694,.T.);
#2694 = EDGE_CURVE('',#1858,#2695,#2697,.T.);
#2695 = VERTEX_POINT('',#2696);
#2696 = CARTESIAN_POINT('',(10.04,-5.24,1.11));
#2697 = LINE('',#2698,#2699);
#2698 = CARTESIAN_POINT('',(10.146666666667,-5.133333333333,
    1.216666666667));
#2699 = VECTOR('',#2700,1.);
#2700 = DIRECTION('',(0.57735026919,0.57735026919,0.57735026919));
#2701 = ORIENTED_EDGE('',*,*,#2702,.F.);
#2702 = EDGE_CURVE('',#2671,#2695,#2703,.T.);
#2703 = LINE('',#2704,#2705);
#2704 = CARTESIAN_POINT('',(10.04,-4.76,1.11));
#2705 = VECTOR('',#2706,1.);
#2706 = DIRECTION('',(0.,-1.,0.));
#2707 = PLANE('',#2708);
#2708 = AXIS2_PLACEMENT_3D('',#2709,#2710,#2711);
#2709 = CARTESIAN_POINT('',(9.96,-4.76,1.03));
#2710 = DIRECTION('',(0.707106781187,0.,-0.707106781187));
#2711 = DIRECTION('',(0.,1.,0.));
#2712 = ADVANCED_FACE('',(#2713),#2731,.F.);
#2713 = FACE_BOUND('',#2714,.T.);
#2714 = EDGE_LOOP('',(#2715,#2723,#2724,#2725));
#2715 = ORIENTED_EDGE('',*,*,#2716,.F.);
#2716 = EDGE_CURVE('',#1882,#2717,#2719,.T.);
#2717 = VERTEX_POINT('',#2718);
#2718 = CARTESIAN_POINT('',(10.04,-5.24,1.43));
#2719 = LINE('',#2720,#2721);
#2720 = CARTESIAN_POINT('',(10.04,-5.24,1.43));
#2721 = VECTOR('',#2722,1.);
#2722 = DIRECTION('',(0.57735026919,0.57735026919,-0.57735026919));
#2723 = ORIENTED_EDGE('',*,*,#1889,.T.);
#2724 = ORIENTED_EDGE('',*,*,#2694,.T.);
#2725 = ORIENTED_EDGE('',*,*,#2726,.F.);
#2726 = EDGE_CURVE('',#2717,#2695,#2727,.T.);
#2727 = LINE('',#2728,#2729);
#2728 = CARTESIAN_POINT('',(10.04,-5.24,1.59));
#2729 = VECTOR('',#2730,1.);
#2730 = DIRECTION('',(0.,0.,-1.));
#2731 = PLANE('',#2732);
#2732 = AXIS2_PLACEMENT_3D('',#2733,#2734,#2735);
#2733 = CARTESIAN_POINT('',(9.96,-5.32,1.59));
#2734 = DIRECTION('',(-0.707106781187,0.707106781187,1.735167508357E-18)
  );
#2735 = DIRECTION('',(1.226948711654E-18,-1.226948711654E-18,1.));
#2736 = ADVANCED_FACE('',(#2737),#2748,.T.);
#2737 = FACE_BOUND('',#2738,.T.);
#2738 = EDGE_LOOP('',(#2739,#2740,#2741,#2742));
#2739 = ORIENTED_EDGE('',*,*,#2661,.F.);
#2740 = ORIENTED_EDGE('',*,*,#1907,.T.);
#2741 = ORIENTED_EDGE('',*,*,#2716,.T.);
#2742 = ORIENTED_EDGE('',*,*,#2743,.F.);
#2743 = EDGE_CURVE('',#2662,#2717,#2744,.T.);
#2744 = LINE('',#2745,#2746);
#2745 = CARTESIAN_POINT('',(10.04,-4.76,1.43));
#2746 = VECTOR('',#2747,1.);
#2747 = DIRECTION('',(0.,-1.,0.));
#2748 = PLANE('',#2749);
#2749 = AXIS2_PLACEMENT_3D('',#2750,#2751,#2752);
#2750 = CARTESIAN_POINT('',(9.96,-4.76,1.51));
#2751 = DIRECTION('',(0.707106781187,-1.735167508357E-18,0.707106781187)
  );
#2752 = DIRECTION('',(-1.226948711654E-18,-1.,-1.226948711654E-18));
#2753 = ADVANCED_FACE('',(#2754),#2779,.T.);
#2754 = FACE_BOUND('',#2755,.T.);
#2755 = EDGE_LOOP('',(#2756,#2764,#2765,#2773));
#2756 = ORIENTED_EDGE('',*,*,#2757,.F.);
#2757 = EDGE_CURVE('',#1922,#2758,#2760,.T.);
#2758 = VERTEX_POINT('',#2759);
#2759 = CARTESIAN_POINT('',(10.04,-2.38,1.43));
#2760 = LINE('',#2761,#2762);
#2761 = CARTESIAN_POINT('',(9.933333333333,-2.273333333333,
    1.536666666667));
#2762 = VECTOR('',#2763,1.);
#2763 = DIRECTION('',(0.57735026919,-0.57735026919,-0.57735026919));
#2764 = ORIENTED_EDGE('',*,*,#1938,.T.);
#2765 = ORIENTED_EDGE('',*,*,#2766,.T.);
#2766 = EDGE_CURVE('',#1931,#2767,#2769,.T.);
#2767 = VERTEX_POINT('',#2768);
#2768 = CARTESIAN_POINT('',(10.04,-2.7,1.43));
#2769 = LINE('',#2770,#2771);
#2770 = CARTESIAN_POINT('',(10.04,-2.7,1.43));
#2771 = VECTOR('',#2772,1.);
#2772 = DIRECTION('',(0.57735026919,0.57735026919,-0.57735026919));
#2773 = ORIENTED_EDGE('',*,*,#2774,.F.);
#2774 = EDGE_CURVE('',#2758,#2767,#2775,.T.);
#2775 = LINE('',#2776,#2777);
#2776 = CARTESIAN_POINT('',(10.04,-2.22,1.43));
#2777 = VECTOR('',#2778,1.);
#2778 = DIRECTION('',(0.,-1.,0.));
#2779 = PLANE('',#2780);
#2780 = AXIS2_PLACEMENT_3D('',#2781,#2782,#2783);
#2781 = CARTESIAN_POINT('',(9.96,-2.22,1.51));
#2782 = DIRECTION('',(0.707106781187,-1.735167508357E-18,0.707106781187)
  );
#2783 = DIRECTION('',(-1.226948711654E-18,-1.,-1.226948711654E-18));
#2784 = ADVANCED_FACE('',(#2785),#2803,.T.);
#2785 = FACE_BOUND('',#2786,.F.);
#2786 = EDGE_LOOP('',(#2787,#2788,#2789,#2797));
#2787 = ORIENTED_EDGE('',*,*,#2757,.F.);
#2788 = ORIENTED_EDGE('',*,*,#1954,.T.);
#2789 = ORIENTED_EDGE('',*,*,#2790,.T.);
#2790 = EDGE_CURVE('',#1955,#2791,#2793,.T.);
#2791 = VERTEX_POINT('',#2792);
#2792 = CARTESIAN_POINT('',(10.04,-2.38,1.11));
#2793 = LINE('',#2794,#2795);
#2794 = CARTESIAN_POINT('',(10.04,-2.38,1.11));
#2795 = VECTOR('',#2796,1.);
#2796 = DIRECTION('',(0.57735026919,-0.57735026919,0.57735026919));
#2797 = ORIENTED_EDGE('',*,*,#2798,.F.);
#2798 = EDGE_CURVE('',#2758,#2791,#2799,.T.);
#2799 = LINE('',#2800,#2801);
#2800 = CARTESIAN_POINT('',(10.04,-2.38,1.59));
#2801 = VECTOR('',#2802,1.);
#2802 = DIRECTION('',(0.,0.,-1.));
#2803 = PLANE('',#2804);
#2804 = AXIS2_PLACEMENT_3D('',#2805,#2806,#2807);
#2805 = CARTESIAN_POINT('',(9.96,-2.3,1.59));
#2806 = DIRECTION('',(0.707106781187,0.707106781187,-1.735167508357E-18)
  );
#2807 = DIRECTION('',(1.226948711654E-18,1.226948711654E-18,1.));
#2808 = ADVANCED_FACE('',(#2809),#2827,.T.);
#2809 = FACE_BOUND('',#2810,.F.);
#2810 = EDGE_LOOP('',(#2811,#2812,#2813,#2821));
#2811 = ORIENTED_EDGE('',*,*,#2790,.F.);
#2812 = ORIENTED_EDGE('',*,*,#1977,.T.);
#2813 = ORIENTED_EDGE('',*,*,#2814,.T.);
#2814 = EDGE_CURVE('',#1978,#2815,#2817,.T.);
#2815 = VERTEX_POINT('',#2816);
#2816 = CARTESIAN_POINT('',(10.04,-2.7,1.11));
#2817 = LINE('',#2818,#2819);
#2818 = CARTESIAN_POINT('',(10.146666666667,-2.593333333333,
    1.216666666667));
#2819 = VECTOR('',#2820,1.);
#2820 = DIRECTION('',(0.57735026919,0.57735026919,0.57735026919));
#2821 = ORIENTED_EDGE('',*,*,#2822,.F.);
#2822 = EDGE_CURVE('',#2791,#2815,#2823,.T.);
#2823 = LINE('',#2824,#2825);
#2824 = CARTESIAN_POINT('',(10.04,-2.22,1.11));
#2825 = VECTOR('',#2826,1.);
#2826 = DIRECTION('',(0.,-1.,0.));
#2827 = PLANE('',#2828);
#2828 = AXIS2_PLACEMENT_3D('',#2829,#2830,#2831);
#2829 = CARTESIAN_POINT('',(9.96,-2.22,1.03));
#2830 = DIRECTION('',(0.707106781187,0.,-0.707106781187));
#2831 = DIRECTION('',(0.,1.,0.));
#2832 = ADVANCED_FACE('',(#2833),#2844,.F.);
#2833 = FACE_BOUND('',#2834,.T.);
#2834 = EDGE_LOOP('',(#2835,#2836,#2837,#2838));
#2835 = ORIENTED_EDGE('',*,*,#2766,.F.);
#2836 = ORIENTED_EDGE('',*,*,#2002,.T.);
#2837 = ORIENTED_EDGE('',*,*,#2814,.T.);
#2838 = ORIENTED_EDGE('',*,*,#2839,.F.);
#2839 = EDGE_CURVE('',#2767,#2815,#2840,.T.);
#2840 = LINE('',#2841,#2842);
#2841 = CARTESIAN_POINT('',(10.04,-2.7,1.59));
#2842 = VECTOR('',#2843,1.);
#2843 = DIRECTION('',(0.,0.,-1.));
#2844 = PLANE('',#2845);
#2845 = AXIS2_PLACEMENT_3D('',#2846,#2847,#2848);
#2846 = CARTESIAN_POINT('',(9.96,-2.78,1.59));
#2847 = DIRECTION('',(-0.707106781187,0.707106781187,1.735167508357E-18)
  );
#2848 = DIRECTION('',(1.226948711654E-18,-1.226948711654E-18,1.));
#2849 = ADVANCED_FACE('',(#2850),#2875,.T.);
#2850 = FACE_BOUND('',#2851,.T.);
#2851 = EDGE_LOOP('',(#2852,#2860,#2861,#2869));
#2852 = ORIENTED_EDGE('',*,*,#2853,.F.);
#2853 = EDGE_CURVE('',#2018,#2854,#2856,.T.);
#2854 = VERTEX_POINT('',#2855);
#2855 = CARTESIAN_POINT('',(10.04,0.16,1.43));
#2856 = LINE('',#2857,#2858);
#2857 = CARTESIAN_POINT('',(9.933333333333,0.266666666667,1.536666666667
    ));
#2858 = VECTOR('',#2859,1.);
#2859 = DIRECTION('',(0.57735026919,-0.57735026919,-0.57735026919));
#2860 = ORIENTED_EDGE('',*,*,#2034,.T.);
#2861 = ORIENTED_EDGE('',*,*,#2862,.T.);
#2862 = EDGE_CURVE('',#2027,#2863,#2865,.T.);
#2863 = VERTEX_POINT('',#2864);
#2864 = CARTESIAN_POINT('',(10.04,-0.16,1.43));
#2865 = LINE('',#2866,#2867);
#2866 = CARTESIAN_POINT('',(10.04,-0.16,1.43));
#2867 = VECTOR('',#2868,1.);
#2868 = DIRECTION('',(0.57735026919,0.57735026919,-0.57735026919));
#2869 = ORIENTED_EDGE('',*,*,#2870,.F.);
#2870 = EDGE_CURVE('',#2854,#2863,#2871,.T.);
#2871 = LINE('',#2872,#2873);
#2872 = CARTESIAN_POINT('',(10.04,0.32,1.43));
#2873 = VECTOR('',#2874,1.);
#2874 = DIRECTION('',(0.,-1.,0.));
#2875 = PLANE('',#2876);
#2876 = AXIS2_PLACEMENT_3D('',#2877,#2878,#2879);
#2877 = CARTESIAN_POINT('',(9.96,0.32,1.51));
#2878 = DIRECTION('',(0.707106781187,-1.735167508357E-18,0.707106781187)
  );
#2879 = DIRECTION('',(-1.226948711654E-18,-1.,-1.226948711654E-18));
#2880 = ADVANCED_FACE('',(#2881),#2899,.T.);
#2881 = FACE_BOUND('',#2882,.F.);
#2882 = EDGE_LOOP('',(#2883,#2884,#2885,#2893));
#2883 = ORIENTED_EDGE('',*,*,#2853,.F.);
#2884 = ORIENTED_EDGE('',*,*,#2050,.T.);
#2885 = ORIENTED_EDGE('',*,*,#2886,.T.);
#2886 = EDGE_CURVE('',#2051,#2887,#2889,.T.);
#2887 = VERTEX_POINT('',#2888);
#2888 = CARTESIAN_POINT('',(10.04,0.16,1.11));
#2889 = LINE('',#2890,#2891);
#2890 = CARTESIAN_POINT('',(10.04,0.16,1.11));
#2891 = VECTOR('',#2892,1.);
#2892 = DIRECTION('',(0.57735026919,-0.57735026919,0.57735026919));
#2893 = ORIENTED_EDGE('',*,*,#2894,.F.);
#2894 = EDGE_CURVE('',#2854,#2887,#2895,.T.);
#2895 = LINE('',#2896,#2897);
#2896 = CARTESIAN_POINT('',(10.04,0.16,1.59));
#2897 = VECTOR('',#2898,1.);
#2898 = DIRECTION('',(0.,0.,-1.));
#2899 = PLANE('',#2900);
#2900 = AXIS2_PLACEMENT_3D('',#2901,#2902,#2903);
#2901 = CARTESIAN_POINT('',(9.96,0.24,1.59));
#2902 = DIRECTION('',(0.707106781187,0.707106781187,-1.735167508357E-18)
  );
#2903 = DIRECTION('',(1.226948711654E-18,1.226948711654E-18,1.));
#2904 = ADVANCED_FACE('',(#2905),#2923,.T.);
#2905 = FACE_BOUND('',#2906,.F.);
#2906 = EDGE_LOOP('',(#2907,#2908,#2909,#2917));
#2907 = ORIENTED_EDGE('',*,*,#2886,.F.);
#2908 = ORIENTED_EDGE('',*,*,#2073,.T.);
#2909 = ORIENTED_EDGE('',*,*,#2910,.T.);
#2910 = EDGE_CURVE('',#2074,#2911,#2913,.T.);
#2911 = VERTEX_POINT('',#2912);
#2912 = CARTESIAN_POINT('',(10.04,-0.16,1.11));
#2913 = LINE('',#2914,#2915);
#2914 = CARTESIAN_POINT('',(10.146666666667,-5.333333333333E-02,
    1.216666666667));
#2915 = VECTOR('',#2916,1.);
#2916 = DIRECTION('',(0.57735026919,0.57735026919,0.57735026919));
#2917 = ORIENTED_EDGE('',*,*,#2918,.F.);
#2918 = EDGE_CURVE('',#2887,#2911,#2919,.T.);
#2919 = LINE('',#2920,#2921);
#2920 = CARTESIAN_POINT('',(10.04,0.32,1.11));
#2921 = VECTOR('',#2922,1.);
#2922 = DIRECTION('',(0.,-1.,0.));
#2923 = PLANE('',#2924);
#2924 = AXIS2_PLACEMENT_3D('',#2925,#2926,#2927);
#2925 = CARTESIAN_POINT('',(9.96,0.32,1.03));
#2926 = DIRECTION('',(0.707106781187,0.,-0.707106781187));
#2927 = DIRECTION('',(0.,1.,0.));
#2928 = ADVANCED_FACE('',(#2929),#2940,.F.);
#2929 = FACE_BOUND('',#2930,.T.);
#2930 = EDGE_LOOP('',(#2931,#2932,#2933,#2934));
#2931 = ORIENTED_EDGE('',*,*,#2862,.F.);
#2932 = ORIENTED_EDGE('',*,*,#2098,.T.);
#2933 = ORIENTED_EDGE('',*,*,#2910,.T.);
#2934 = ORIENTED_EDGE('',*,*,#2935,.F.);
#2935 = EDGE_CURVE('',#2863,#2911,#2936,.T.);
#2936 = LINE('',#2937,#2938);
#2937 = CARTESIAN_POINT('',(10.04,-0.16,1.59));
#2938 = VECTOR('',#2939,1.);
#2939 = DIRECTION('',(0.,0.,-1.));
#2940 = PLANE('',#2941);
#2941 = AXIS2_PLACEMENT_3D('',#2942,#2943,#2944);
#2942 = CARTESIAN_POINT('',(9.96,-0.24,1.59));
#2943 = DIRECTION('',(-0.707106781187,0.707106781187,1.735167508357E-18)
  );
#2944 = DIRECTION('',(1.226948711654E-18,-1.226948711654E-18,1.));
#2945 = ADVANCED_FACE('',(#2946),#2971,.T.);
#2946 = FACE_BOUND('',#2947,.T.);
#2947 = EDGE_LOOP('',(#2948,#2956,#2957,#2965));
#2948 = ORIENTED_EDGE('',*,*,#2949,.F.);
#2949 = EDGE_CURVE('',#2114,#2950,#2952,.T.);
#2950 = VERTEX_POINT('',#2951);
#2951 = CARTESIAN_POINT('',(10.04,-7.46,1.43));
#2952 = LINE('',#2953,#2954);
#2953 = CARTESIAN_POINT('',(9.933333333333,-7.353333333333,
    1.536666666667));
#2954 = VECTOR('',#2955,1.);
#2955 = DIRECTION('',(0.57735026919,-0.57735026919,-0.57735026919));
#2956 = ORIENTED_EDGE('',*,*,#2130,.T.);
#2957 = ORIENTED_EDGE('',*,*,#2958,.T.);
#2958 = EDGE_CURVE('',#2123,#2959,#2961,.T.);
#2959 = VERTEX_POINT('',#2960);
#2960 = CARTESIAN_POINT('',(10.04,-7.78,1.43));
#2961 = LINE('',#2962,#2963);
#2962 = CARTESIAN_POINT('',(10.04,-7.78,1.43));
#2963 = VECTOR('',#2964,1.);
#2964 = DIRECTION('',(0.57735026919,0.57735026919,-0.57735026919));
#2965 = ORIENTED_EDGE('',*,*,#2966,.F.);
#2966 = EDGE_CURVE('',#2950,#2959,#2967,.T.);
#2967 = LINE('',#2968,#2969);
#2968 = CARTESIAN_POINT('',(10.04,-7.3,1.43));
#2969 = VECTOR('',#2970,1.);
#2970 = DIRECTION('',(0.,-1.,0.));
#2971 = PLANE('',#2972);
#2972 = AXIS2_PLACEMENT_3D('',#2973,#2974,#2975);
#2973 = CARTESIAN_POINT('',(9.96,-7.3,1.51));
#2974 = DIRECTION('',(0.707106781187,-1.735167508357E-18,0.707106781187)
  );
#2975 = DIRECTION('',(-1.226948711654E-18,-1.,-1.226948711654E-18));
#2976 = ADVANCED_FACE('',(#2977),#2995,.T.);
#2977 = FACE_BOUND('',#2978,.F.);
#2978 = EDGE_LOOP('',(#2979,#2980,#2981,#2989));
#2979 = ORIENTED_EDGE('',*,*,#2949,.F.);
#2980 = ORIENTED_EDGE('',*,*,#2146,.T.);
#2981 = ORIENTED_EDGE('',*,*,#2982,.T.);
#2982 = EDGE_CURVE('',#2147,#2983,#2985,.T.);
#2983 = VERTEX_POINT('',#2984);
#2984 = CARTESIAN_POINT('',(10.04,-7.46,1.11));
#2985 = LINE('',#2986,#2987);
#2986 = CARTESIAN_POINT('',(10.04,-7.46,1.11));
#2987 = VECTOR('',#2988,1.);
#2988 = DIRECTION('',(0.57735026919,-0.57735026919,0.57735026919));
#2989 = ORIENTED_EDGE('',*,*,#2990,.F.);
#2990 = EDGE_CURVE('',#2950,#2983,#2991,.T.);
#2991 = LINE('',#2992,#2993);
#2992 = CARTESIAN_POINT('',(10.04,-7.46,1.59));
#2993 = VECTOR('',#2994,1.);
#2994 = DIRECTION('',(0.,0.,-1.));
#2995 = PLANE('',#2996);
#2996 = AXIS2_PLACEMENT_3D('',#2997,#2998,#2999);
#2997 = CARTESIAN_POINT('',(9.96,-7.38,1.59));
#2998 = DIRECTION('',(0.707106781187,0.707106781187,-1.735167508357E-18)
  );
#2999 = DIRECTION('',(1.226948711654E-18,1.226948711654E-18,1.));
#3000 = ADVANCED_FACE('',(#3001),#3019,.T.);
#3001 = FACE_BOUND('',#3002,.F.);
#3002 = EDGE_LOOP('',(#3003,#3004,#3005,#3013));
#3003 = ORIENTED_EDGE('',*,*,#2982,.F.);
#3004 = ORIENTED_EDGE('',*,*,#2169,.T.);
#3005 = ORIENTED_EDGE('',*,*,#3006,.T.);
#3006 = EDGE_CURVE('',#2170,#3007,#3009,.T.);
#3007 = VERTEX_POINT('',#3008);
#3008 = CARTESIAN_POINT('',(10.04,-7.78,1.11));
#3009 = LINE('',#3010,#3011);
#3010 = CARTESIAN_POINT('',(10.146666666667,-7.673333333333,
    1.216666666667));
#3011 = VECTOR('',#3012,1.);
#3012 = DIRECTION('',(0.57735026919,0.57735026919,0.57735026919));
#3013 = ORIENTED_EDGE('',*,*,#3014,.F.);
#3014 = EDGE_CURVE('',#2983,#3007,#3015,.T.);
#3015 = LINE('',#3016,#3017);
#3016 = CARTESIAN_POINT('',(10.04,-7.3,1.11));
#3017 = VECTOR('',#3018,1.);
#3018 = DIRECTION('',(0.,-1.,0.));
#3019 = PLANE('',#3020);
#3020 = AXIS2_PLACEMENT_3D('',#3021,#3022,#3023);
#3021 = CARTESIAN_POINT('',(9.96,-7.3,1.03));
#3022 = DIRECTION('',(0.707106781187,0.,-0.707106781187));
#3023 = DIRECTION('',(0.,1.,0.));
#3024 = ADVANCED_FACE('',(#3025),#3036,.F.);
#3025 = FACE_BOUND('',#3026,.T.);
#3026 = EDGE_LOOP('',(#3027,#3028,#3029,#3030));
#3027 = ORIENTED_EDGE('',*,*,#2958,.F.);
#3028 = ORIENTED_EDGE('',*,*,#2194,.T.);
#3029 = ORIENTED_EDGE('',*,*,#3006,.T.);
#3030 = ORIENTED_EDGE('',*,*,#3031,.F.);
#3031 = EDGE_CURVE('',#2959,#3007,#3032,.T.);
#3032 = LINE('',#3033,#3034);
#3033 = CARTESIAN_POINT('',(10.04,-7.78,1.59));
#3034 = VECTOR('',#3035,1.);
#3035 = DIRECTION('',(0.,0.,-1.));
#3036 = PLANE('',#3037);
#3037 = AXIS2_PLACEMENT_3D('',#3038,#3039,#3040);
#3038 = CARTESIAN_POINT('',(9.96,-7.86,1.59));
#3039 = DIRECTION('',(-0.707106781187,0.707106781187,1.735167508357E-18)
  );
#3040 = DIRECTION('',(1.226948711654E-18,-1.226948711654E-18,1.));
#3041 = ADVANCED_FACE('',(#3042),#3053,.T.);
#3042 = FACE_BOUND('',#3043,.F.);
#3043 = EDGE_LOOP('',(#3044,#3045,#3046,#3047));
#3044 = ORIENTED_EDGE('',*,*,#2252,.F.);
#3045 = ORIENTED_EDGE('',*,*,#2227,.T.);
#3046 = ORIENTED_EDGE('',*,*,#2307,.F.);
#3047 = ORIENTED_EDGE('',*,*,#3048,.F.);
#3048 = EDGE_CURVE('',#2253,#2300,#3049,.T.);
#3049 = LINE('',#3050,#3051);
#3050 = CARTESIAN_POINT('',(-0.16,-4.76,-3.));
#3051 = VECTOR('',#3052,1.);
#3052 = DIRECTION('',(0.,-1.,0.));
#3053 = PLANE('',#3054);
#3054 = AXIS2_PLACEMENT_3D('',#3055,#3056,#3057);
#3055 = CARTESIAN_POINT('',(-0.24,-4.76,-2.92));
#3056 = DIRECTION('',(-0.707106781187,-1.735167508357E-18,
    -0.707106781187));
#3057 = DIRECTION('',(-1.226948711654E-18,1.,-1.226948711654E-18));
#3058 = ADVANCED_FACE('',(#3059),#3070,.T.);
#3059 = FACE_BOUND('',#3060,.F.);
#3060 = EDGE_LOOP('',(#3061,#3062,#3068,#3069));
#3061 = ORIENTED_EDGE('',*,*,#2243,.F.);
#3062 = ORIENTED_EDGE('',*,*,#3063,.T.);
#3063 = EDGE_CURVE('',#2244,#2292,#3064,.T.);
#3064 = LINE('',#3065,#3066);
#3065 = CARTESIAN_POINT('',(0.16,-4.76,-3.));
#3066 = VECTOR('',#3067,1.);
#3067 = DIRECTION('',(0.,-1.,0.));
#3068 = ORIENTED_EDGE('',*,*,#2291,.T.);
#3069 = ORIENTED_EDGE('',*,*,#2277,.F.);
#3070 = PLANE('',#3071);
#3071 = AXIS2_PLACEMENT_3D('',#3072,#3073,#3074);
#3072 = CARTESIAN_POINT('',(0.24,-4.76,-2.92));
#3073 = DIRECTION('',(0.707106781187,1.735167508357E-18,-0.707106781187)
  );
#3074 = DIRECTION('',(-1.226948711654E-18,1.,1.226948711654E-18));
#3075 = ADVANCED_FACE('',(#3076),#3082,.T.);
#3076 = FACE_BOUND('',#3077,.T.);
#3077 = EDGE_LOOP('',(#3078,#3079,#3080,#3081));
#3078 = ORIENTED_EDGE('',*,*,#3063,.T.);
#3079 = ORIENTED_EDGE('',*,*,#2299,.T.);
#3080 = ORIENTED_EDGE('',*,*,#3048,.F.);
#3081 = ORIENTED_EDGE('',*,*,#2260,.F.);
#3082 = PLANE('',#3083);
#3083 = AXIS2_PLACEMENT_3D('',#3084,#3085,#3086);
#3084 = CARTESIAN_POINT('',(0.32,-4.76,-3.));
#3085 = DIRECTION('',(-0.,-0.,-1.));
#3086 = DIRECTION('',(-1.,0.,0.));
#3087 = ADVANCED_FACE('',(#3088),#3099,.T.);
#3088 = FACE_BOUND('',#3089,.F.);
#3089 = EDGE_LOOP('',(#3090,#3091,#3092,#3093));
#3090 = ORIENTED_EDGE('',*,*,#2365,.F.);
#3091 = ORIENTED_EDGE('',*,*,#2340,.T.);
#3092 = ORIENTED_EDGE('',*,*,#2420,.F.);
#3093 = ORIENTED_EDGE('',*,*,#3094,.F.);
#3094 = EDGE_CURVE('',#2366,#2413,#3095,.T.);
#3095 = LINE('',#3096,#3097);
#3096 = CARTESIAN_POINT('',(-0.16,-2.22,-3.));
#3097 = VECTOR('',#3098,1.);
#3098 = DIRECTION('',(0.,-1.,0.));
#3099 = PLANE('',#3100);
#3100 = AXIS2_PLACEMENT_3D('',#3101,#3102,#3103);
#3101 = CARTESIAN_POINT('',(-0.24,-2.22,-2.92));
#3102 = DIRECTION('',(-0.707106781187,-1.735167508357E-18,
    -0.707106781187));
#3103 = DIRECTION('',(-1.226948711654E-18,1.,-1.226948711654E-18));
#3104 = ADVANCED_FACE('',(#3105),#3116,.T.);
#3105 = FACE_BOUND('',#3106,.F.);
#3106 = EDGE_LOOP('',(#3107,#3108,#3114,#3115));
#3107 = ORIENTED_EDGE('',*,*,#2356,.F.);
#3108 = ORIENTED_EDGE('',*,*,#3109,.T.);
#3109 = EDGE_CURVE('',#2357,#2405,#3110,.T.);
#3110 = LINE('',#3111,#3112);
#3111 = CARTESIAN_POINT('',(0.16,-2.22,-3.));
#3112 = VECTOR('',#3113,1.);
#3113 = DIRECTION('',(0.,-1.,0.));
#3114 = ORIENTED_EDGE('',*,*,#2404,.T.);
#3115 = ORIENTED_EDGE('',*,*,#2390,.F.);
#3116 = PLANE('',#3117);
#3117 = AXIS2_PLACEMENT_3D('',#3118,#3119,#3120);
#3118 = CARTESIAN_POINT('',(0.24,-2.22,-2.92));
#3119 = DIRECTION('',(0.707106781187,1.735167508357E-18,-0.707106781187)
  );
#3120 = DIRECTION('',(-1.226948711654E-18,1.,1.226948711654E-18));
#3121 = ADVANCED_FACE('',(#3122),#3128,.T.);
#3122 = FACE_BOUND('',#3123,.T.);
#3123 = EDGE_LOOP('',(#3124,#3125,#3126,#3127));
#3124 = ORIENTED_EDGE('',*,*,#3109,.T.);
#3125 = ORIENTED_EDGE('',*,*,#2412,.T.);
#3126 = ORIENTED_EDGE('',*,*,#3094,.F.);
#3127 = ORIENTED_EDGE('',*,*,#2373,.F.);
#3128 = PLANE('',#3129);
#3129 = AXIS2_PLACEMENT_3D('',#3130,#3131,#3132);
#3130 = CARTESIAN_POINT('',(0.32,-2.22,-3.));
#3131 = DIRECTION('',(-0.,-0.,-1.));
#3132 = DIRECTION('',(-1.,0.,0.));
#3133 = ADVANCED_FACE('',(#3134),#3145,.T.);
#3134 = FACE_BOUND('',#3135,.F.);
#3135 = EDGE_LOOP('',(#3136,#3137,#3138,#3139));
#3136 = ORIENTED_EDGE('',*,*,#2478,.F.);
#3137 = ORIENTED_EDGE('',*,*,#2453,.T.);
#3138 = ORIENTED_EDGE('',*,*,#2533,.F.);
#3139 = ORIENTED_EDGE('',*,*,#3140,.F.);
#3140 = EDGE_CURVE('',#2479,#2526,#3141,.T.);
#3141 = LINE('',#3142,#3143);
#3142 = CARTESIAN_POINT('',(-0.16,0.32,-3.));
#3143 = VECTOR('',#3144,1.);
#3144 = DIRECTION('',(0.,-1.,0.));
#3145 = PLANE('',#3146);
#3146 = AXIS2_PLACEMENT_3D('',#3147,#3148,#3149);
#3147 = CARTESIAN_POINT('',(-0.24,0.32,-2.92));
#3148 = DIRECTION('',(-0.707106781187,-1.735167508357E-18,
    -0.707106781187));
#3149 = DIRECTION('',(-1.226948711654E-18,1.,-1.226948711654E-18));
#3150 = ADVANCED_FACE('',(#3151),#3162,.T.);
#3151 = FACE_BOUND('',#3152,.F.);
#3152 = EDGE_LOOP('',(#3153,#3154,#3160,#3161));
#3153 = ORIENTED_EDGE('',*,*,#2469,.F.);
#3154 = ORIENTED_EDGE('',*,*,#3155,.T.);
#3155 = EDGE_CURVE('',#2470,#2518,#3156,.T.);
#3156 = LINE('',#3157,#3158);
#3157 = CARTESIAN_POINT('',(0.16,0.32,-3.));
#3158 = VECTOR('',#3159,1.);
#3159 = DIRECTION('',(0.,-1.,0.));
#3160 = ORIENTED_EDGE('',*,*,#2517,.T.);
#3161 = ORIENTED_EDGE('',*,*,#2503,.F.);
#3162 = PLANE('',#3163);
#3163 = AXIS2_PLACEMENT_3D('',#3164,#3165,#3166);
#3164 = CARTESIAN_POINT('',(0.24,0.32,-2.92));
#3165 = DIRECTION('',(0.707106781187,1.735167508357E-18,-0.707106781187)
  );
#3166 = DIRECTION('',(-1.226948711654E-18,1.,1.226948711654E-18));
#3167 = ADVANCED_FACE('',(#3168),#3174,.T.);
#3168 = FACE_BOUND('',#3169,.T.);
#3169 = EDGE_LOOP('',(#3170,#3171,#3172,#3173));
#3170 = ORIENTED_EDGE('',*,*,#3155,.T.);
#3171 = ORIENTED_EDGE('',*,*,#2525,.T.);
#3172 = ORIENTED_EDGE('',*,*,#3140,.F.);
#3173 = ORIENTED_EDGE('',*,*,#2486,.F.);
#3174 = PLANE('',#3175);
#3175 = AXIS2_PLACEMENT_3D('',#3176,#3177,#3178);
#3176 = CARTESIAN_POINT('',(0.32,0.32,-3.));
#3177 = DIRECTION('',(-0.,-0.,-1.));
#3178 = DIRECTION('',(-1.,0.,0.));
#3179 = ADVANCED_FACE('',(#3180),#3191,.T.);
#3180 = FACE_BOUND('',#3181,.F.);
#3181 = EDGE_LOOP('',(#3182,#3183,#3184,#3185));
#3182 = ORIENTED_EDGE('',*,*,#2591,.F.);
#3183 = ORIENTED_EDGE('',*,*,#2566,.T.);
#3184 = ORIENTED_EDGE('',*,*,#2646,.F.);
#3185 = ORIENTED_EDGE('',*,*,#3186,.F.);
#3186 = EDGE_CURVE('',#2592,#2639,#3187,.T.);
#3187 = LINE('',#3188,#3189);
#3188 = CARTESIAN_POINT('',(-0.16,-7.3,-3.));
#3189 = VECTOR('',#3190,1.);
#3190 = DIRECTION('',(0.,-1.,0.));
#3191 = PLANE('',#3192);
#3192 = AXIS2_PLACEMENT_3D('',#3193,#3194,#3195);
#3193 = CARTESIAN_POINT('',(-0.24,-7.3,-2.92));
#3194 = DIRECTION('',(-0.707106781187,-1.735167508357E-18,
    -0.707106781187));
#3195 = DIRECTION('',(-1.226948711654E-18,1.,-1.226948711654E-18));
#3196 = ADVANCED_FACE('',(#3197),#3208,.T.);
#3197 = FACE_BOUND('',#3198,.F.);
#3198 = EDGE_LOOP('',(#3199,#3200,#3206,#3207));
#3199 = ORIENTED_EDGE('',*,*,#2582,.F.);
#3200 = ORIENTED_EDGE('',*,*,#3201,.T.);
#3201 = EDGE_CURVE('',#2583,#2631,#3202,.T.);
#3202 = LINE('',#3203,#3204);
#3203 = CARTESIAN_POINT('',(0.16,-7.3,-3.));
#3204 = VECTOR('',#3205,1.);
#3205 = DIRECTION('',(0.,-1.,0.));
#3206 = ORIENTED_EDGE('',*,*,#2630,.T.);
#3207 = ORIENTED_EDGE('',*,*,#2616,.F.);
#3208 = PLANE('',#3209);
#3209 = AXIS2_PLACEMENT_3D('',#3210,#3211,#3212);
#3210 = CARTESIAN_POINT('',(0.24,-7.3,-2.92));
#3211 = DIRECTION('',(0.707106781187,1.735167508357E-18,-0.707106781187)
  );
#3212 = DIRECTION('',(-1.226948711654E-18,1.,1.226948711654E-18));
#3213 = ADVANCED_FACE('',(#3214),#3220,.T.);
#3214 = FACE_BOUND('',#3215,.T.);
#3215 = EDGE_LOOP('',(#3216,#3217,#3218,#3219));
#3216 = ORIENTED_EDGE('',*,*,#3201,.T.);
#3217 = ORIENTED_EDGE('',*,*,#2638,.T.);
#3218 = ORIENTED_EDGE('',*,*,#3186,.F.);
#3219 = ORIENTED_EDGE('',*,*,#2599,.F.);
#3220 = PLANE('',#3221);
#3221 = AXIS2_PLACEMENT_3D('',#3222,#3223,#3224);
#3222 = CARTESIAN_POINT('',(0.32,-7.3,-3.));
#3223 = DIRECTION('',(-0.,-0.,-1.));
#3224 = DIRECTION('',(-1.,0.,0.));
#3225 = ADVANCED_FACE('',(#3226),#3232,.T.);
#3226 = FACE_BOUND('',#3227,.T.);
#3227 = EDGE_LOOP('',(#3228,#3229,#3230,#3231));
#3228 = ORIENTED_EDGE('',*,*,#2678,.F.);
#3229 = ORIENTED_EDGE('',*,*,#2743,.T.);
#3230 = ORIENTED_EDGE('',*,*,#2726,.T.);
#3231 = ORIENTED_EDGE('',*,*,#2702,.F.);
#3232 = PLANE('',#3233);
#3233 = AXIS2_PLACEMENT_3D('',#3234,#3235,#3236);
#3234 = CARTESIAN_POINT('',(10.04,-4.76,1.59));
#3235 = DIRECTION('',(1.,0.,0.));
#3236 = DIRECTION('',(0.,0.,-1.));
#3237 = ADVANCED_FACE('',(#3238),#3244,.T.);
#3238 = FACE_BOUND('',#3239,.T.);
#3239 = EDGE_LOOP('',(#3240,#3241,#3242,#3243));
#3240 = ORIENTED_EDGE('',*,*,#2798,.F.);
#3241 = ORIENTED_EDGE('',*,*,#2774,.T.);
#3242 = ORIENTED_EDGE('',*,*,#2839,.T.);
#3243 = ORIENTED_EDGE('',*,*,#2822,.F.);
#3244 = PLANE('',#3245);
#3245 = AXIS2_PLACEMENT_3D('',#3246,#3247,#3248);
#3246 = CARTESIAN_POINT('',(10.04,-2.22,1.59));
#3247 = DIRECTION('',(1.,0.,0.));
#3248 = DIRECTION('',(0.,0.,-1.));
#3249 = ADVANCED_FACE('',(#3250),#3256,.T.);
#3250 = FACE_BOUND('',#3251,.T.);
#3251 = EDGE_LOOP('',(#3252,#3253,#3254,#3255));
#3252 = ORIENTED_EDGE('',*,*,#2894,.F.);
#3253 = ORIENTED_EDGE('',*,*,#2870,.T.);
#3254 = ORIENTED_EDGE('',*,*,#2935,.T.);
#3255 = ORIENTED_EDGE('',*,*,#2918,.F.);
#3256 = PLANE('',#3257);
#3257 = AXIS2_PLACEMENT_3D('',#3258,#3259,#3260);
#3258 = CARTESIAN_POINT('',(10.04,0.32,1.59));
#3259 = DIRECTION('',(1.,0.,0.));
#3260 = DIRECTION('',(0.,0.,-1.));
#3261 = ADVANCED_FACE('',(#3262),#3268,.T.);
#3262 = FACE_BOUND('',#3263,.T.);
#3263 = EDGE_LOOP('',(#3264,#3265,#3266,#3267));
#3264 = ORIENTED_EDGE('',*,*,#2990,.F.);
#3265 = ORIENTED_EDGE('',*,*,#2966,.T.);
#3266 = ORIENTED_EDGE('',*,*,#3031,.T.);
#3267 = ORIENTED_EDGE('',*,*,#3014,.F.);
#3268 = PLANE('',#3269);
#3269 = AXIS2_PLACEMENT_3D('',#3270,#3271,#3272);
#3270 = CARTESIAN_POINT('',(10.04,-7.3,1.59));
#3271 = DIRECTION('',(1.,0.,0.));
#3272 = DIRECTION('',(0.,0.,-1.));
#3273 = ( GEOMETRIC_REPRESENTATION_CONTEXT(3) 
GLOBAL_UNCERTAINTY_ASSIGNED_CONTEXT((#3277)) 
GLOBAL_UNIT_ASSIGNED_CONTEXT((#3274,#3275,#3276)) REPRESENTATION_CONTEXT
('Context #1','3D Context with UNIT and UNCERTAINTY') );
#3274 = ( LENGTH_UNIT() NAMED_UNIT(*) SI_UNIT(.MILLI.,.METRE.) );
#3275 = ( NAMED_UNIT(*) PLANE_ANGLE_UNIT() SI_UNIT($,.RADIAN.) );
#3276 = ( NAMED_UNIT(*) SI_UNIT($,.STERADIAN.) SOLID_ANGLE_UNIT() );
#3277 = UNCERTAINTY_MEASURE_WITH_UNIT(LENGTH_MEASURE(1.E-07),#3274,
  'distance_accuracy_value','confusion accuracy');
#3278 = CONTEXT_DEPENDENT_SHAPE_REPRESENTATION(#3279,#3281);
#3279 = ( REPRESENTATION_RELATIONSHIP('','',#88,#10) 
REPRESENTATION_RELATIONSHIP_WITH_TRANSFORMATION(#3280) 
SHAPE_REPRESENTATION_RELATIONSHIP() );
#3280 = ITEM_DEFINED_TRANSFORMATION('','',#11,#15);
#3281 = PRODUCT_DEFINITION_SHAPE('Placement','Placement of an item',
  #3282);
#3282 = NEXT_ASSEMBLY_USAGE_OCCURRENCE('1','J1','',#5,#83,$);
#3283 = PRODUCT_RELATED_PRODUCT_CATEGORY('part',$,(#85));
#3284 = SHAPE_DEFINITION_REPRESENTATION(#3285,#3291);
#3285 = PRODUCT_DEFINITION_SHAPE('','',#3286);
#3286 = PRODUCT_DEFINITION('design','',#3287,#3290);
#3287 = PRODUCT_DEFINITION_FORMATION('','',#3288);
#3288 = PRODUCT('PinHeader_1x02_P2.54mm_Horizontal',
  'PinHeader_1x02_P2.54mm_Horizontal','',(#3289));
#3289 = PRODUCT_CONTEXT('',#2,'mechanical');
#3290 = PRODUCT_DEFINITION_CONTEXT('part definition',#2,'design');
#3291 = ADVANCED_BREP_SHAPE_REPRESENTATION('',(#11,#3292),#4926);
#3292 = MANIFOLD_SOLID_BREP('',#3293);
#3293 = CLOSED_SHELL('',(#3294,#3334,#3365,#3396,#3561,#3726,#3743,#3760
    ,#3777,#3794,#3811,#3828,#3845,#3862,#3879,#3896,#3908,#3939,#3988,
    #4012,#4054,#4085,#4134,#4158,#4200,#4231,#4255,#4279,#4296,#4327,
    #4351,#4375,#4392,#4409,#4426,#4443,#4474,#4505,#4522,#4539,#4556,
    #4587,#4618,#4649,#4673,#4697,#4714,#4745,#4769,#4793,#4810,#4827,
    #4844,#4856,#4873,#4890,#4902,#4914));
#3294 = ADVANCED_FACE('',(#3295),#3329,.T.);
#3295 = FACE_BOUND('',#3296,.T.);
#3296 = EDGE_LOOP('',(#3297,#3307,#3315,#3323));
#3297 = ORIENTED_EDGE('',*,*,#3298,.T.);
#3298 = EDGE_CURVE('',#3299,#3301,#3303,.T.);
#3299 = VERTEX_POINT('',#3300);
#3300 = CARTESIAN_POINT('',(1.5,1.27,0.254));
#3301 = VERTEX_POINT('',#3302);
#3302 = CARTESIAN_POINT('',(4.04,1.27,0.254));
#3303 = LINE('',#3304,#3305);
#3304 = CARTESIAN_POINT('',(1.5,1.27,0.254));
#3305 = VECTOR('',#3306,1.);
#3306 = DIRECTION('',(1.,0.,0.));
#3307 = ORIENTED_EDGE('',*,*,#3308,.T.);
#3308 = EDGE_CURVE('',#3301,#3309,#3311,.T.);
#3309 = VERTEX_POINT('',#3310);
#3310 = CARTESIAN_POINT('',(4.04,1.016,0.));
#3311 = LINE('',#3312,#3313);
#3312 = CARTESIAN_POINT('',(4.04,1.27,0.254));
#3313 = VECTOR('',#3314,1.);
#3314 = DIRECTION('',(0.,-0.707106781187,-0.707106781187));
#3315 = ORIENTED_EDGE('',*,*,#3316,.F.);
#3316 = EDGE_CURVE('',#3317,#3309,#3319,.T.);
#3317 = VERTEX_POINT('',#3318);
#3318 = CARTESIAN_POINT('',(1.5,1.016,0.));
#3319 = LINE('',#3320,#3321);
#3320 = CARTESIAN_POINT('',(1.5,1.016,0.));
#3321 = VECTOR('',#3322,1.);
#3322 = DIRECTION('',(1.,0.,0.));
#3323 = ORIENTED_EDGE('',*,*,#3324,.F.);
#3324 = EDGE_CURVE('',#3299,#3317,#3325,.T.);
#3325 = LINE('',#3326,#3327);
#3326 = CARTESIAN_POINT('',(1.5,1.27,0.254));
#3327 = VECTOR('',#3328,1.);
#3328 = DIRECTION('',(0.,-0.707106781187,-0.707106781187));
#3329 = PLANE('',#3330);
#3330 = AXIS2_PLACEMENT_3D('',#3331,#3332,#3333);
#3331 = CARTESIAN_POINT('',(1.5,1.27,0.254));
#3332 = DIRECTION('',(0.,0.707106781187,-0.707106781187));
#3333 = DIRECTION('',(0.,-0.707106781187,-0.707106781187));
#3334 = ADVANCED_FACE('',(#3335),#3360,.T.);
#3335 = FACE_BOUND('',#3336,.T.);
#3336 = EDGE_LOOP('',(#3337,#3347,#3353,#3354));
#3337 = ORIENTED_EDGE('',*,*,#3338,.T.);
#3338 = EDGE_CURVE('',#3339,#3341,#3343,.T.);
#3339 = VERTEX_POINT('',#3340);
#3340 = CARTESIAN_POINT('',(1.5,1.27,2.286));
#3341 = VERTEX_POINT('',#3342);
#3342 = CARTESIAN_POINT('',(4.04,1.27,2.286));
#3343 = LINE('',#3344,#3345);
#3344 = CARTESIAN_POINT('',(1.5,1.27,2.286));
#3345 = VECTOR('',#3346,1.);
#3346 = DIRECTION('',(1.,0.,0.));
#3347 = ORIENTED_EDGE('',*,*,#3348,.T.);
#3348 = EDGE_CURVE('',#3341,#3301,#3349,.T.);
#3349 = LINE('',#3350,#3351);
#3350 = CARTESIAN_POINT('',(4.04,1.27,2.286));
#3351 = VECTOR('',#3352,1.);
#3352 = DIRECTION('',(0.,0.,-1.));
#3353 = ORIENTED_EDGE('',*,*,#3298,.F.);
#3354 = ORIENTED_EDGE('',*,*,#3355,.F.);
#3355 = EDGE_CURVE('',#3339,#3299,#3356,.T.);
#3356 = LINE('',#3357,#3358);
#3357 = CARTESIAN_POINT('',(1.5,1.27,2.286));
#3358 = VECTOR('',#3359,1.);
#3359 = DIRECTION('',(0.,0.,-1.));
#3360 = PLANE('',#3361);
#3361 = AXIS2_PLACEMENT_3D('',#3362,#3363,#3364);
#3362 = CARTESIAN_POINT('',(1.5,1.27,2.286));
#3363 = DIRECTION('',(0.,1.,0.));
#3364 = DIRECTION('',(0.,0.,-1.));
#3365 = ADVANCED_FACE('',(#3366),#3391,.T.);
#3366 = FACE_BOUND('',#3367,.T.);
#3367 = EDGE_LOOP('',(#3368,#3369,#3377,#3385));
#3368 = ORIENTED_EDGE('',*,*,#3316,.T.);
#3369 = ORIENTED_EDGE('',*,*,#3370,.T.);
#3370 = EDGE_CURVE('',#3309,#3371,#3373,.T.);
#3371 = VERTEX_POINT('',#3372);
#3372 = CARTESIAN_POINT('',(4.04,-1.016,0.));
#3373 = LINE('',#3374,#3375);
#3374 = CARTESIAN_POINT('',(4.04,1.016,0.));
#3375 = VECTOR('',#3376,1.);
#3376 = DIRECTION('',(0.,-1.,0.));
#3377 = ORIENTED_EDGE('',*,*,#3378,.F.);
#3378 = EDGE_CURVE('',#3379,#3371,#3381,.T.);
#3379 = VERTEX_POINT('',#3380);
#3380 = CARTESIAN_POINT('',(1.5,-1.016,0.));
#3381 = LINE('',#3382,#3383);
#3382 = CARTESIAN_POINT('',(1.5,-1.016,0.));
#3383 = VECTOR('',#3384,1.);
#3384 = DIRECTION('',(1.,0.,0.));
#3385 = ORIENTED_EDGE('',*,*,#3386,.F.);
#3386 = EDGE_CURVE('',#3317,#3379,#3387,.T.);
#3387 = LINE('',#3388,#3389);
#3388 = CARTESIAN_POINT('',(1.5,1.016,0.));
#3389 = VECTOR('',#3390,1.);
#3390 = DIRECTION('',(0.,-1.,0.));
#3391 = PLANE('',#3392);
#3392 = AXIS2_PLACEMENT_3D('',#3393,#3394,#3395);
#3393 = CARTESIAN_POINT('',(1.5,1.016,0.));
#3394 = DIRECTION('',(-0.,-0.,-1.));
#3395 = DIRECTION('',(0.,-1.,0.));
#3396 = ADVANCED_FACE('',(#3397,#3488,#3522),#3556,.T.);
#3397 = FACE_BOUND('',#3398,.T.);
#3398 = EDGE_LOOP('',(#3399,#3400,#3401,#3409,#3417,#3425,#3433,#3441,
    #3449,#3457,#3465,#3473,#3481,#3487));
#3399 = ORIENTED_EDGE('',*,*,#3324,.T.);
#3400 = ORIENTED_EDGE('',*,*,#3386,.T.);
#3401 = ORIENTED_EDGE('',*,*,#3402,.T.);
#3402 = EDGE_CURVE('',#3379,#3403,#3405,.T.);
#3403 = VERTEX_POINT('',#3404);
#3404 = CARTESIAN_POINT('',(1.5,-1.27,0.254));
#3405 = LINE('',#3406,#3407);
#3406 = CARTESIAN_POINT('',(1.5,-1.016,0.));
#3407 = VECTOR('',#3408,1.);
#3408 = DIRECTION('',(0.,-0.707106781187,0.707106781187));
#3409 = ORIENTED_EDGE('',*,*,#3410,.T.);
#3410 = EDGE_CURVE('',#3403,#3411,#3413,.T.);
#3411 = VERTEX_POINT('',#3412);
#3412 = CARTESIAN_POINT('',(1.5,-1.524,0.));
#3413 = LINE('',#3414,#3415);
#3414 = CARTESIAN_POINT('',(1.5,-1.27,0.254));
#3415 = VECTOR('',#3416,1.);
#3416 = DIRECTION('',(0.,-0.707106781187,-0.707106781187));
#3417 = ORIENTED_EDGE('',*,*,#3418,.T.);
#3418 = EDGE_CURVE('',#3411,#3419,#3421,.T.);
#3419 = VERTEX_POINT('',#3420);
#3420 = CARTESIAN_POINT('',(1.5,-3.556,0.));
#3421 = LINE('',#3422,#3423);
#3422 = CARTESIAN_POINT('',(1.5,-1.524,0.));
#3423 = VECTOR('',#3424,1.);
#3424 = DIRECTION('',(0.,-1.,0.));
#3425 = ORIENTED_EDGE('',*,*,#3426,.T.);
#3426 = EDGE_CURVE('',#3419,#3427,#3429,.T.);
#3427 = VERTEX_POINT('',#3428);
#3428 = CARTESIAN_POINT('',(1.5,-3.81,0.254));
#3429 = LINE('',#3430,#3431);
#3430 = CARTESIAN_POINT('',(1.5,-3.556,0.));
#3431 = VECTOR('',#3432,1.);
#3432 = DIRECTION('',(0.,-0.707106781187,0.707106781187));
#3433 = ORIENTED_EDGE('',*,*,#3434,.T.);
#3434 = EDGE_CURVE('',#3427,#3435,#3437,.T.);
#3435 = VERTEX_POINT('',#3436);
#3436 = CARTESIAN_POINT('',(1.5,-3.81,2.286));
#3437 = LINE('',#3438,#3439);
#3438 = CARTESIAN_POINT('',(1.5,-3.81,0.254));
#3439 = VECTOR('',#3440,1.);
#3440 = DIRECTION('',(0.,0.,1.));
#3441 = ORIENTED_EDGE('',*,*,#3442,.T.);
#3442 = EDGE_CURVE('',#3435,#3443,#3445,.T.);
#3443 = VERTEX_POINT('',#3444);
#3444 = CARTESIAN_POINT('',(1.5,-3.556,2.54));
#3445 = LINE('',#3446,#3447);
#3446 = CARTESIAN_POINT('',(1.5,-3.81,2.286));
#3447 = VECTOR('',#3448,1.);
#3448 = DIRECTION('',(0.,0.707106781187,0.707106781187));
#3449 = ORIENTED_EDGE('',*,*,#3450,.T.);
#3450 = EDGE_CURVE('',#3443,#3451,#3453,.T.);
#3451 = VERTEX_POINT('',#3452);
#3452 = CARTESIAN_POINT('',(1.5,-1.524,2.54));
#3453 = LINE('',#3454,#3455);
#3454 = CARTESIAN_POINT('',(1.5,-3.556,2.54));
#3455 = VECTOR('',#3456,1.);
#3456 = DIRECTION('',(0.,1.,0.));
#3457 = ORIENTED_EDGE('',*,*,#3458,.T.);
#3458 = EDGE_CURVE('',#3451,#3459,#3461,.T.);
#3459 = VERTEX_POINT('',#3460);
#3460 = CARTESIAN_POINT('',(1.5,-1.27,2.286));
#3461 = LINE('',#3462,#3463);
#3462 = CARTESIAN_POINT('',(1.5,-1.524,2.54));
#3463 = VECTOR('',#3464,1.);
#3464 = DIRECTION('',(0.,0.707106781187,-0.707106781187));
#3465 = ORIENTED_EDGE('',*,*,#3466,.T.);
#3466 = EDGE_CURVE('',#3459,#3467,#3469,.T.);
#3467 = VERTEX_POINT('',#3468);
#3468 = CARTESIAN_POINT('',(1.5,-1.016,2.54));
#3469 = LINE('',#3470,#3471);
#3470 = CARTESIAN_POINT('',(1.5,-1.27,2.286));
#3471 = VECTOR('',#3472,1.);
#3472 = DIRECTION('',(0.,0.707106781187,0.707106781187));
#3473 = ORIENTED_EDGE('',*,*,#3474,.T.);
#3474 = EDGE_CURVE('',#3467,#3475,#3477,.T.);
#3475 = VERTEX_POINT('',#3476);
#3476 = CARTESIAN_POINT('',(1.5,1.016,2.54));
#3477 = LINE('',#3478,#3479);
#3478 = CARTESIAN_POINT('',(1.5,-1.016,2.54));
#3479 = VECTOR('',#3480,1.);
#3480 = DIRECTION('',(0.,1.,0.));
#3481 = ORIENTED_EDGE('',*,*,#3482,.T.);
#3482 = EDGE_CURVE('',#3475,#3339,#3483,.T.);
#3483 = LINE('',#3484,#3485);
#3484 = CARTESIAN_POINT('',(1.5,1.016,2.54));
#3485 = VECTOR('',#3486,1.);
#3486 = DIRECTION('',(0.,0.707106781187,-0.707106781187));
#3487 = ORIENTED_EDGE('',*,*,#3355,.T.);
#3488 = FACE_BOUND('',#3489,.T.);
#3489 = EDGE_LOOP('',(#3490,#3500,#3508,#3516));
#3490 = ORIENTED_EDGE('',*,*,#3491,.F.);
#3491 = EDGE_CURVE('',#3492,#3494,#3496,.T.);
#3492 = VERTEX_POINT('',#3493);
#3493 = CARTESIAN_POINT('',(1.5,0.32,0.95));
#3494 = VERTEX_POINT('',#3495);
#3495 = CARTESIAN_POINT('',(1.5,-0.32,0.95));
#3496 = LINE('',#3497,#3498);
#3497 = CARTESIAN_POINT('',(1.5,-0.475,0.95));
#3498 = VECTOR('',#3499,1.);
#3499 = DIRECTION('',(-3.925005374637E-32,-1.,0.));
#3500 = ORIENTED_EDGE('',*,*,#3501,.F.);
#3501 = EDGE_CURVE('',#3502,#3492,#3504,.T.);
#3502 = VERTEX_POINT('',#3503);
#3503 = CARTESIAN_POINT('',(1.5,0.32,1.59));
#3504 = LINE('',#3505,#3506);
#3505 = CARTESIAN_POINT('',(1.5,0.32,0.924540133779));
#3506 = VECTOR('',#3507,1.);
#3507 = DIRECTION('',(3.797522772768E-32,6.630961875715E-34,-1.));
#3508 = ORIENTED_EDGE('',*,*,#3509,.F.);
#3509 = EDGE_CURVE('',#3510,#3502,#3512,.T.);
#3510 = VERTEX_POINT('',#3511);
#3511 = CARTESIAN_POINT('',(1.5,-0.32,1.59));
#3512 = LINE('',#3513,#3514);
#3513 = CARTESIAN_POINT('',(1.5,-0.475,1.59));
#3514 = VECTOR('',#3515,1.);
#3515 = DIRECTION('',(3.925005374637E-32,1.,8.412415711776E-49));
#3516 = ORIENTED_EDGE('',*,*,#3517,.T.);
#3517 = EDGE_CURVE('',#3510,#3494,#3518,.T.);
#3518 = LINE('',#3519,#3520);
#3519 = CARTESIAN_POINT('',(1.5,-0.32,0.924540133779));
#3520 = VECTOR('',#3521,1.);
#3521 = DIRECTION('',(3.797522772768E-32,6.630961875715E-34,-1.));
#3522 = FACE_BOUND('',#3523,.T.);
#3523 = EDGE_LOOP('',(#3524,#3534,#3542,#3550));
#3524 = ORIENTED_EDGE('',*,*,#3525,.F.);
#3525 = EDGE_CURVE('',#3526,#3528,#3530,.T.);
#3526 = VERTEX_POINT('',#3527);
#3527 = CARTESIAN_POINT('',(1.5,-2.22,0.95));
#3528 = VERTEX_POINT('',#3529);
#3529 = CARTESIAN_POINT('',(1.5,-2.86,0.95));
#3530 = LINE('',#3531,#3532);
#3531 = CARTESIAN_POINT('',(1.5,-1.745,0.95));
#3532 = VECTOR('',#3533,1.);
#3533 = DIRECTION('',(-3.925005374637E-32,-1.,0.));
#3534 = ORIENTED_EDGE('',*,*,#3535,.F.);
#3535 = EDGE_CURVE('',#3536,#3526,#3538,.T.);
#3536 = VERTEX_POINT('',#3537);
#3537 = CARTESIAN_POINT('',(1.5,-2.22,1.59));
#3538 = LINE('',#3539,#3540);
#3539 = CARTESIAN_POINT('',(1.5,-2.22,0.924540133779));
#3540 = VECTOR('',#3541,1.);
#3541 = DIRECTION('',(3.797522772768E-32,6.630961875715E-34,-1.));
#3542 = ORIENTED_EDGE('',*,*,#3543,.F.);
#3543 = EDGE_CURVE('',#3544,#3536,#3546,.T.);
#3544 = VERTEX_POINT('',#3545);
#3545 = CARTESIAN_POINT('',(1.5,-2.86,1.59));
#3546 = LINE('',#3547,#3548);
#3547 = CARTESIAN_POINT('',(1.5,-1.745,1.59));
#3548 = VECTOR('',#3549,1.);
#3549 = DIRECTION('',(3.925005374637E-32,1.,8.412415711776E-49));
#3550 = ORIENTED_EDGE('',*,*,#3551,.T.);
#3551 = EDGE_CURVE('',#3544,#3528,#3552,.T.);
#3552 = LINE('',#3553,#3554);
#3553 = CARTESIAN_POINT('',(1.5,-2.86,0.924540133779));
#3554 = VECTOR('',#3555,1.);
#3555 = DIRECTION('',(3.797522772768E-32,6.630961875715E-34,-1.));
#3556 = PLANE('',#3557);
#3557 = AXIS2_PLACEMENT_3D('',#3558,#3559,#3560);
#3558 = CARTESIAN_POINT('',(1.5,-1.27,1.27));
#3559 = DIRECTION('',(-1.,3.925005374637E-32,-3.797522772768E-32));
#3560 = DIRECTION('',(-3.925005374637E-32,-1.,0.));
#3561 = ADVANCED_FACE('',(#3562,#3653,#3687),#3721,.F.);
#3562 = FACE_BOUND('',#3563,.F.);
#3563 = EDGE_LOOP('',(#3564,#3565,#3566,#3574,#3582,#3590,#3598,#3606,
    #3614,#3622,#3630,#3638,#3646,#3652));
#3564 = ORIENTED_EDGE('',*,*,#3308,.T.);
#3565 = ORIENTED_EDGE('',*,*,#3370,.T.);
#3566 = ORIENTED_EDGE('',*,*,#3567,.T.);
#3567 = EDGE_CURVE('',#3371,#3568,#3570,.T.);
#3568 = VERTEX_POINT('',#3569);
#3569 = CARTESIAN_POINT('',(4.04,-1.27,0.254));
#3570 = LINE('',#3571,#3572);
#3571 = CARTESIAN_POINT('',(4.04,-1.016,0.));
#3572 = VECTOR('',#3573,1.);
#3573 = DIRECTION('',(0.,-0.707106781187,0.707106781187));
#3574 = ORIENTED_EDGE('',*,*,#3575,.T.);
#3575 = EDGE_CURVE('',#3568,#3576,#3578,.T.);
#3576 = VERTEX_POINT('',#3577);
#3577 = CARTESIAN_POINT('',(4.04,-1.524,0.));
#3578 = LINE('',#3579,#3580);
#3579 = CARTESIAN_POINT('',(4.04,-1.27,0.254));
#3580 = VECTOR('',#3581,1.);
#3581 = DIRECTION('',(0.,-0.707106781187,-0.707106781187));
#3582 = ORIENTED_EDGE('',*,*,#3583,.T.);
#3583 = EDGE_CURVE('',#3576,#3584,#3586,.T.);
#3584 = VERTEX_POINT('',#3585);
#3585 = CARTESIAN_POINT('',(4.04,-3.556,0.));
#3586 = LINE('',#3587,#3588);
#3587 = CARTESIAN_POINT('',(4.04,-1.524,0.));
#3588 = VECTOR('',#3589,1.);
#3589 = DIRECTION('',(0.,-1.,0.));
#3590 = ORIENTED_EDGE('',*,*,#3591,.T.);
#3591 = EDGE_CURVE('',#3584,#3592,#3594,.T.);
#3592 = VERTEX_POINT('',#3593);
#3593 = CARTESIAN_POINT('',(4.04,-3.81,0.254));
#3594 = LINE('',#3595,#3596);
#3595 = CARTESIAN_POINT('',(4.04,-3.556,0.));
#3596 = VECTOR('',#3597,1.);
#3597 = DIRECTION('',(0.,-0.707106781187,0.707106781187));
#3598 = ORIENTED_EDGE('',*,*,#3599,.T.);
#3599 = EDGE_CURVE('',#3592,#3600,#3602,.T.);
#3600 = VERTEX_POINT('',#3601);
#3601 = CARTESIAN_POINT('',(4.04,-3.81,2.286));
#3602 = LINE('',#3603,#3604);
#3603 = CARTESIAN_POINT('',(4.04,-3.81,0.254));
#3604 = VECTOR('',#3605,1.);
#3605 = DIRECTION('',(0.,0.,1.));
#3606 = ORIENTED_EDGE('',*,*,#3607,.T.);
#3607 = EDGE_CURVE('',#3600,#3608,#3610,.T.);
#3608 = VERTEX_POINT('',#3609);
#3609 = CARTESIAN_POINT('',(4.04,-3.556,2.54));
#3610 = LINE('',#3611,#3612);
#3611 = CARTESIAN_POINT('',(4.04,-3.81,2.286));
#3612 = VECTOR('',#3613,1.);
#3613 = DIRECTION('',(0.,0.707106781187,0.707106781187));
#3614 = ORIENTED_EDGE('',*,*,#3615,.T.);
#3615 = EDGE_CURVE('',#3608,#3616,#3618,.T.);
#3616 = VERTEX_POINT('',#3617);
#3617 = CARTESIAN_POINT('',(4.04,-1.524,2.54));
#3618 = LINE('',#3619,#3620);
#3619 = CARTESIAN_POINT('',(4.04,-3.556,2.54));
#3620 = VECTOR('',#3621,1.);
#3621 = DIRECTION('',(0.,1.,0.));
#3622 = ORIENTED_EDGE('',*,*,#3623,.T.);
#3623 = EDGE_CURVE('',#3616,#3624,#3626,.T.);
#3624 = VERTEX_POINT('',#3625);
#3625 = CARTESIAN_POINT('',(4.04,-1.27,2.286));
#3626 = LINE('',#3627,#3628);
#3627 = CARTESIAN_POINT('',(4.04,-1.524,2.54));
#3628 = VECTOR('',#3629,1.);
#3629 = DIRECTION('',(0.,0.707106781187,-0.707106781187));
#3630 = ORIENTED_EDGE('',*,*,#3631,.T.);
#3631 = EDGE_CURVE('',#3624,#3632,#3634,.T.);
#3632 = VERTEX_POINT('',#3633);
#3633 = CARTESIAN_POINT('',(4.04,-1.016,2.54));
#3634 = LINE('',#3635,#3636);
#3635 = CARTESIAN_POINT('',(4.04,-1.27,2.286));
#3636 = VECTOR('',#3637,1.);
#3637 = DIRECTION('',(0.,0.707106781187,0.707106781187));
#3638 = ORIENTED_EDGE('',*,*,#3639,.T.);
#3639 = EDGE_CURVE('',#3632,#3640,#3642,.T.);
#3640 = VERTEX_POINT('',#3641);
#3641 = CARTESIAN_POINT('',(4.04,1.016,2.54));
#3642 = LINE('',#3643,#3644);
#3643 = CARTESIAN_POINT('',(4.04,-1.016,2.54));
#3644 = VECTOR('',#3645,1.);
#3645 = DIRECTION('',(0.,1.,0.));
#3646 = ORIENTED_EDGE('',*,*,#3647,.T.);
#3647 = EDGE_CURVE('',#3640,#3341,#3648,.T.);
#3648 = LINE('',#3649,#3650);
#3649 = CARTESIAN_POINT('',(4.04,1.016,2.54));
#3650 = VECTOR('',#3651,1.);
#3651 = DIRECTION('',(0.,0.707106781187,-0.707106781187));
#3652 = ORIENTED_EDGE('',*,*,#3348,.T.);
#3653 = FACE_BOUND('',#3654,.F.);
#3654 = EDGE_LOOP('',(#3655,#3665,#3673,#3681));
#3655 = ORIENTED_EDGE('',*,*,#3656,.F.);
#3656 = EDGE_CURVE('',#3657,#3659,#3661,.T.);
#3657 = VERTEX_POINT('',#3658);
#3658 = CARTESIAN_POINT('',(4.04,0.32,0.95));
#3659 = VERTEX_POINT('',#3660);
#3660 = CARTESIAN_POINT('',(4.04,-0.32,0.95));
#3661 = LINE('',#3662,#3663);
#3662 = CARTESIAN_POINT('',(4.04,-0.475,0.95));
#3663 = VECTOR('',#3664,1.);
#3664 = DIRECTION('',(-3.925005374637E-32,-1.,0.));
#3665 = ORIENTED_EDGE('',*,*,#3666,.F.);
#3666 = EDGE_CURVE('',#3667,#3657,#3669,.T.);
#3667 = VERTEX_POINT('',#3668);
#3668 = CARTESIAN_POINT('',(4.04,0.32,1.59));
#3669 = LINE('',#3670,#3671);
#3670 = CARTESIAN_POINT('',(4.04,0.32,0.924540133779));
#3671 = VECTOR('',#3672,1.);
#3672 = DIRECTION('',(3.797522772768E-32,6.630961875715E-34,-1.));
#3673 = ORIENTED_EDGE('',*,*,#3674,.F.);
#3674 = EDGE_CURVE('',#3675,#3667,#3677,.T.);
#3675 = VERTEX_POINT('',#3676);
#3676 = CARTESIAN_POINT('',(4.04,-0.32,1.59));
#3677 = LINE('',#3678,#3679);
#3678 = CARTESIAN_POINT('',(4.04,-0.475,1.59));
#3679 = VECTOR('',#3680,1.);
#3680 = DIRECTION('',(3.925005374637E-32,1.,8.412415711776E-49));
#3681 = ORIENTED_EDGE('',*,*,#3682,.T.);
#3682 = EDGE_CURVE('',#3675,#3659,#3683,.T.);
#3683 = LINE('',#3684,#3685);
#3684 = CARTESIAN_POINT('',(4.04,-0.32,0.924540133779));
#3685 = VECTOR('',#3686,1.);
#3686 = DIRECTION('',(3.797522772768E-32,6.630961875715E-34,-1.));
#3687 = FACE_BOUND('',#3688,.F.);
#3688 = EDGE_LOOP('',(#3689,#3699,#3707,#3715));
#3689 = ORIENTED_EDGE('',*,*,#3690,.F.);
#3690 = EDGE_CURVE('',#3691,#3693,#3695,.T.);
#3691 = VERTEX_POINT('',#3692);
#3692 = CARTESIAN_POINT('',(4.04,-2.22,0.95));
#3693 = VERTEX_POINT('',#3694);
#3694 = CARTESIAN_POINT('',(4.04,-2.86,0.95));
#3695 = LINE('',#3696,#3697);
#3696 = CARTESIAN_POINT('',(4.04,-1.745,0.95));
#3697 = VECTOR('',#3698,1.);
#3698 = DIRECTION('',(-3.925005374637E-32,-1.,0.));
#3699 = ORIENTED_EDGE('',*,*,#3700,.F.);
#3700 = EDGE_CURVE('',#3701,#3691,#3703,.T.);
#3701 = VERTEX_POINT('',#3702);
#3702 = CARTESIAN_POINT('',(4.04,-2.22,1.59));
#3703 = LINE('',#3704,#3705);
#3704 = CARTESIAN_POINT('',(4.04,-2.22,0.924540133779));
#3705 = VECTOR('',#3706,1.);
#3706 = DIRECTION('',(3.797522772768E-32,6.630961875715E-34,-1.));
#3707 = ORIENTED_EDGE('',*,*,#3708,.F.);
#3708 = EDGE_CURVE('',#3709,#3701,#3711,.T.);
#3709 = VERTEX_POINT('',#3710);
#3710 = CARTESIAN_POINT('',(4.04,-2.86,1.59));
#3711 = LINE('',#3712,#3713);
#3712 = CARTESIAN_POINT('',(4.04,-1.745,1.59));
#3713 = VECTOR('',#3714,1.);
#3714 = DIRECTION('',(3.925005374637E-32,1.,8.412415711776E-49));
#3715 = ORIENTED_EDGE('',*,*,#3716,.T.);
#3716 = EDGE_CURVE('',#3709,#3693,#3717,.T.);
#3717 = LINE('',#3718,#3719);
#3718 = CARTESIAN_POINT('',(4.04,-2.86,0.924540133779));
#3719 = VECTOR('',#3720,1.);
#3720 = DIRECTION('',(3.797522772768E-32,6.630961875715E-34,-1.));
#3721 = PLANE('',#3722);
#3722 = AXIS2_PLACEMENT_3D('',#3723,#3724,#3725);
#3723 = CARTESIAN_POINT('',(4.04,-1.27,1.27));
#3724 = DIRECTION('',(-1.,3.925005374637E-32,-3.797522772768E-32));
#3725 = DIRECTION('',(-3.925005374637E-32,-1.,0.));
#3726 = ADVANCED_FACE('',(#3727),#3738,.T.);
#3727 = FACE_BOUND('',#3728,.T.);
#3728 = EDGE_LOOP('',(#3729,#3735,#3736,#3737));
#3729 = ORIENTED_EDGE('',*,*,#3730,.T.);
#3730 = EDGE_CURVE('',#3475,#3640,#3731,.T.);
#3731 = LINE('',#3732,#3733);
#3732 = CARTESIAN_POINT('',(1.5,1.016,2.54));
#3733 = VECTOR('',#3734,1.);
#3734 = DIRECTION('',(1.,0.,0.));
#3735 = ORIENTED_EDGE('',*,*,#3647,.T.);
#3736 = ORIENTED_EDGE('',*,*,#3338,.F.);
#3737 = ORIENTED_EDGE('',*,*,#3482,.F.);
#3738 = PLANE('',#3739);
#3739 = AXIS2_PLACEMENT_3D('',#3740,#3741,#3742);
#3740 = CARTESIAN_POINT('',(1.5,1.016,2.54));
#3741 = DIRECTION('',(0.,0.707106781187,0.707106781187));
#3742 = DIRECTION('',(0.,0.707106781187,-0.707106781187));
#3743 = ADVANCED_FACE('',(#3744),#3755,.T.);
#3744 = FACE_BOUND('',#3745,.T.);
#3745 = EDGE_LOOP('',(#3746,#3747,#3748,#3754));
#3746 = ORIENTED_EDGE('',*,*,#3378,.T.);
#3747 = ORIENTED_EDGE('',*,*,#3567,.T.);
#3748 = ORIENTED_EDGE('',*,*,#3749,.F.);
#3749 = EDGE_CURVE('',#3403,#3568,#3750,.T.);
#3750 = LINE('',#3751,#3752);
#3751 = CARTESIAN_POINT('',(1.5,-1.27,0.254));
#3752 = VECTOR('',#3753,1.);
#3753 = DIRECTION('',(1.,0.,0.));
#3754 = ORIENTED_EDGE('',*,*,#3402,.F.);
#3755 = PLANE('',#3756);
#3756 = AXIS2_PLACEMENT_3D('',#3757,#3758,#3759);
#3757 = CARTESIAN_POINT('',(1.5,-1.016,0.));
#3758 = DIRECTION('',(-0.,-0.707106781187,-0.707106781187));
#3759 = DIRECTION('',(0.,-0.707106781187,0.707106781187));
#3760 = ADVANCED_FACE('',(#3761),#3772,.T.);
#3761 = FACE_BOUND('',#3762,.T.);
#3762 = EDGE_LOOP('',(#3763,#3769,#3770,#3771));
#3763 = ORIENTED_EDGE('',*,*,#3764,.T.);
#3764 = EDGE_CURVE('',#3467,#3632,#3765,.T.);
#3765 = LINE('',#3766,#3767);
#3766 = CARTESIAN_POINT('',(1.5,-1.016,2.54));
#3767 = VECTOR('',#3768,1.);
#3768 = DIRECTION('',(1.,0.,0.));
#3769 = ORIENTED_EDGE('',*,*,#3639,.T.);
#3770 = ORIENTED_EDGE('',*,*,#3730,.F.);
#3771 = ORIENTED_EDGE('',*,*,#3474,.F.);
#3772 = PLANE('',#3773);
#3773 = AXIS2_PLACEMENT_3D('',#3774,#3775,#3776);
#3774 = CARTESIAN_POINT('',(1.5,-1.016,2.54));
#3775 = DIRECTION('',(0.,0.,1.));
#3776 = DIRECTION('',(0.,1.,0.));
#3777 = ADVANCED_FACE('',(#3778),#3789,.T.);
#3778 = FACE_BOUND('',#3779,.T.);
#3779 = EDGE_LOOP('',(#3780,#3781,#3782,#3788));
#3780 = ORIENTED_EDGE('',*,*,#3749,.T.);
#3781 = ORIENTED_EDGE('',*,*,#3575,.T.);
#3782 = ORIENTED_EDGE('',*,*,#3783,.F.);
#3783 = EDGE_CURVE('',#3411,#3576,#3784,.T.);
#3784 = LINE('',#3785,#3786);
#3785 = CARTESIAN_POINT('',(1.5,-1.524,0.));
#3786 = VECTOR('',#3787,1.);
#3787 = DIRECTION('',(1.,0.,0.));
#3788 = ORIENTED_EDGE('',*,*,#3410,.F.);
#3789 = PLANE('',#3790);
#3790 = AXIS2_PLACEMENT_3D('',#3791,#3792,#3793);
#3791 = CARTESIAN_POINT('',(1.5,-1.27,0.254));
#3792 = DIRECTION('',(0.,0.707106781187,-0.707106781187));
#3793 = DIRECTION('',(0.,-0.707106781187,-0.707106781187));
#3794 = ADVANCED_FACE('',(#3795),#3806,.T.);
#3795 = FACE_BOUND('',#3796,.T.);
#3796 = EDGE_LOOP('',(#3797,#3803,#3804,#3805));
#3797 = ORIENTED_EDGE('',*,*,#3798,.T.);
#3798 = EDGE_CURVE('',#3459,#3624,#3799,.T.);
#3799 = LINE('',#3800,#3801);
#3800 = CARTESIAN_POINT('',(1.5,-1.27,2.286));
#3801 = VECTOR('',#3802,1.);
#3802 = DIRECTION('',(1.,0.,0.));
#3803 = ORIENTED_EDGE('',*,*,#3631,.T.);
#3804 = ORIENTED_EDGE('',*,*,#3764,.F.);
#3805 = ORIENTED_EDGE('',*,*,#3466,.F.);
#3806 = PLANE('',#3807);
#3807 = AXIS2_PLACEMENT_3D('',#3808,#3809,#3810);
#3808 = CARTESIAN_POINT('',(1.5,-1.27,2.286));
#3809 = DIRECTION('',(0.,-0.707106781187,0.707106781187));
#3810 = DIRECTION('',(0.,0.707106781187,0.707106781187));
#3811 = ADVANCED_FACE('',(#3812),#3823,.T.);
#3812 = FACE_BOUND('',#3813,.T.);
#3813 = EDGE_LOOP('',(#3814,#3815,#3816,#3822));
#3814 = ORIENTED_EDGE('',*,*,#3783,.T.);
#3815 = ORIENTED_EDGE('',*,*,#3583,.T.);
#3816 = ORIENTED_EDGE('',*,*,#3817,.F.);
#3817 = EDGE_CURVE('',#3419,#3584,#3818,.T.);
#3818 = LINE('',#3819,#3820);
#3819 = CARTESIAN_POINT('',(1.5,-3.556,0.));
#3820 = VECTOR('',#3821,1.);
#3821 = DIRECTION('',(1.,0.,0.));
#3822 = ORIENTED_EDGE('',*,*,#3418,.F.);
#3823 = PLANE('',#3824);
#3824 = AXIS2_PLACEMENT_3D('',#3825,#3826,#3827);
#3825 = CARTESIAN_POINT('',(1.5,-1.524,0.));
#3826 = DIRECTION('',(-0.,-0.,-1.));
#3827 = DIRECTION('',(0.,-1.,0.));
#3828 = ADVANCED_FACE('',(#3829),#3840,.T.);
#3829 = FACE_BOUND('',#3830,.T.);
#3830 = EDGE_LOOP('',(#3831,#3837,#3838,#3839));
#3831 = ORIENTED_EDGE('',*,*,#3832,.T.);
#3832 = EDGE_CURVE('',#3451,#3616,#3833,.T.);
#3833 = LINE('',#3834,#3835);
#3834 = CARTESIAN_POINT('',(1.5,-1.524,2.54));
#3835 = VECTOR('',#3836,1.);
#3836 = DIRECTION('',(1.,0.,0.));
#3837 = ORIENTED_EDGE('',*,*,#3623,.T.);
#3838 = ORIENTED_EDGE('',*,*,#3798,.F.);
#3839 = ORIENTED_EDGE('',*,*,#3458,.F.);
#3840 = PLANE('',#3841);
#3841 = AXIS2_PLACEMENT_3D('',#3842,#3843,#3844);
#3842 = CARTESIAN_POINT('',(1.5,-1.524,2.54));
#3843 = DIRECTION('',(0.,0.707106781187,0.707106781187));
#3844 = DIRECTION('',(0.,0.707106781187,-0.707106781187));
#3845 = ADVANCED_FACE('',(#3846),#3857,.T.);
#3846 = FACE_BOUND('',#3847,.T.);
#3847 = EDGE_LOOP('',(#3848,#3849,#3850,#3856));
#3848 = ORIENTED_EDGE('',*,*,#3817,.T.);
#3849 = ORIENTED_EDGE('',*,*,#3591,.T.);
#3850 = ORIENTED_EDGE('',*,*,#3851,.F.);
#3851 = EDGE_CURVE('',#3427,#3592,#3852,.T.);
#3852 = LINE('',#3853,#3854);
#3853 = CARTESIAN_POINT('',(1.5,-3.81,0.254));
#3854 = VECTOR('',#3855,1.);
#3855 = DIRECTION('',(1.,0.,0.));
#3856 = ORIENTED_EDGE('',*,*,#3426,.F.);
#3857 = PLANE('',#3858);
#3858 = AXIS2_PLACEMENT_3D('',#3859,#3860,#3861);
#3859 = CARTESIAN_POINT('',(1.5,-3.556,0.));
#3860 = DIRECTION('',(-0.,-0.707106781187,-0.707106781187));
#3861 = DIRECTION('',(0.,-0.707106781187,0.707106781187));
#3862 = ADVANCED_FACE('',(#3863),#3874,.T.);
#3863 = FACE_BOUND('',#3864,.T.);
#3864 = EDGE_LOOP('',(#3865,#3871,#3872,#3873));
#3865 = ORIENTED_EDGE('',*,*,#3866,.T.);
#3866 = EDGE_CURVE('',#3443,#3608,#3867,.T.);
#3867 = LINE('',#3868,#3869);
#3868 = CARTESIAN_POINT('',(1.5,-3.556,2.54));
#3869 = VECTOR('',#3870,1.);
#3870 = DIRECTION('',(1.,0.,0.));
#3871 = ORIENTED_EDGE('',*,*,#3615,.T.);
#3872 = ORIENTED_EDGE('',*,*,#3832,.F.);
#3873 = ORIENTED_EDGE('',*,*,#3450,.F.);
#3874 = PLANE('',#3875);
#3875 = AXIS2_PLACEMENT_3D('',#3876,#3877,#3878);
#3876 = CARTESIAN_POINT('',(1.5,-3.556,2.54));
#3877 = DIRECTION('',(0.,0.,1.));
#3878 = DIRECTION('',(0.,1.,0.));
#3879 = ADVANCED_FACE('',(#3880),#3891,.T.);
#3880 = FACE_BOUND('',#3881,.T.);
#3881 = EDGE_LOOP('',(#3882,#3883,#3884,#3890));
#3882 = ORIENTED_EDGE('',*,*,#3851,.T.);
#3883 = ORIENTED_EDGE('',*,*,#3599,.T.);
#3884 = ORIENTED_EDGE('',*,*,#3885,.F.);
#3885 = EDGE_CURVE('',#3435,#3600,#3886,.T.);
#3886 = LINE('',#3887,#3888);
#3887 = CARTESIAN_POINT('',(1.5,-3.81,2.286));
#3888 = VECTOR('',#3889,1.);
#3889 = DIRECTION('',(1.,0.,0.));
#3890 = ORIENTED_EDGE('',*,*,#3434,.F.);
#3891 = PLANE('',#3892);
#3892 = AXIS2_PLACEMENT_3D('',#3893,#3894,#3895);
#3893 = CARTESIAN_POINT('',(1.5,-3.81,0.254));
#3894 = DIRECTION('',(0.,-1.,0.));
#3895 = DIRECTION('',(0.,0.,1.));
#3896 = ADVANCED_FACE('',(#3897),#3903,.T.);
#3897 = FACE_BOUND('',#3898,.T.);
#3898 = EDGE_LOOP('',(#3899,#3900,#3901,#3902));
#3899 = ORIENTED_EDGE('',*,*,#3885,.T.);
#3900 = ORIENTED_EDGE('',*,*,#3607,.T.);
#3901 = ORIENTED_EDGE('',*,*,#3866,.F.);
#3902 = ORIENTED_EDGE('',*,*,#3442,.F.);
#3903 = PLANE('',#3904);
#3904 = AXIS2_PLACEMENT_3D('',#3905,#3906,#3907);
#3905 = CARTESIAN_POINT('',(1.5,-3.81,2.286));
#3906 = DIRECTION('',(0.,-0.707106781187,0.707106781187));
#3907 = DIRECTION('',(0.,0.707106781187,0.707106781187));
#3908 = ADVANCED_FACE('',(#3909),#3934,.T.);
#3909 = FACE_BOUND('',#3910,.T.);
#3910 = EDGE_LOOP('',(#3911,#3919,#3920,#3928));
#3911 = ORIENTED_EDGE('',*,*,#3912,.F.);
#3912 = EDGE_CURVE('',#3492,#3913,#3915,.T.);
#3913 = VERTEX_POINT('',#3914);
#3914 = CARTESIAN_POINT('',(0.32,0.32,0.95));
#3915 = LINE('',#3916,#3917);
#3916 = CARTESIAN_POINT('',(10.04,0.32,0.95));
#3917 = VECTOR('',#3918,1.);
#3918 = DIRECTION('',(-1.,0.,0.));
#3919 = ORIENTED_EDGE('',*,*,#3491,.T.);
#3920 = ORIENTED_EDGE('',*,*,#3921,.T.);
#3921 = EDGE_CURVE('',#3494,#3922,#3924,.T.);
#3922 = VERTEX_POINT('',#3923);
#3923 = CARTESIAN_POINT('',(0.32,-0.32,0.95));
#3924 = LINE('',#3925,#3926);
#3925 = CARTESIAN_POINT('',(10.04,-0.32,0.95));
#3926 = VECTOR('',#3927,1.);
#3927 = DIRECTION('',(-1.,0.,0.));
#3928 = ORIENTED_EDGE('',*,*,#3929,.F.);
#3929 = EDGE_CURVE('',#3913,#3922,#3930,.T.);
#3930 = LINE('',#3931,#3932);
#3931 = CARTESIAN_POINT('',(0.32,0.32,0.95));
#3932 = VECTOR('',#3933,1.);
#3933 = DIRECTION('',(0.,-1.,0.));
#3934 = PLANE('',#3935);
#3935 = AXIS2_PLACEMENT_3D('',#3936,#3937,#3938);
#3936 = CARTESIAN_POINT('',(10.04,0.32,0.95));
#3937 = DIRECTION('',(-0.,-0.,-1.));
#3938 = DIRECTION('',(-1.,0.,0.));
#3939 = ADVANCED_FACE('',(#3940),#3983,.F.);
#3940 = FACE_BOUND('',#3941,.F.);
#3941 = EDGE_LOOP('',(#3942,#3953,#3959,#3960,#3961,#3969,#3977));
#3942 = ORIENTED_EDGE('',*,*,#3943,.T.);
#3943 = EDGE_CURVE('',#3944,#3946,#3948,.T.);
#3944 = VERTEX_POINT('',#3945);
#3945 = CARTESIAN_POINT('',(-0.32,-0.32,0.95));
#3946 = VERTEX_POINT('',#3947);
#3947 = CARTESIAN_POINT('',(0.32,-0.32,1.59));
#3948 = CIRCLE('',#3949,0.64);
#3949 = AXIS2_PLACEMENT_3D('',#3950,#3951,#3952);
#3950 = CARTESIAN_POINT('',(0.32,-0.32,0.95));
#3951 = DIRECTION('',(0.,1.,0.));
#3952 = DIRECTION('',(0.,0.,-1.));
#3953 = ORIENTED_EDGE('',*,*,#3954,.T.);
#3954 = EDGE_CURVE('',#3946,#3510,#3955,.T.);
#3955 = LINE('',#3956,#3957);
#3956 = CARTESIAN_POINT('',(-0.32,-0.32,1.59));
#3957 = VECTOR('',#3958,1.);
#3958 = DIRECTION('',(1.,0.,2.143287692327E-17));
#3959 = ORIENTED_EDGE('',*,*,#3517,.T.);
#3960 = ORIENTED_EDGE('',*,*,#3921,.T.);
#3961 = ORIENTED_EDGE('',*,*,#3962,.T.);
#3962 = EDGE_CURVE('',#3922,#3963,#3965,.T.);
#3963 = VERTEX_POINT('',#3964);
#3964 = CARTESIAN_POINT('',(0.32,-0.32,-2.84));
#3965 = LINE('',#3966,#3967);
#3966 = CARTESIAN_POINT('',(0.32,-0.32,0.95));
#3967 = VECTOR('',#3968,1.);
#3968 = DIRECTION('',(0.,0.,-1.));
#3969 = ORIENTED_EDGE('',*,*,#3970,.T.);
#3970 = EDGE_CURVE('',#3963,#3971,#3973,.T.);
#3971 = VERTEX_POINT('',#3972);
#3972 = CARTESIAN_POINT('',(-0.32,-0.32,-2.84));
#3973 = LINE('',#3974,#3975);
#3974 = CARTESIAN_POINT('',(0.32,-0.32,-2.84));
#3975 = VECTOR('',#3976,1.);
#3976 = DIRECTION('',(-1.,0.,0.));
#3977 = ORIENTED_EDGE('',*,*,#3978,.T.);
#3978 = EDGE_CURVE('',#3971,#3944,#3979,.T.);
#3979 = LINE('',#3980,#3981);
#3980 = CARTESIAN_POINT('',(-0.32,-0.32,-3.));
#3981 = VECTOR('',#3982,1.);
#3982 = DIRECTION('',(0.,0.,1.));
#3983 = PLANE('',#3984);
#3984 = AXIS2_PLACEMENT_3D('',#3985,#3986,#3987);
#3985 = CARTESIAN_POINT('',(3.575919732441,-0.32,0.579080267559));
#3986 = DIRECTION('',(1.030170245606E-33,1.,6.630961875715E-34));
#3987 = DIRECTION('',(1.,-1.030170245606E-33,0.));
#3988 = ADVANCED_FACE('',(#3989),#4007,.T.);
#3989 = FACE_BOUND('',#3990,.T.);
#3990 = EDGE_LOOP('',(#3991,#3999,#4005,#4006));
#3991 = ORIENTED_EDGE('',*,*,#3992,.F.);
#3992 = EDGE_CURVE('',#3993,#3502,#3995,.T.);
#3993 = VERTEX_POINT('',#3994);
#3994 = CARTESIAN_POINT('',(0.32,0.32,1.59));
#3995 = LINE('',#3996,#3997);
#3996 = CARTESIAN_POINT('',(-0.32,0.32,1.59));
#3997 = VECTOR('',#3998,1.);
#3998 = DIRECTION('',(1.,0.,2.143287692327E-17));
#3999 = ORIENTED_EDGE('',*,*,#4000,.T.);
#4000 = EDGE_CURVE('',#3993,#3946,#4001,.T.);
#4001 = LINE('',#4002,#4003);
#4002 = CARTESIAN_POINT('',(0.32,0.32,1.59));
#4003 = VECTOR('',#4004,1.);
#4004 = DIRECTION('',(0.,-1.,0.));
#4005 = ORIENTED_EDGE('',*,*,#3954,.T.);
#4006 = ORIENTED_EDGE('',*,*,#3509,.T.);
#4007 = PLANE('',#4008);
#4008 = AXIS2_PLACEMENT_3D('',#4009,#4010,#4011);
#4009 = CARTESIAN_POINT('',(-0.32,0.32,1.59));
#4010 = DIRECTION('',(-2.143287692327E-17,0.,1.));
#4011 = DIRECTION('',(1.,0.,2.143287692327E-17));
#4012 = ADVANCED_FACE('',(#4013),#4049,.T.);
#4013 = FACE_BOUND('',#4014,.T.);
#4014 = EDGE_LOOP('',(#4015,#4024,#4025,#4026,#4027,#4035,#4043));
#4015 = ORIENTED_EDGE('',*,*,#4016,.T.);
#4016 = EDGE_CURVE('',#4017,#3993,#4019,.T.);
#4017 = VERTEX_POINT('',#4018);
#4018 = CARTESIAN_POINT('',(-0.32,0.32,0.95));
#4019 = CIRCLE('',#4020,0.64);
#4020 = AXIS2_PLACEMENT_3D('',#4021,#4022,#4023);
#4021 = CARTESIAN_POINT('',(0.32,0.32,0.95));
#4022 = DIRECTION('',(0.,1.,0.));
#4023 = DIRECTION('',(0.,0.,-1.));
#4024 = ORIENTED_EDGE('',*,*,#3992,.T.);
#4025 = ORIENTED_EDGE('',*,*,#3501,.T.);
#4026 = ORIENTED_EDGE('',*,*,#3912,.T.);
#4027 = ORIENTED_EDGE('',*,*,#4028,.T.);
#4028 = EDGE_CURVE('',#3913,#4029,#4031,.T.);
#4029 = VERTEX_POINT('',#4030);
#4030 = CARTESIAN_POINT('',(0.32,0.32,-2.84));
#4031 = LINE('',#4032,#4033);
#4032 = CARTESIAN_POINT('',(0.32,0.32,0.95));
#4033 = VECTOR('',#4034,1.);
#4034 = DIRECTION('',(0.,0.,-1.));
#4035 = ORIENTED_EDGE('',*,*,#4036,.T.);
#4036 = EDGE_CURVE('',#4029,#4037,#4039,.T.);
#4037 = VERTEX_POINT('',#4038);
#4038 = CARTESIAN_POINT('',(-0.32,0.32,-2.84));
#4039 = LINE('',#4040,#4041);
#4040 = CARTESIAN_POINT('',(0.32,0.32,-2.84));
#4041 = VECTOR('',#4042,1.);
#4042 = DIRECTION('',(-1.,0.,0.));
#4043 = ORIENTED_EDGE('',*,*,#4044,.T.);
#4044 = EDGE_CURVE('',#4037,#4017,#4045,.T.);
#4045 = LINE('',#4046,#4047);
#4046 = CARTESIAN_POINT('',(-0.32,0.32,-3.));
#4047 = VECTOR('',#4048,1.);
#4048 = DIRECTION('',(0.,0.,1.));
#4049 = PLANE('',#4050);
#4050 = AXIS2_PLACEMENT_3D('',#4051,#4052,#4053);
#4051 = CARTESIAN_POINT('',(3.575919732441,0.32,0.579080267559));
#4052 = DIRECTION('',(1.030170245606E-33,1.,6.630961875715E-34));
#4053 = DIRECTION('',(1.,-1.030170245606E-33,0.));
#4054 = ADVANCED_FACE('',(#4055),#4080,.T.);
#4055 = FACE_BOUND('',#4056,.T.);
#4056 = EDGE_LOOP('',(#4057,#4065,#4066,#4074));
#4057 = ORIENTED_EDGE('',*,*,#4058,.F.);
#4058 = EDGE_CURVE('',#3526,#4059,#4061,.T.);
#4059 = VERTEX_POINT('',#4060);
#4060 = CARTESIAN_POINT('',(0.32,-2.22,0.95));
#4061 = LINE('',#4062,#4063);
#4062 = CARTESIAN_POINT('',(10.04,-2.22,0.95));
#4063 = VECTOR('',#4064,1.);
#4064 = DIRECTION('',(-1.,0.,0.));
#4065 = ORIENTED_EDGE('',*,*,#3525,.T.);
#4066 = ORIENTED_EDGE('',*,*,#4067,.T.);
#4067 = EDGE_CURVE('',#3528,#4068,#4070,.T.);
#4068 = VERTEX_POINT('',#4069);
#4069 = CARTESIAN_POINT('',(0.32,-2.86,0.95));
#4070 = LINE('',#4071,#4072);
#4071 = CARTESIAN_POINT('',(10.04,-2.86,0.95));
#4072 = VECTOR('',#4073,1.);
#4073 = DIRECTION('',(-1.,0.,0.));
#4074 = ORIENTED_EDGE('',*,*,#4075,.F.);
#4075 = EDGE_CURVE('',#4059,#4068,#4076,.T.);
#4076 = LINE('',#4077,#4078);
#4077 = CARTESIAN_POINT('',(0.32,-2.22,0.95));
#4078 = VECTOR('',#4079,1.);
#4079 = DIRECTION('',(0.,-1.,0.));
#4080 = PLANE('',#4081);
#4081 = AXIS2_PLACEMENT_3D('',#4082,#4083,#4084);
#4082 = CARTESIAN_POINT('',(10.04,-2.22,0.95));
#4083 = DIRECTION('',(-0.,-0.,-1.));
#4084 = DIRECTION('',(-1.,0.,0.));
#4085 = ADVANCED_FACE('',(#4086),#4129,.F.);
#4086 = FACE_BOUND('',#4087,.F.);
#4087 = EDGE_LOOP('',(#4088,#4099,#4105,#4106,#4107,#4115,#4123));
#4088 = ORIENTED_EDGE('',*,*,#4089,.T.);
#4089 = EDGE_CURVE('',#4090,#4092,#4094,.T.);
#4090 = VERTEX_POINT('',#4091);
#4091 = CARTESIAN_POINT('',(-0.32,-2.86,0.95));
#4092 = VERTEX_POINT('',#4093);
#4093 = CARTESIAN_POINT('',(0.32,-2.86,1.59));
#4094 = CIRCLE('',#4095,0.64);
#4095 = AXIS2_PLACEMENT_3D('',#4096,#4097,#4098);
#4096 = CARTESIAN_POINT('',(0.32,-2.86,0.95));
#4097 = DIRECTION('',(0.,1.,0.));
#4098 = DIRECTION('',(0.,0.,-1.));
#4099 = ORIENTED_EDGE('',*,*,#4100,.T.);
#4100 = EDGE_CURVE('',#4092,#3544,#4101,.T.);
#4101 = LINE('',#4102,#4103);
#4102 = CARTESIAN_POINT('',(-0.32,-2.86,1.59));
#4103 = VECTOR('',#4104,1.);
#4104 = DIRECTION('',(1.,0.,2.143287692327E-17));
#4105 = ORIENTED_EDGE('',*,*,#3551,.T.);
#4106 = ORIENTED_EDGE('',*,*,#4067,.T.);
#4107 = ORIENTED_EDGE('',*,*,#4108,.T.);
#4108 = EDGE_CURVE('',#4068,#4109,#4111,.T.);
#4109 = VERTEX_POINT('',#4110);
#4110 = CARTESIAN_POINT('',(0.32,-2.86,-2.84));
#4111 = LINE('',#4112,#4113);
#4112 = CARTESIAN_POINT('',(0.32,-2.86,0.95));
#4113 = VECTOR('',#4114,1.);
#4114 = DIRECTION('',(0.,0.,-1.));
#4115 = ORIENTED_EDGE('',*,*,#4116,.T.);
#4116 = EDGE_CURVE('',#4109,#4117,#4119,.T.);
#4117 = VERTEX_POINT('',#4118);
#4118 = CARTESIAN_POINT('',(-0.32,-2.86,-2.84));
#4119 = LINE('',#4120,#4121);
#4120 = CARTESIAN_POINT('',(0.32,-2.86,-2.84));
#4121 = VECTOR('',#4122,1.);
#4122 = DIRECTION('',(-1.,0.,0.));
#4123 = ORIENTED_EDGE('',*,*,#4124,.T.);
#4124 = EDGE_CURVE('',#4117,#4090,#4125,.T.);
#4125 = LINE('',#4126,#4127);
#4126 = CARTESIAN_POINT('',(-0.32,-2.86,-3.));
#4127 = VECTOR('',#4128,1.);
#4128 = DIRECTION('',(0.,0.,1.));
#4129 = PLANE('',#4130);
#4130 = AXIS2_PLACEMENT_3D('',#4131,#4132,#4133);
#4131 = CARTESIAN_POINT('',(3.575919732441,-2.86,0.579080267559));
#4132 = DIRECTION('',(1.030170245606E-33,1.,6.630961875715E-34));
#4133 = DIRECTION('',(1.,-1.030170245606E-33,0.));
#4134 = ADVANCED_FACE('',(#4135),#4153,.T.);
#4135 = FACE_BOUND('',#4136,.T.);
#4136 = EDGE_LOOP('',(#4137,#4145,#4151,#4152));
#4137 = ORIENTED_EDGE('',*,*,#4138,.F.);
#4138 = EDGE_CURVE('',#4139,#3536,#4141,.T.);
#4139 = VERTEX_POINT('',#4140);
#4140 = CARTESIAN_POINT('',(0.32,-2.22,1.59));
#4141 = LINE('',#4142,#4143);
#4142 = CARTESIAN_POINT('',(-0.32,-2.22,1.59));
#4143 = VECTOR('',#4144,1.);
#4144 = DIRECTION('',(1.,0.,2.143287692327E-17));
#4145 = ORIENTED_EDGE('',*,*,#4146,.T.);
#4146 = EDGE_CURVE('',#4139,#4092,#4147,.T.);
#4147 = LINE('',#4148,#4149);
#4148 = CARTESIAN_POINT('',(0.32,-2.22,1.59));
#4149 = VECTOR('',#4150,1.);
#4150 = DIRECTION('',(0.,-1.,0.));
#4151 = ORIENTED_EDGE('',*,*,#4100,.T.);
#4152 = ORIENTED_EDGE('',*,*,#3543,.T.);
#4153 = PLANE('',#4154);
#4154 = AXIS2_PLACEMENT_3D('',#4155,#4156,#4157);
#4155 = CARTESIAN_POINT('',(-0.32,-2.22,1.59));
#4156 = DIRECTION('',(-2.143287692327E-17,0.,1.));
#4157 = DIRECTION('',(1.,0.,2.143287692327E-17));
#4158 = ADVANCED_FACE('',(#4159),#4195,.T.);
#4159 = FACE_BOUND('',#4160,.T.);
#4160 = EDGE_LOOP('',(#4161,#4170,#4171,#4172,#4173,#4181,#4189));
#4161 = ORIENTED_EDGE('',*,*,#4162,.T.);
#4162 = EDGE_CURVE('',#4163,#4139,#4165,.T.);
#4163 = VERTEX_POINT('',#4164);
#4164 = CARTESIAN_POINT('',(-0.32,-2.22,0.95));
#4165 = CIRCLE('',#4166,0.64);
#4166 = AXIS2_PLACEMENT_3D('',#4167,#4168,#4169);
#4167 = CARTESIAN_POINT('',(0.32,-2.22,0.95));
#4168 = DIRECTION('',(0.,1.,0.));
#4169 = DIRECTION('',(0.,0.,-1.));
#4170 = ORIENTED_EDGE('',*,*,#4138,.T.);
#4171 = ORIENTED_EDGE('',*,*,#3535,.T.);
#4172 = ORIENTED_EDGE('',*,*,#4058,.T.);
#4173 = ORIENTED_EDGE('',*,*,#4174,.T.);
#4174 = EDGE_CURVE('',#4059,#4175,#4177,.T.);
#4175 = VERTEX_POINT('',#4176);
#4176 = CARTESIAN_POINT('',(0.32,-2.22,-2.84));
#4177 = LINE('',#4178,#4179);
#4178 = CARTESIAN_POINT('',(0.32,-2.22,0.95));
#4179 = VECTOR('',#4180,1.);
#4180 = DIRECTION('',(0.,0.,-1.));
#4181 = ORIENTED_EDGE('',*,*,#4182,.T.);
#4182 = EDGE_CURVE('',#4175,#4183,#4185,.T.);
#4183 = VERTEX_POINT('',#4184);
#4184 = CARTESIAN_POINT('',(-0.32,-2.22,-2.84));
#4185 = LINE('',#4186,#4187);
#4186 = CARTESIAN_POINT('',(0.32,-2.22,-2.84));
#4187 = VECTOR('',#4188,1.);
#4188 = DIRECTION('',(-1.,0.,0.));
#4189 = ORIENTED_EDGE('',*,*,#4190,.T.);
#4190 = EDGE_CURVE('',#4183,#4163,#4191,.T.);
#4191 = LINE('',#4192,#4193);
#4192 = CARTESIAN_POINT('',(-0.32,-2.22,-3.));
#4193 = VECTOR('',#4194,1.);
#4194 = DIRECTION('',(0.,0.,1.));
#4195 = PLANE('',#4196);
#4196 = AXIS2_PLACEMENT_3D('',#4197,#4198,#4199);
#4197 = CARTESIAN_POINT('',(3.575919732441,-2.22,0.579080267559));
#4198 = DIRECTION('',(1.030170245606E-33,1.,6.630961875715E-34));
#4199 = DIRECTION('',(1.,-1.030170245606E-33,0.));
#4200 = ADVANCED_FACE('',(#4201),#4226,.T.);
#4201 = FACE_BOUND('',#4202,.T.);
#4202 = EDGE_LOOP('',(#4203,#4211,#4219,#4225));
#4203 = ORIENTED_EDGE('',*,*,#4204,.F.);
#4204 = EDGE_CURVE('',#4205,#3657,#4207,.T.);
#4205 = VERTEX_POINT('',#4206);
#4206 = CARTESIAN_POINT('',(9.88,0.32,0.95));
#4207 = LINE('',#4208,#4209);
#4208 = CARTESIAN_POINT('',(10.04,0.32,0.95));
#4209 = VECTOR('',#4210,1.);
#4210 = DIRECTION('',(-1.,0.,0.));
#4211 = ORIENTED_EDGE('',*,*,#4212,.T.);
#4212 = EDGE_CURVE('',#4205,#4213,#4215,.T.);
#4213 = VERTEX_POINT('',#4214);
#4214 = CARTESIAN_POINT('',(9.88,-0.32,0.95));
#4215 = LINE('',#4216,#4217);
#4216 = CARTESIAN_POINT('',(9.88,0.32,0.95));
#4217 = VECTOR('',#4218,1.);
#4218 = DIRECTION('',(0.,-1.,0.));
#4219 = ORIENTED_EDGE('',*,*,#4220,.T.);
#4220 = EDGE_CURVE('',#4213,#3659,#4221,.T.);
#4221 = LINE('',#4222,#4223);
#4222 = CARTESIAN_POINT('',(10.04,-0.32,0.95));
#4223 = VECTOR('',#4224,1.);
#4224 = DIRECTION('',(-1.,0.,0.));
#4225 = ORIENTED_EDGE('',*,*,#3656,.F.);
#4226 = PLANE('',#4227);
#4227 = AXIS2_PLACEMENT_3D('',#4228,#4229,#4230);
#4228 = CARTESIAN_POINT('',(10.04,0.32,0.95));
#4229 = DIRECTION('',(-0.,-0.,-1.));
#4230 = DIRECTION('',(-1.,0.,0.));
#4231 = ADVANCED_FACE('',(#4232),#4250,.F.);
#4232 = FACE_BOUND('',#4233,.F.);
#4233 = EDGE_LOOP('',(#4234,#4235,#4243,#4249));
#4234 = ORIENTED_EDGE('',*,*,#3682,.F.);
#4235 = ORIENTED_EDGE('',*,*,#4236,.T.);
#4236 = EDGE_CURVE('',#3675,#4237,#4239,.T.);
#4237 = VERTEX_POINT('',#4238);
#4238 = CARTESIAN_POINT('',(9.88,-0.32,1.59));
#4239 = LINE('',#4240,#4241);
#4240 = CARTESIAN_POINT('',(-0.32,-0.32,1.59));
#4241 = VECTOR('',#4242,1.);
#4242 = DIRECTION('',(1.,0.,2.143287692327E-17));
#4243 = ORIENTED_EDGE('',*,*,#4244,.T.);
#4244 = EDGE_CURVE('',#4237,#4213,#4245,.T.);
#4245 = LINE('',#4246,#4247);
#4246 = CARTESIAN_POINT('',(9.88,-0.32,1.59));
#4247 = VECTOR('',#4248,1.);
#4248 = DIRECTION('',(0.,0.,-1.));
#4249 = ORIENTED_EDGE('',*,*,#4220,.T.);
#4250 = PLANE('',#4251);
#4251 = AXIS2_PLACEMENT_3D('',#4252,#4253,#4254);
#4252 = CARTESIAN_POINT('',(3.575919732441,-0.32,0.579080267559));
#4253 = DIRECTION('',(1.030170245606E-33,1.,6.630961875715E-34));
#4254 = DIRECTION('',(1.,-1.030170245606E-33,0.));
#4255 = ADVANCED_FACE('',(#4256),#4274,.T.);
#4256 = FACE_BOUND('',#4257,.T.);
#4257 = EDGE_LOOP('',(#4258,#4266,#4267,#4268));
#4258 = ORIENTED_EDGE('',*,*,#4259,.F.);
#4259 = EDGE_CURVE('',#3667,#4260,#4262,.T.);
#4260 = VERTEX_POINT('',#4261);
#4261 = CARTESIAN_POINT('',(9.88,0.32,1.59));
#4262 = LINE('',#4263,#4264);
#4263 = CARTESIAN_POINT('',(-0.32,0.32,1.59));
#4264 = VECTOR('',#4265,1.);
#4265 = DIRECTION('',(1.,0.,2.143287692327E-17));
#4266 = ORIENTED_EDGE('',*,*,#3674,.F.);
#4267 = ORIENTED_EDGE('',*,*,#4236,.T.);
#4268 = ORIENTED_EDGE('',*,*,#4269,.F.);
#4269 = EDGE_CURVE('',#4260,#4237,#4270,.T.);
#4270 = LINE('',#4271,#4272);
#4271 = CARTESIAN_POINT('',(9.88,0.32,1.59));
#4272 = VECTOR('',#4273,1.);
#4273 = DIRECTION('',(0.,-1.,0.));
#4274 = PLANE('',#4275);
#4275 = AXIS2_PLACEMENT_3D('',#4276,#4277,#4278);
#4276 = CARTESIAN_POINT('',(-0.32,0.32,1.59));
#4277 = DIRECTION('',(-2.143287692327E-17,0.,1.));
#4278 = DIRECTION('',(1.,0.,2.143287692327E-17));
#4279 = ADVANCED_FACE('',(#4280),#4291,.T.);
#4280 = FACE_BOUND('',#4281,.T.);
#4281 = EDGE_LOOP('',(#4282,#4283,#4284,#4290));
#4282 = ORIENTED_EDGE('',*,*,#3666,.F.);
#4283 = ORIENTED_EDGE('',*,*,#4259,.T.);
#4284 = ORIENTED_EDGE('',*,*,#4285,.T.);
#4285 = EDGE_CURVE('',#4260,#4205,#4286,.T.);
#4286 = LINE('',#4287,#4288);
#4287 = CARTESIAN_POINT('',(9.88,0.32,1.59));
#4288 = VECTOR('',#4289,1.);
#4289 = DIRECTION('',(0.,0.,-1.));
#4290 = ORIENTED_EDGE('',*,*,#4204,.T.);
#4291 = PLANE('',#4292);
#4292 = AXIS2_PLACEMENT_3D('',#4293,#4294,#4295);
#4293 = CARTESIAN_POINT('',(3.575919732441,0.32,0.579080267559));
#4294 = DIRECTION('',(1.030170245606E-33,1.,6.630961875715E-34));
#4295 = DIRECTION('',(1.,-1.030170245606E-33,0.));
#4296 = ADVANCED_FACE('',(#4297),#4322,.T.);
#4297 = FACE_BOUND('',#4298,.T.);
#4298 = EDGE_LOOP('',(#4299,#4307,#4315,#4321));
#4299 = ORIENTED_EDGE('',*,*,#4300,.F.);
#4300 = EDGE_CURVE('',#4301,#3691,#4303,.T.);
#4301 = VERTEX_POINT('',#4302);
#4302 = CARTESIAN_POINT('',(9.88,-2.22,0.95));
#4303 = LINE('',#4304,#4305);
#4304 = CARTESIAN_POINT('',(10.04,-2.22,0.95));
#4305 = VECTOR('',#4306,1.);
#4306 = DIRECTION('',(-1.,0.,0.));
#4307 = ORIENTED_EDGE('',*,*,#4308,.T.);
#4308 = EDGE_CURVE('',#4301,#4309,#4311,.T.);
#4309 = VERTEX_POINT('',#4310);
#4310 = CARTESIAN_POINT('',(9.88,-2.86,0.95));
#4311 = LINE('',#4312,#4313);
#4312 = CARTESIAN_POINT('',(9.88,-2.22,0.95));
#4313 = VECTOR('',#4314,1.);
#4314 = DIRECTION('',(0.,-1.,0.));
#4315 = ORIENTED_EDGE('',*,*,#4316,.T.);
#4316 = EDGE_CURVE('',#4309,#3693,#4317,.T.);
#4317 = LINE('',#4318,#4319);
#4318 = CARTESIAN_POINT('',(10.04,-2.86,0.95));
#4319 = VECTOR('',#4320,1.);
#4320 = DIRECTION('',(-1.,0.,0.));
#4321 = ORIENTED_EDGE('',*,*,#3690,.F.);
#4322 = PLANE('',#4323);
#4323 = AXIS2_PLACEMENT_3D('',#4324,#4325,#4326);
#4324 = CARTESIAN_POINT('',(10.04,-2.22,0.95));
#4325 = DIRECTION('',(-0.,-0.,-1.));
#4326 = DIRECTION('',(-1.,0.,0.));
#4327 = ADVANCED_FACE('',(#4328),#4346,.F.);
#4328 = FACE_BOUND('',#4329,.F.);
#4329 = EDGE_LOOP('',(#4330,#4331,#4339,#4345));
#4330 = ORIENTED_EDGE('',*,*,#3716,.F.);
#4331 = ORIENTED_EDGE('',*,*,#4332,.T.);
#4332 = EDGE_CURVE('',#3709,#4333,#4335,.T.);
#4333 = VERTEX_POINT('',#4334);
#4334 = CARTESIAN_POINT('',(9.88,-2.86,1.59));
#4335 = LINE('',#4336,#4337);
#4336 = CARTESIAN_POINT('',(-0.32,-2.86,1.59));
#4337 = VECTOR('',#4338,1.);
#4338 = DIRECTION('',(1.,0.,2.143287692327E-17));
#4339 = ORIENTED_EDGE('',*,*,#4340,.T.);
#4340 = EDGE_CURVE('',#4333,#4309,#4341,.T.);
#4341 = LINE('',#4342,#4343);
#4342 = CARTESIAN_POINT('',(9.88,-2.86,1.59));
#4343 = VECTOR('',#4344,1.);
#4344 = DIRECTION('',(0.,0.,-1.));
#4345 = ORIENTED_EDGE('',*,*,#4316,.T.);
#4346 = PLANE('',#4347);
#4347 = AXIS2_PLACEMENT_3D('',#4348,#4349,#4350);
#4348 = CARTESIAN_POINT('',(3.575919732441,-2.86,0.579080267559));
#4349 = DIRECTION('',(1.030170245606E-33,1.,6.630961875715E-34));
#4350 = DIRECTION('',(1.,-1.030170245606E-33,0.));
#4351 = ADVANCED_FACE('',(#4352),#4370,.T.);
#4352 = FACE_BOUND('',#4353,.T.);
#4353 = EDGE_LOOP('',(#4354,#4362,#4363,#4364));
#4354 = ORIENTED_EDGE('',*,*,#4355,.F.);
#4355 = EDGE_CURVE('',#3701,#4356,#4358,.T.);
#4356 = VERTEX_POINT('',#4357);
#4357 = CARTESIAN_POINT('',(9.88,-2.22,1.59));
#4358 = LINE('',#4359,#4360);
#4359 = CARTESIAN_POINT('',(-0.32,-2.22,1.59));
#4360 = VECTOR('',#4361,1.);
#4361 = DIRECTION('',(1.,0.,2.143287692327E-17));
#4362 = ORIENTED_EDGE('',*,*,#3708,.F.);
#4363 = ORIENTED_EDGE('',*,*,#4332,.T.);
#4364 = ORIENTED_EDGE('',*,*,#4365,.F.);
#4365 = EDGE_CURVE('',#4356,#4333,#4366,.T.);
#4366 = LINE('',#4367,#4368);
#4367 = CARTESIAN_POINT('',(9.88,-2.22,1.59));
#4368 = VECTOR('',#4369,1.);
#4369 = DIRECTION('',(0.,-1.,0.));
#4370 = PLANE('',#4371);
#4371 = AXIS2_PLACEMENT_3D('',#4372,#4373,#4374);
#4372 = CARTESIAN_POINT('',(-0.32,-2.22,1.59));
#4373 = DIRECTION('',(-2.143287692327E-17,0.,1.));
#4374 = DIRECTION('',(1.,0.,2.143287692327E-17));
#4375 = ADVANCED_FACE('',(#4376),#4387,.T.);
#4376 = FACE_BOUND('',#4377,.T.);
#4377 = EDGE_LOOP('',(#4378,#4379,#4380,#4386));
#4378 = ORIENTED_EDGE('',*,*,#3700,.F.);
#4379 = ORIENTED_EDGE('',*,*,#4355,.T.);
#4380 = ORIENTED_EDGE('',*,*,#4381,.T.);
#4381 = EDGE_CURVE('',#4356,#4301,#4382,.T.);
#4382 = LINE('',#4383,#4384);
#4383 = CARTESIAN_POINT('',(9.88,-2.22,1.59));
#4384 = VECTOR('',#4385,1.);
#4385 = DIRECTION('',(0.,0.,-1.));
#4386 = ORIENTED_EDGE('',*,*,#4300,.T.);
#4387 = PLANE('',#4388);
#4388 = AXIS2_PLACEMENT_3D('',#4389,#4390,#4391);
#4389 = CARTESIAN_POINT('',(3.575919732441,-2.22,0.579080267559));
#4390 = DIRECTION('',(1.030170245606E-33,1.,6.630961875715E-34));
#4391 = DIRECTION('',(1.,-1.030170245606E-33,0.));
#4392 = ADVANCED_FACE('',(#4393),#4404,.T.);
#4393 = FACE_BOUND('',#4394,.T.);
#4394 = EDGE_LOOP('',(#4395,#4396,#4397,#4398));
#4395 = ORIENTED_EDGE('',*,*,#4028,.F.);
#4396 = ORIENTED_EDGE('',*,*,#3929,.T.);
#4397 = ORIENTED_EDGE('',*,*,#3962,.T.);
#4398 = ORIENTED_EDGE('',*,*,#4399,.F.);
#4399 = EDGE_CURVE('',#4029,#3963,#4400,.T.);
#4400 = LINE('',#4401,#4402);
#4401 = CARTESIAN_POINT('',(0.32,0.32,-2.84));
#4402 = VECTOR('',#4403,1.);
#4403 = DIRECTION('',(0.,-1.,0.));
#4404 = PLANE('',#4405);
#4405 = AXIS2_PLACEMENT_3D('',#4406,#4407,#4408);
#4406 = CARTESIAN_POINT('',(0.32,0.32,0.95));
#4407 = DIRECTION('',(1.,0.,0.));
#4408 = DIRECTION('',(0.,0.,-1.));
#4409 = ADVANCED_FACE('',(#4410),#4421,.T.);
#4410 = FACE_BOUND('',#4411,.T.);
#4411 = EDGE_LOOP('',(#4412,#4418,#4419,#4420));
#4412 = ORIENTED_EDGE('',*,*,#4413,.T.);
#4413 = EDGE_CURVE('',#4017,#3944,#4414,.T.);
#4414 = LINE('',#4415,#4416);
#4415 = CARTESIAN_POINT('',(-0.32,0.32,0.95));
#4416 = VECTOR('',#4417,1.);
#4417 = DIRECTION('',(0.,-1.,0.));
#4418 = ORIENTED_EDGE('',*,*,#3943,.T.);
#4419 = ORIENTED_EDGE('',*,*,#4000,.F.);
#4420 = ORIENTED_EDGE('',*,*,#4016,.F.);
#4421 = CYLINDRICAL_SURFACE('',#4422,0.64);
#4422 = AXIS2_PLACEMENT_3D('',#4423,#4424,#4425);
#4423 = CARTESIAN_POINT('',(0.32,0.32,0.95));
#4424 = DIRECTION('',(0.,-1.,0.));
#4425 = DIRECTION('',(-1.,0.,0.));
#4426 = ADVANCED_FACE('',(#4427),#4438,.T.);
#4427 = FACE_BOUND('',#4428,.T.);
#4428 = EDGE_LOOP('',(#4429,#4430,#4436,#4437));
#4429 = ORIENTED_EDGE('',*,*,#4044,.F.);
#4430 = ORIENTED_EDGE('',*,*,#4431,.T.);
#4431 = EDGE_CURVE('',#4037,#3971,#4432,.T.);
#4432 = LINE('',#4433,#4434);
#4433 = CARTESIAN_POINT('',(-0.32,0.32,-2.84));
#4434 = VECTOR('',#4435,1.);
#4435 = DIRECTION('',(0.,-1.,0.));
#4436 = ORIENTED_EDGE('',*,*,#3978,.T.);
#4437 = ORIENTED_EDGE('',*,*,#4413,.F.);
#4438 = PLANE('',#4439);
#4439 = AXIS2_PLACEMENT_3D('',#4440,#4441,#4442);
#4440 = CARTESIAN_POINT('',(-0.32,0.32,-3.));
#4441 = DIRECTION('',(-1.,0.,0.));
#4442 = DIRECTION('',(0.,0.,1.));
#4443 = ADVANCED_FACE('',(#4444),#4469,.F.);
#4444 = FACE_BOUND('',#4445,.F.);
#4445 = EDGE_LOOP('',(#4446,#4454,#4462,#4468));
#4446 = ORIENTED_EDGE('',*,*,#4447,.F.);
#4447 = EDGE_CURVE('',#4448,#3963,#4450,.T.);
#4448 = VERTEX_POINT('',#4449);
#4449 = CARTESIAN_POINT('',(0.16,-0.16,-3.));
#4450 = LINE('',#4451,#4452);
#4451 = CARTESIAN_POINT('',(0.16,-0.16,-3.));
#4452 = VECTOR('',#4453,1.);
#4453 = DIRECTION('',(0.57735026919,-0.57735026919,0.57735026919));
#4454 = ORIENTED_EDGE('',*,*,#4455,.T.);
#4455 = EDGE_CURVE('',#4448,#4456,#4458,.T.);
#4456 = VERTEX_POINT('',#4457);
#4457 = CARTESIAN_POINT('',(-0.16,-0.16,-3.));
#4458 = LINE('',#4459,#4460);
#4459 = CARTESIAN_POINT('',(0.32,-0.16,-3.));
#4460 = VECTOR('',#4461,1.);
#4461 = DIRECTION('',(-1.,0.,0.));
#4462 = ORIENTED_EDGE('',*,*,#4463,.T.);
#4463 = EDGE_CURVE('',#4456,#3971,#4464,.T.);
#4464 = LINE('',#4465,#4466);
#4465 = CARTESIAN_POINT('',(-5.333333333333E-02,-5.333333333333E-02,
    -3.106666666667));
#4466 = VECTOR('',#4467,1.);
#4467 = DIRECTION('',(-0.57735026919,-0.57735026919,0.57735026919));
#4468 = ORIENTED_EDGE('',*,*,#3970,.F.);
#4469 = PLANE('',#4470);
#4470 = AXIS2_PLACEMENT_3D('',#4471,#4472,#4473);
#4471 = CARTESIAN_POINT('',(0.32,-0.24,-2.92));
#4472 = DIRECTION('',(1.735167508357E-18,0.707106781187,0.707106781187)
  );
#4473 = DIRECTION('',(-1.,1.226948711654E-18,1.226948711654E-18));
#4474 = ADVANCED_FACE('',(#4475),#4500,.T.);
#4475 = FACE_BOUND('',#4476,.F.);
#4476 = EDGE_LOOP('',(#4477,#4485,#4486,#4494));
#4477 = ORIENTED_EDGE('',*,*,#4478,.T.);
#4478 = EDGE_CURVE('',#4479,#4029,#4481,.T.);
#4479 = VERTEX_POINT('',#4480);
#4480 = CARTESIAN_POINT('',(0.16,0.16,-3.));
#4481 = LINE('',#4482,#4483);
#4482 = CARTESIAN_POINT('',(0.266666666667,0.266666666667,
    -2.893333333333));
#4483 = VECTOR('',#4484,1.);
#4484 = DIRECTION('',(0.57735026919,0.57735026919,0.57735026919));
#4485 = ORIENTED_EDGE('',*,*,#4036,.T.);
#4486 = ORIENTED_EDGE('',*,*,#4487,.T.);
#4487 = EDGE_CURVE('',#4037,#4488,#4490,.T.);
#4488 = VERTEX_POINT('',#4489);
#4489 = CARTESIAN_POINT('',(-0.16,0.16,-3.));
#4490 = LINE('',#4491,#4492);
#4491 = CARTESIAN_POINT('',(-0.16,0.16,-3.));
#4492 = VECTOR('',#4493,1.);
#4493 = DIRECTION('',(0.57735026919,-0.57735026919,-0.57735026919));
#4494 = ORIENTED_EDGE('',*,*,#4495,.F.);
#4495 = EDGE_CURVE('',#4479,#4488,#4496,.T.);
#4496 = LINE('',#4497,#4498);
#4497 = CARTESIAN_POINT('',(0.32,0.16,-3.));
#4498 = VECTOR('',#4499,1.);
#4499 = DIRECTION('',(-1.,0.,0.));
#4500 = PLANE('',#4501);
#4501 = AXIS2_PLACEMENT_3D('',#4502,#4503,#4504);
#4502 = CARTESIAN_POINT('',(0.32,0.24,-2.92));
#4503 = DIRECTION('',(-1.735167508357E-18,0.707106781187,-0.707106781187
    ));
#4504 = DIRECTION('',(1.,1.226948711654E-18,-1.226948711654E-18));
#4505 = ADVANCED_FACE('',(#4506),#4517,.T.);
#4506 = FACE_BOUND('',#4507,.T.);
#4507 = EDGE_LOOP('',(#4508,#4509,#4510,#4511));
#4508 = ORIENTED_EDGE('',*,*,#4174,.F.);
#4509 = ORIENTED_EDGE('',*,*,#4075,.T.);
#4510 = ORIENTED_EDGE('',*,*,#4108,.T.);
#4511 = ORIENTED_EDGE('',*,*,#4512,.F.);
#4512 = EDGE_CURVE('',#4175,#4109,#4513,.T.);
#4513 = LINE('',#4514,#4515);
#4514 = CARTESIAN_POINT('',(0.32,-2.22,-2.84));
#4515 = VECTOR('',#4516,1.);
#4516 = DIRECTION('',(0.,-1.,0.));
#4517 = PLANE('',#4518);
#4518 = AXIS2_PLACEMENT_3D('',#4519,#4520,#4521);
#4519 = CARTESIAN_POINT('',(0.32,-2.22,0.95));
#4520 = DIRECTION('',(1.,0.,0.));
#4521 = DIRECTION('',(0.,0.,-1.));
#4522 = ADVANCED_FACE('',(#4523),#4534,.T.);
#4523 = FACE_BOUND('',#4524,.T.);
#4524 = EDGE_LOOP('',(#4525,#4531,#4532,#4533));
#4525 = ORIENTED_EDGE('',*,*,#4526,.T.);
#4526 = EDGE_CURVE('',#4163,#4090,#4527,.T.);
#4527 = LINE('',#4528,#4529);
#4528 = CARTESIAN_POINT('',(-0.32,-2.22,0.95));
#4529 = VECTOR('',#4530,1.);
#4530 = DIRECTION('',(0.,-1.,0.));
#4531 = ORIENTED_EDGE('',*,*,#4089,.T.);
#4532 = ORIENTED_EDGE('',*,*,#4146,.F.);
#4533 = ORIENTED_EDGE('',*,*,#4162,.F.);
#4534 = CYLINDRICAL_SURFACE('',#4535,0.64);
#4535 = AXIS2_PLACEMENT_3D('',#4536,#4537,#4538);
#4536 = CARTESIAN_POINT('',(0.32,-2.22,0.95));
#4537 = DIRECTION('',(0.,-1.,0.));
#4538 = DIRECTION('',(-1.,0.,0.));
#4539 = ADVANCED_FACE('',(#4540),#4551,.T.);
#4540 = FACE_BOUND('',#4541,.T.);
#4541 = EDGE_LOOP('',(#4542,#4543,#4549,#4550));
#4542 = ORIENTED_EDGE('',*,*,#4190,.F.);
#4543 = ORIENTED_EDGE('',*,*,#4544,.T.);
#4544 = EDGE_CURVE('',#4183,#4117,#4545,.T.);
#4545 = LINE('',#4546,#4547);
#4546 = CARTESIAN_POINT('',(-0.32,-2.22,-2.84));
#4547 = VECTOR('',#4548,1.);
#4548 = DIRECTION('',(0.,-1.,0.));
#4549 = ORIENTED_EDGE('',*,*,#4124,.T.);
#4550 = ORIENTED_EDGE('',*,*,#4526,.F.);
#4551 = PLANE('',#4552);
#4552 = AXIS2_PLACEMENT_3D('',#4553,#4554,#4555);
#4553 = CARTESIAN_POINT('',(-0.32,-2.22,-3.));
#4554 = DIRECTION('',(-1.,0.,0.));
#4555 = DIRECTION('',(0.,0.,1.));
#4556 = ADVANCED_FACE('',(#4557),#4582,.F.);
#4557 = FACE_BOUND('',#4558,.F.);
#4558 = EDGE_LOOP('',(#4559,#4567,#4575,#4581));
#4559 = ORIENTED_EDGE('',*,*,#4560,.F.);
#4560 = EDGE_CURVE('',#4561,#4109,#4563,.T.);
#4561 = VERTEX_POINT('',#4562);
#4562 = CARTESIAN_POINT('',(0.16,-2.7,-3.));
#4563 = LINE('',#4564,#4565);
#4564 = CARTESIAN_POINT('',(0.16,-2.7,-3.));
#4565 = VECTOR('',#4566,1.);
#4566 = DIRECTION('',(0.57735026919,-0.57735026919,0.57735026919));
#4567 = ORIENTED_EDGE('',*,*,#4568,.T.);
#4568 = EDGE_CURVE('',#4561,#4569,#4571,.T.);
#4569 = VERTEX_POINT('',#4570);
#4570 = CARTESIAN_POINT('',(-0.16,-2.7,-3.));
#4571 = LINE('',#4572,#4573);
#4572 = CARTESIAN_POINT('',(0.32,-2.7,-3.));
#4573 = VECTOR('',#4574,1.);
#4574 = DIRECTION('',(-1.,0.,0.));
#4575 = ORIENTED_EDGE('',*,*,#4576,.T.);
#4576 = EDGE_CURVE('',#4569,#4117,#4577,.T.);
#4577 = LINE('',#4578,#4579);
#4578 = CARTESIAN_POINT('',(-5.333333333333E-02,-2.593333333333,
    -3.106666666667));
#4579 = VECTOR('',#4580,1.);
#4580 = DIRECTION('',(-0.57735026919,-0.57735026919,0.57735026919));
#4581 = ORIENTED_EDGE('',*,*,#4116,.F.);
#4582 = PLANE('',#4583);
#4583 = AXIS2_PLACEMENT_3D('',#4584,#4585,#4586);
#4584 = CARTESIAN_POINT('',(0.32,-2.78,-2.92));
#4585 = DIRECTION('',(1.735167508357E-18,0.707106781187,0.707106781187)
  );
#4586 = DIRECTION('',(-1.,1.226948711654E-18,1.226948711654E-18));
#4587 = ADVANCED_FACE('',(#4588),#4613,.T.);
#4588 = FACE_BOUND('',#4589,.F.);
#4589 = EDGE_LOOP('',(#4590,#4598,#4599,#4607));
#4590 = ORIENTED_EDGE('',*,*,#4591,.T.);
#4591 = EDGE_CURVE('',#4592,#4175,#4594,.T.);
#4592 = VERTEX_POINT('',#4593);
#4593 = CARTESIAN_POINT('',(0.16,-2.38,-3.));
#4594 = LINE('',#4595,#4596);
#4595 = CARTESIAN_POINT('',(0.266666666667,-2.273333333333,
    -2.893333333333));
#4596 = VECTOR('',#4597,1.);
#4597 = DIRECTION('',(0.57735026919,0.57735026919,0.57735026919));
#4598 = ORIENTED_EDGE('',*,*,#4182,.T.);
#4599 = ORIENTED_EDGE('',*,*,#4600,.T.);
#4600 = EDGE_CURVE('',#4183,#4601,#4603,.T.);
#4601 = VERTEX_POINT('',#4602);
#4602 = CARTESIAN_POINT('',(-0.16,-2.38,-3.));
#4603 = LINE('',#4604,#4605);
#4604 = CARTESIAN_POINT('',(-0.16,-2.38,-3.));
#4605 = VECTOR('',#4606,1.);
#4606 = DIRECTION('',(0.57735026919,-0.57735026919,-0.57735026919));
#4607 = ORIENTED_EDGE('',*,*,#4608,.F.);
#4608 = EDGE_CURVE('',#4592,#4601,#4609,.T.);
#4609 = LINE('',#4610,#4611);
#4610 = CARTESIAN_POINT('',(0.32,-2.38,-3.));
#4611 = VECTOR('',#4612,1.);
#4612 = DIRECTION('',(-1.,0.,0.));
#4613 = PLANE('',#4614);
#4614 = AXIS2_PLACEMENT_3D('',#4615,#4616,#4617);
#4615 = CARTESIAN_POINT('',(0.32,-2.3,-2.92));
#4616 = DIRECTION('',(-1.735167508357E-18,0.707106781187,-0.707106781187
    ));
#4617 = DIRECTION('',(1.,1.226948711654E-18,-1.226948711654E-18));
#4618 = ADVANCED_FACE('',(#4619),#4644,.T.);
#4619 = FACE_BOUND('',#4620,.F.);
#4620 = EDGE_LOOP('',(#4621,#4629,#4630,#4638));
#4621 = ORIENTED_EDGE('',*,*,#4622,.F.);
#4622 = EDGE_CURVE('',#4205,#4623,#4625,.T.);
#4623 = VERTEX_POINT('',#4624);
#4624 = CARTESIAN_POINT('',(10.04,0.16,1.11));
#4625 = LINE('',#4626,#4627);
#4626 = CARTESIAN_POINT('',(10.04,0.16,1.11));
#4627 = VECTOR('',#4628,1.);
#4628 = DIRECTION('',(0.57735026919,-0.57735026919,0.57735026919));
#4629 = ORIENTED_EDGE('',*,*,#4212,.T.);
#4630 = ORIENTED_EDGE('',*,*,#4631,.T.);
#4631 = EDGE_CURVE('',#4213,#4632,#4634,.T.);
#4632 = VERTEX_POINT('',#4633);
#4633 = CARTESIAN_POINT('',(10.04,-0.16,1.11));
#4634 = LINE('',#4635,#4636);
#4635 = CARTESIAN_POINT('',(10.146666666667,-5.333333333333E-02,
    1.216666666667));
#4636 = VECTOR('',#4637,1.);
#4637 = DIRECTION('',(0.57735026919,0.57735026919,0.57735026919));
#4638 = ORIENTED_EDGE('',*,*,#4639,.F.);
#4639 = EDGE_CURVE('',#4623,#4632,#4640,.T.);
#4640 = LINE('',#4641,#4642);
#4641 = CARTESIAN_POINT('',(10.04,0.32,1.11));
#4642 = VECTOR('',#4643,1.);
#4643 = DIRECTION('',(0.,-1.,0.));
#4644 = PLANE('',#4645);
#4645 = AXIS2_PLACEMENT_3D('',#4646,#4647,#4648);
#4646 = CARTESIAN_POINT('',(9.96,0.32,1.03));
#4647 = DIRECTION('',(0.707106781187,0.,-0.707106781187));
#4648 = DIRECTION('',(0.,1.,0.));
#4649 = ADVANCED_FACE('',(#4650),#4668,.F.);
#4650 = FACE_BOUND('',#4651,.T.);
#4651 = EDGE_LOOP('',(#4652,#4660,#4661,#4662));
#4652 = ORIENTED_EDGE('',*,*,#4653,.F.);
#4653 = EDGE_CURVE('',#4237,#4654,#4656,.T.);
#4654 = VERTEX_POINT('',#4655);
#4655 = CARTESIAN_POINT('',(10.04,-0.16,1.43));
#4656 = LINE('',#4657,#4658);
#4657 = CARTESIAN_POINT('',(10.04,-0.16,1.43));
#4658 = VECTOR('',#4659,1.);
#4659 = DIRECTION('',(0.57735026919,0.57735026919,-0.57735026919));
#4660 = ORIENTED_EDGE('',*,*,#4244,.T.);
#4661 = ORIENTED_EDGE('',*,*,#4631,.T.);
#4662 = ORIENTED_EDGE('',*,*,#4663,.F.);
#4663 = EDGE_CURVE('',#4654,#4632,#4664,.T.);
#4664 = LINE('',#4665,#4666);
#4665 = CARTESIAN_POINT('',(10.04,-0.16,1.59));
#4666 = VECTOR('',#4667,1.);
#4667 = DIRECTION('',(0.,0.,-1.));
#4668 = PLANE('',#4669);
#4669 = AXIS2_PLACEMENT_3D('',#4670,#4671,#4672);
#4670 = CARTESIAN_POINT('',(9.96,-0.24,1.59));
#4671 = DIRECTION('',(-0.707106781187,0.707106781187,1.735167508357E-18)
  );
#4672 = DIRECTION('',(1.226948711654E-18,-1.226948711654E-18,1.));
#4673 = ADVANCED_FACE('',(#4674),#4692,.T.);
#4674 = FACE_BOUND('',#4675,.T.);
#4675 = EDGE_LOOP('',(#4676,#4684,#4685,#4686));
#4676 = ORIENTED_EDGE('',*,*,#4677,.F.);
#4677 = EDGE_CURVE('',#4260,#4678,#4680,.T.);
#4678 = VERTEX_POINT('',#4679);
#4679 = CARTESIAN_POINT('',(10.04,0.16,1.43));
#4680 = LINE('',#4681,#4682);
#4681 = CARTESIAN_POINT('',(9.933333333333,0.266666666667,1.536666666667
    ));
#4682 = VECTOR('',#4683,1.);
#4683 = DIRECTION('',(0.57735026919,-0.57735026919,-0.57735026919));
#4684 = ORIENTED_EDGE('',*,*,#4269,.T.);
#4685 = ORIENTED_EDGE('',*,*,#4653,.T.);
#4686 = ORIENTED_EDGE('',*,*,#4687,.F.);
#4687 = EDGE_CURVE('',#4678,#4654,#4688,.T.);
#4688 = LINE('',#4689,#4690);
#4689 = CARTESIAN_POINT('',(10.04,0.32,1.43));
#4690 = VECTOR('',#4691,1.);
#4691 = DIRECTION('',(0.,-1.,0.));
#4692 = PLANE('',#4693);
#4693 = AXIS2_PLACEMENT_3D('',#4694,#4695,#4696);
#4694 = CARTESIAN_POINT('',(9.96,0.32,1.51));
#4695 = DIRECTION('',(0.707106781187,-1.735167508357E-18,0.707106781187)
  );
#4696 = DIRECTION('',(-1.226948711654E-18,-1.,-1.226948711654E-18));
#4697 = ADVANCED_FACE('',(#4698),#4709,.T.);
#4698 = FACE_BOUND('',#4699,.F.);
#4699 = EDGE_LOOP('',(#4700,#4701,#4702,#4703));
#4700 = ORIENTED_EDGE('',*,*,#4677,.F.);
#4701 = ORIENTED_EDGE('',*,*,#4285,.T.);
#4702 = ORIENTED_EDGE('',*,*,#4622,.T.);
#4703 = ORIENTED_EDGE('',*,*,#4704,.F.);
#4704 = EDGE_CURVE('',#4678,#4623,#4705,.T.);
#4705 = LINE('',#4706,#4707);
#4706 = CARTESIAN_POINT('',(10.04,0.16,1.59));
#4707 = VECTOR('',#4708,1.);
#4708 = DIRECTION('',(0.,0.,-1.));
#4709 = PLANE('',#4710);
#4710 = AXIS2_PLACEMENT_3D('',#4711,#4712,#4713);
#4711 = CARTESIAN_POINT('',(9.96,0.24,1.59));
#4712 = DIRECTION('',(0.707106781187,0.707106781187,-1.735167508357E-18)
  );
#4713 = DIRECTION('',(1.226948711654E-18,1.226948711654E-18,1.));
#4714 = ADVANCED_FACE('',(#4715),#4740,.T.);
#4715 = FACE_BOUND('',#4716,.F.);
#4716 = EDGE_LOOP('',(#4717,#4725,#4726,#4734));
#4717 = ORIENTED_EDGE('',*,*,#4718,.F.);
#4718 = EDGE_CURVE('',#4301,#4719,#4721,.T.);
#4719 = VERTEX_POINT('',#4720);
#4720 = CARTESIAN_POINT('',(10.04,-2.38,1.11));
#4721 = LINE('',#4722,#4723);
#4722 = CARTESIAN_POINT('',(10.04,-2.38,1.11));
#4723 = VECTOR('',#4724,1.);
#4724 = DIRECTION('',(0.57735026919,-0.57735026919,0.57735026919));
#4725 = ORIENTED_EDGE('',*,*,#4308,.T.);
#4726 = ORIENTED_EDGE('',*,*,#4727,.T.);
#4727 = EDGE_CURVE('',#4309,#4728,#4730,.T.);
#4728 = VERTEX_POINT('',#4729);
#4729 = CARTESIAN_POINT('',(10.04,-2.7,1.11));
#4730 = LINE('',#4731,#4732);
#4731 = CARTESIAN_POINT('',(10.146666666667,-2.593333333333,
    1.216666666667));
#4732 = VECTOR('',#4733,1.);
#4733 = DIRECTION('',(0.57735026919,0.57735026919,0.57735026919));
#4734 = ORIENTED_EDGE('',*,*,#4735,.F.);
#4735 = EDGE_CURVE('',#4719,#4728,#4736,.T.);
#4736 = LINE('',#4737,#4738);
#4737 = CARTESIAN_POINT('',(10.04,-2.22,1.11));
#4738 = VECTOR('',#4739,1.);
#4739 = DIRECTION('',(0.,-1.,0.));
#4740 = PLANE('',#4741);
#4741 = AXIS2_PLACEMENT_3D('',#4742,#4743,#4744);
#4742 = CARTESIAN_POINT('',(9.96,-2.22,1.03));
#4743 = DIRECTION('',(0.707106781187,0.,-0.707106781187));
#4744 = DIRECTION('',(0.,1.,0.));
#4745 = ADVANCED_FACE('',(#4746),#4764,.F.);
#4746 = FACE_BOUND('',#4747,.T.);
#4747 = EDGE_LOOP('',(#4748,#4756,#4757,#4758));
#4748 = ORIENTED_EDGE('',*,*,#4749,.F.);
#4749 = EDGE_CURVE('',#4333,#4750,#4752,.T.);
#4750 = VERTEX_POINT('',#4751);
#4751 = CARTESIAN_POINT('',(10.04,-2.7,1.43));
#4752 = LINE('',#4753,#4754);
#4753 = CARTESIAN_POINT('',(10.04,-2.7,1.43));
#4754 = VECTOR('',#4755,1.);
#4755 = DIRECTION('',(0.57735026919,0.57735026919,-0.57735026919));
#4756 = ORIENTED_EDGE('',*,*,#4340,.T.);
#4757 = ORIENTED_EDGE('',*,*,#4727,.T.);
#4758 = ORIENTED_EDGE('',*,*,#4759,.F.);
#4759 = EDGE_CURVE('',#4750,#4728,#4760,.T.);
#4760 = LINE('',#4761,#4762);
#4761 = CARTESIAN_POINT('',(10.04,-2.7,1.59));
#4762 = VECTOR('',#4763,1.);
#4763 = DIRECTION('',(0.,0.,-1.));
#4764 = PLANE('',#4765);
#4765 = AXIS2_PLACEMENT_3D('',#4766,#4767,#4768);
#4766 = CARTESIAN_POINT('',(9.96,-2.78,1.59));
#4767 = DIRECTION('',(-0.707106781187,0.707106781187,1.735167508357E-18)
  );
#4768 = DIRECTION('',(1.226948711654E-18,-1.226948711654E-18,1.));
#4769 = ADVANCED_FACE('',(#4770),#4788,.T.);
#4770 = FACE_BOUND('',#4771,.T.);
#4771 = EDGE_LOOP('',(#4772,#4780,#4781,#4782));
#4772 = ORIENTED_EDGE('',*,*,#4773,.F.);
#4773 = EDGE_CURVE('',#4356,#4774,#4776,.T.);
#4774 = VERTEX_POINT('',#4775);
#4775 = CARTESIAN_POINT('',(10.04,-2.38,1.43));
#4776 = LINE('',#4777,#4778);
#4777 = CARTESIAN_POINT('',(9.933333333333,-2.273333333333,
    1.536666666667));
#4778 = VECTOR('',#4779,1.);
#4779 = DIRECTION('',(0.57735026919,-0.57735026919,-0.57735026919));
#4780 = ORIENTED_EDGE('',*,*,#4365,.T.);
#4781 = ORIENTED_EDGE('',*,*,#4749,.T.);
#4782 = ORIENTED_EDGE('',*,*,#4783,.F.);
#4783 = EDGE_CURVE('',#4774,#4750,#4784,.T.);
#4784 = LINE('',#4785,#4786);
#4785 = CARTESIAN_POINT('',(10.04,-2.22,1.43));
#4786 = VECTOR('',#4787,1.);
#4787 = DIRECTION('',(0.,-1.,0.));
#4788 = PLANE('',#4789);
#4789 = AXIS2_PLACEMENT_3D('',#4790,#4791,#4792);
#4790 = CARTESIAN_POINT('',(9.96,-2.22,1.51));
#4791 = DIRECTION('',(0.707106781187,-1.735167508357E-18,0.707106781187)
  );
#4792 = DIRECTION('',(-1.226948711654E-18,-1.,-1.226948711654E-18));
#4793 = ADVANCED_FACE('',(#4794),#4805,.T.);
#4794 = FACE_BOUND('',#4795,.F.);
#4795 = EDGE_LOOP('',(#4796,#4797,#4798,#4799));
#4796 = ORIENTED_EDGE('',*,*,#4773,.F.);
#4797 = ORIENTED_EDGE('',*,*,#4381,.T.);
#4798 = ORIENTED_EDGE('',*,*,#4718,.T.);
#4799 = ORIENTED_EDGE('',*,*,#4800,.F.);
#4800 = EDGE_CURVE('',#4774,#4719,#4801,.T.);
#4801 = LINE('',#4802,#4803);
#4802 = CARTESIAN_POINT('',(10.04,-2.38,1.59));
#4803 = VECTOR('',#4804,1.);
#4804 = DIRECTION('',(0.,0.,-1.));
#4805 = PLANE('',#4806);
#4806 = AXIS2_PLACEMENT_3D('',#4807,#4808,#4809);
#4807 = CARTESIAN_POINT('',(9.96,-2.3,1.59));
#4808 = DIRECTION('',(0.707106781187,0.707106781187,-1.735167508357E-18)
  );
#4809 = DIRECTION('',(1.226948711654E-18,1.226948711654E-18,1.));
#4810 = ADVANCED_FACE('',(#4811),#4822,.T.);
#4811 = FACE_BOUND('',#4812,.F.);
#4812 = EDGE_LOOP('',(#4813,#4814,#4820,#4821));
#4813 = ORIENTED_EDGE('',*,*,#4478,.F.);
#4814 = ORIENTED_EDGE('',*,*,#4815,.T.);
#4815 = EDGE_CURVE('',#4479,#4448,#4816,.T.);
#4816 = LINE('',#4817,#4818);
#4817 = CARTESIAN_POINT('',(0.16,0.32,-3.));
#4818 = VECTOR('',#4819,1.);
#4819 = DIRECTION('',(0.,-1.,0.));
#4820 = ORIENTED_EDGE('',*,*,#4447,.T.);
#4821 = ORIENTED_EDGE('',*,*,#4399,.F.);
#4822 = PLANE('',#4823);
#4823 = AXIS2_PLACEMENT_3D('',#4824,#4825,#4826);
#4824 = CARTESIAN_POINT('',(0.24,0.32,-2.92));
#4825 = DIRECTION('',(0.707106781187,1.735167508357E-18,-0.707106781187)
  );
#4826 = DIRECTION('',(-1.226948711654E-18,1.,1.226948711654E-18));
#4827 = ADVANCED_FACE('',(#4828),#4839,.T.);
#4828 = FACE_BOUND('',#4829,.F.);
#4829 = EDGE_LOOP('',(#4830,#4831,#4832,#4833));
#4830 = ORIENTED_EDGE('',*,*,#4487,.F.);
#4831 = ORIENTED_EDGE('',*,*,#4431,.T.);
#4832 = ORIENTED_EDGE('',*,*,#4463,.F.);
#4833 = ORIENTED_EDGE('',*,*,#4834,.F.);
#4834 = EDGE_CURVE('',#4488,#4456,#4835,.T.);
#4835 = LINE('',#4836,#4837);
#4836 = CARTESIAN_POINT('',(-0.16,0.32,-3.));
#4837 = VECTOR('',#4838,1.);
#4838 = DIRECTION('',(0.,-1.,0.));
#4839 = PLANE('',#4840);
#4840 = AXIS2_PLACEMENT_3D('',#4841,#4842,#4843);
#4841 = CARTESIAN_POINT('',(-0.24,0.32,-2.92));
#4842 = DIRECTION('',(-0.707106781187,-1.735167508357E-18,
    -0.707106781187));
#4843 = DIRECTION('',(-1.226948711654E-18,1.,-1.226948711654E-18));
#4844 = ADVANCED_FACE('',(#4845),#4851,.T.);
#4845 = FACE_BOUND('',#4846,.T.);
#4846 = EDGE_LOOP('',(#4847,#4848,#4849,#4850));
#4847 = ORIENTED_EDGE('',*,*,#4455,.T.);
#4848 = ORIENTED_EDGE('',*,*,#4834,.F.);
#4849 = ORIENTED_EDGE('',*,*,#4495,.F.);
#4850 = ORIENTED_EDGE('',*,*,#4815,.T.);
#4851 = PLANE('',#4852);
#4852 = AXIS2_PLACEMENT_3D('',#4853,#4854,#4855);
#4853 = CARTESIAN_POINT('',(0.32,0.32,-3.));
#4854 = DIRECTION('',(-0.,-0.,-1.));
#4855 = DIRECTION('',(-1.,0.,0.));
#4856 = ADVANCED_FACE('',(#4857),#4868,.T.);
#4857 = FACE_BOUND('',#4858,.F.);
#4858 = EDGE_LOOP('',(#4859,#4860,#4866,#4867));
#4859 = ORIENTED_EDGE('',*,*,#4591,.F.);
#4860 = ORIENTED_EDGE('',*,*,#4861,.T.);
#4861 = EDGE_CURVE('',#4592,#4561,#4862,.T.);
#4862 = LINE('',#4863,#4864);
#4863 = CARTESIAN_POINT('',(0.16,-2.22,-3.));
#4864 = VECTOR('',#4865,1.);
#4865 = DIRECTION('',(0.,-1.,0.));
#4866 = ORIENTED_EDGE('',*,*,#4560,.T.);
#4867 = ORIENTED_EDGE('',*,*,#4512,.F.);
#4868 = PLANE('',#4869);
#4869 = AXIS2_PLACEMENT_3D('',#4870,#4871,#4872);
#4870 = CARTESIAN_POINT('',(0.24,-2.22,-2.92));
#4871 = DIRECTION('',(0.707106781187,1.735167508357E-18,-0.707106781187)
  );
#4872 = DIRECTION('',(-1.226948711654E-18,1.,1.226948711654E-18));
#4873 = ADVANCED_FACE('',(#4874),#4885,.T.);
#4874 = FACE_BOUND('',#4875,.F.);
#4875 = EDGE_LOOP('',(#4876,#4877,#4878,#4879));
#4876 = ORIENTED_EDGE('',*,*,#4600,.F.);
#4877 = ORIENTED_EDGE('',*,*,#4544,.T.);
#4878 = ORIENTED_EDGE('',*,*,#4576,.F.);
#4879 = ORIENTED_EDGE('',*,*,#4880,.F.);
#4880 = EDGE_CURVE('',#4601,#4569,#4881,.T.);
#4881 = LINE('',#4882,#4883);
#4882 = CARTESIAN_POINT('',(-0.16,-2.22,-3.));
#4883 = VECTOR('',#4884,1.);
#4884 = DIRECTION('',(0.,-1.,0.));
#4885 = PLANE('',#4886);
#4886 = AXIS2_PLACEMENT_3D('',#4887,#4888,#4889);
#4887 = CARTESIAN_POINT('',(-0.24,-2.22,-2.92));
#4888 = DIRECTION('',(-0.707106781187,-1.735167508357E-18,
    -0.707106781187));
#4889 = DIRECTION('',(-1.226948711654E-18,1.,-1.226948711654E-18));
#4890 = ADVANCED_FACE('',(#4891),#4897,.T.);
#4891 = FACE_BOUND('',#4892,.T.);
#4892 = EDGE_LOOP('',(#4893,#4894,#4895,#4896));
#4893 = ORIENTED_EDGE('',*,*,#4568,.T.);
#4894 = ORIENTED_EDGE('',*,*,#4880,.F.);
#4895 = ORIENTED_EDGE('',*,*,#4608,.F.);
#4896 = ORIENTED_EDGE('',*,*,#4861,.T.);
#4897 = PLANE('',#4898);
#4898 = AXIS2_PLACEMENT_3D('',#4899,#4900,#4901);
#4899 = CARTESIAN_POINT('',(0.32,-2.22,-3.));
#4900 = DIRECTION('',(-0.,-0.,-1.));
#4901 = DIRECTION('',(-1.,0.,0.));
#4902 = ADVANCED_FACE('',(#4903),#4909,.T.);
#4903 = FACE_BOUND('',#4904,.T.);
#4904 = EDGE_LOOP('',(#4905,#4906,#4907,#4908));
#4905 = ORIENTED_EDGE('',*,*,#4663,.T.);
#4906 = ORIENTED_EDGE('',*,*,#4639,.F.);
#4907 = ORIENTED_EDGE('',*,*,#4704,.F.);
#4908 = ORIENTED_EDGE('',*,*,#4687,.T.);
#4909 = PLANE('',#4910);
#4910 = AXIS2_PLACEMENT_3D('',#4911,#4912,#4913);
#4911 = CARTESIAN_POINT('',(10.04,0.32,1.59));
#4912 = DIRECTION('',(1.,0.,0.));
#4913 = DIRECTION('',(0.,0.,-1.));
#4914 = ADVANCED_FACE('',(#4915),#4921,.T.);
#4915 = FACE_BOUND('',#4916,.T.);
#4916 = EDGE_LOOP('',(#4917,#4918,#4919,#4920));
#4917 = ORIENTED_EDGE('',*,*,#4759,.T.);
#4918 = ORIENTED_EDGE('',*,*,#4735,.F.);
#4919 = ORIENTED_EDGE('',*,*,#4800,.F.);
#4920 = ORIENTED_EDGE('',*,*,#4783,.T.);
#4921 = PLANE('',#4922);
#4922 = AXIS2_PLACEMENT_3D('',#4923,#4924,#4925);
#4923 = CARTESIAN_POINT('',(10.04,-2.22,1.59));
#4924 = DIRECTION('',(1.,0.,0.));
#4925 = DIRECTION('',(0.,0.,-1.));
#4926 = ( GEOMETRIC_REPRESENTATION_CONTEXT(3) 
GLOBAL_UNCERTAINTY_ASSIGNED_CONTEXT((#4930)) 
GLOBAL_UNIT_ASSIGNED_CONTEXT((#4927,#4928,#4929)) REPRESENTATION_CONTEXT
('Context #1','3D Context with UNIT and UNCERTAINTY') );
#4927 = ( LENGTH_UNIT() NAMED_UNIT(*) SI_UNIT(.MILLI.,.METRE.) );
#4928 = ( NAMED_UNIT(*) PLANE_ANGLE_UNIT() SI_UNIT($,.RADIAN.) );
#4929 = ( NAMED_UNIT(*) SI_UNIT($,.STERADIAN.) SOLID_ANGLE_UNIT() );
#4930 = UNCERTAINTY_MEASURE_WITH_UNIT(LENGTH_MEASURE(1.E-07),#4927,
  'distance_accuracy_value','confusion accuracy');
#4931 = CONTEXT_DEPENDENT_SHAPE_REPRESENTATION(#4932,#4934);
#4932 = ( REPRESENTATION_RELATIONSHIP('','',#3291,#10) 
REPRESENTATION_RELATIONSHIP_WITH_TRANSFORMATION(#4933) 
SHAPE_REPRESENTATION_RELATIONSHIP() );
#4933 = ITEM_DEFINED_TRANSFORMATION('','',#11,#19);
#4934 = PRODUCT_DEFINITION_SHAPE('Placement','Placement of an item',
  #4935);
#4935 = NEXT_ASSEMBLY_USAGE_OCCURRENCE('2','J4','',#5,#3286,$);
#4936 = PRODUCT_RELATED_PRODUCT_CATEGORY('part',$,(#3288));
#4937 = CONTEXT_DEPENDENT_SHAPE_REPRESENTATION(#4938,#4940);
#4938 = ( REPRESENTATION_RELATIONSHIP('','',#88,#10) 
REPRESENTATION_RELATIONSHIP_WITH_TRANSFORMATION(#4939) 
SHAPE_REPRESENTATION_RELATIONSHIP() );
#4939 = ITEM_DEFINED_TRANSFORMATION('','',#11,#23);
#4940 = PRODUCT_DEFINITION_SHAPE('Placement','Placement of an item',
  #4941);
#4941 = NEXT_ASSEMBLY_USAGE_OCCURRENCE('3','J3','',#5,#83,$);
#4942 = CONTEXT_DEPENDENT_SHAPE_REPRESENTATION(#4943,#4945);
#4943 = ( REPRESENTATION_RELATIONSHIP('','',#88,#10) 
REPRESENTATION_RELATIONSHIP_WITH_TRANSFORMATION(#4944) 
SHAPE_REPRESENTATION_RELATIONSHIP() );
#4944 = ITEM_DEFINED_TRANSFORMATION('','',#11,#27);
#4945 = PRODUCT_DEFINITION_SHAPE('Placement','Placement of an item',
  #4946);
#4946 = NEXT_ASSEMBLY_USAGE_OCCURRENCE('4','J2','',#5,#83,$);
#4947 = SHAPE_DEFINITION_REPRESENTATION(#4948,#4954);
#4948 = PRODUCT_DEFINITION_SHAPE('','',#4949);
#4949 = PRODUCT_DEFINITION('design','',#4950,#4953);
#4950 = PRODUCT_DEFINITION_FORMATION('','',#4951);
#4951 = PRODUCT('SOT-23','SOT-23','',(#4952));
#4952 = PRODUCT_CONTEXT('',#2,'mechanical');
#4953 = PRODUCT_DEFINITION_CONTEXT('part definition',#2,'design');
#4954 = ADVANCED_BREP_SHAPE_REPRESENTATION('',(#11,#4955),#7029);
#4955 = MANIFOLD_SOLID_BREP('',#4956);
#4956 = CLOSED_SHELL('',(#4957,#4995,#5058,#5081,#5110,#5133,#5172,#5195
    ,#5218,#5241,#5290,#5313,#5342,#5365,#5389,#5419,#5452,#5475,#5498,
    #5521,#5545,#5569,#5602,#5635,#5666,#5689,#5718,#5741,#5765,#5840,
    #5915,#5945,#5962,#5985,#6008,#6031,#6055,#6130,#6205,#6229,#6304,
    #6321,#6396,#6413,#6444,#6467,#6523,#6539,#6562,#6579,#6596,#6613,
    #6630,#6647,#6664,#6681,#6693,#6709,#6725,#6741,#6767,#6784,#6801,
    #6818,#6835,#6852,#6869,#6886,#6898,#6920,#6937,#6954,#6971,#6988,
    #7005,#7017));
#4957 = ADVANCED_FACE('',(#4958),#4990,.F.);
#4958 = FACE_BOUND('',#4959,.F.);
#4959 = EDGE_LOOP('',(#4960,#4970,#4977,#4985));
#4960 = ORIENTED_EDGE('',*,*,#4961,.T.);
#4961 = EDGE_CURVE('',#4962,#4964,#4966,.T.);
#4962 = VERTEX_POINT('',#4963);
#4963 = CARTESIAN_POINT('',(-0.571621551758,1.433243103516,0.1));
#4964 = VERTEX_POINT('',#4965);
#4965 = CARTESIAN_POINT('',(0.571621551758,1.433243103516,0.1));
#4966 = LINE('',#4967,#4968);
#4967 = CARTESIAN_POINT('',(-0.571621551758,1.433243103516,0.1));
#4968 = VECTOR('',#4969,1.);
#4969 = DIRECTION('',(1.,2.22044604925E-16,0.));
#4970 = ORIENTED_EDGE('',*,*,#4971,.T.);
#4971 = EDGE_CURVE('',#4964,#4972,#4974,.T.);
#4972 = VERTEX_POINT('',#4973);
#4973 = CARTESIAN_POINT('',(0.605,1.5,0.575));
#4974 = B_SPLINE_CURVE_WITH_KNOTS('',1,(#4975,#4976),.UNSPECIFIED.,.F.,
  .F.,(2,2),(0.,1.),.PIECEWISE_BEZIER_KNOTS.);
#4975 = CARTESIAN_POINT('',(0.571621551758,1.433243103516,0.1));
#4976 = CARTESIAN_POINT('',(0.605,1.5,0.575));
#4977 = ORIENTED_EDGE('',*,*,#4978,.F.);
#4978 = EDGE_CURVE('',#4979,#4972,#4981,.T.);
#4979 = VERTEX_POINT('',#4980);
#4980 = CARTESIAN_POINT('',(-0.605,1.5,0.575));
#4981 = LINE('',#4982,#4983);
#4982 = CARTESIAN_POINT('',(-0.605,1.5,0.575));
#4983 = VECTOR('',#4984,1.);
#4984 = DIRECTION('',(1.,2.22044604925E-16,0.));
#4985 = ORIENTED_EDGE('',*,*,#4986,.F.);
#4986 = EDGE_CURVE('',#4962,#4979,#4987,.T.);
#4987 = B_SPLINE_CURVE_WITH_KNOTS('',1,(#4988,#4989),.UNSPECIFIED.,.F.,
  .F.,(2,2),(0.,1.),.PIECEWISE_BEZIER_KNOTS.);
#4988 = CARTESIAN_POINT('',(-0.571621551758,1.433243103516,0.1));
#4989 = CARTESIAN_POINT('',(-0.605,1.5,0.575));
#4990 = B_SPLINE_SURFACE_WITH_KNOTS('',1,1,(
    (#4991,#4992)
    ,(#4993,#4994
    )),.UNSPECIFIED.,.F.,.F.,.F.,(2,2),(2,2),(0.,1.21),(0.,1.),
  .PIECEWISE_BEZIER_KNOTS.);
#4991 = CARTESIAN_POINT('',(-0.571621551758,1.433243103516,0.1));
#4992 = CARTESIAN_POINT('',(-0.605,1.5,0.575));
#4993 = CARTESIAN_POINT('',(0.571621551758,1.433243103516,0.1));
#4994 = CARTESIAN_POINT('',(0.605,1.5,0.575));
#4995 = ADVANCED_FACE('',(#4996),#5053,.T.);
#4996 = FACE_BOUND('',#4997,.T.);
#4997 = EDGE_LOOP('',(#4998,#4999,#5007,#5015,#5023,#5031,#5039,#5047));
#4998 = ORIENTED_EDGE('',*,*,#4961,.T.);
#4999 = ORIENTED_EDGE('',*,*,#5000,.T.);
#5000 = EDGE_CURVE('',#4964,#5001,#5003,.T.);
#5001 = VERTEX_POINT('',#5002);
#5002 = CARTESIAN_POINT('',(0.633243103516,1.371621551758,0.1));
#5003 = LINE('',#5004,#5005);
#5004 = CARTESIAN_POINT('',(0.571621551758,1.433243103516,0.1));
#5005 = VECTOR('',#5006,1.);
#5006 = DIRECTION('',(0.707106781187,-0.707106781187,0.));
#5007 = ORIENTED_EDGE('',*,*,#5008,.T.);
#5008 = EDGE_CURVE('',#5001,#5009,#5011,.T.);
#5009 = VERTEX_POINT('',#5010);
#5010 = CARTESIAN_POINT('',(0.633243103516,-1.371621551758,0.1));
#5011 = LINE('',#5012,#5013);
#5012 = CARTESIAN_POINT('',(0.633243103516,1.371621551758,0.1));
#5013 = VECTOR('',#5014,1.);
#5014 = DIRECTION('',(2.22044604925E-16,-1.,0.));
#5015 = ORIENTED_EDGE('',*,*,#5016,.T.);
#5016 = EDGE_CURVE('',#5009,#5017,#5019,.T.);
#5017 = VERTEX_POINT('',#5018);
#5018 = CARTESIAN_POINT('',(0.571621551758,-1.433243103516,0.1));
#5019 = LINE('',#5020,#5021);
#5020 = CARTESIAN_POINT('',(0.633243103516,-1.371621551758,0.1));
#5021 = VECTOR('',#5022,1.);
#5022 = DIRECTION('',(-0.707106781187,-0.707106781187,0.));
#5023 = ORIENTED_EDGE('',*,*,#5024,.T.);
#5024 = EDGE_CURVE('',#5017,#5025,#5027,.T.);
#5025 = VERTEX_POINT('',#5026);
#5026 = CARTESIAN_POINT('',(-0.571621551758,-1.433243103516,0.1));
#5027 = LINE('',#5028,#5029);
#5028 = CARTESIAN_POINT('',(0.571621551758,-1.433243103516,0.1));
#5029 = VECTOR('',#5030,1.);
#5030 = DIRECTION('',(-1.,-2.22044604925E-16,0.));
#5031 = ORIENTED_EDGE('',*,*,#5032,.T.);
#5032 = EDGE_CURVE('',#5025,#5033,#5035,.T.);
#5033 = VERTEX_POINT('',#5034);
#5034 = CARTESIAN_POINT('',(-0.633243103516,-1.371621551758,0.1));
#5035 = LINE('',#5036,#5037);
#5036 = CARTESIAN_POINT('',(-0.571621551758,-1.433243103516,0.1));
#5037 = VECTOR('',#5038,1.);
#5038 = DIRECTION('',(-0.707106781187,0.707106781187,0.));
#5039 = ORIENTED_EDGE('',*,*,#5040,.T.);
#5040 = EDGE_CURVE('',#5033,#5041,#5043,.T.);
#5041 = VERTEX_POINT('',#5042);
#5042 = CARTESIAN_POINT('',(-0.633243103516,1.371621551758,0.1));
#5043 = LINE('',#5044,#5045);
#5044 = CARTESIAN_POINT('',(-0.633243103516,-1.371621551758,0.1));
#5045 = VECTOR('',#5046,1.);
#5046 = DIRECTION('',(-2.22044604925E-16,1.,0.));
#5047 = ORIENTED_EDGE('',*,*,#5048,.T.);
#5048 = EDGE_CURVE('',#5041,#4962,#5049,.T.);
#5049 = LINE('',#5050,#5051);
#5050 = CARTESIAN_POINT('',(-0.633243103516,1.371621551758,0.1));
#5051 = VECTOR('',#5052,1.);
#5052 = DIRECTION('',(0.707106781187,0.707106781187,0.));
#5053 = PLANE('',#5054);
#5054 = AXIS2_PLACEMENT_3D('',#5055,#5056,#5057);
#5055 = CARTESIAN_POINT('',(-0.571621551758,1.433243103516,0.1));
#5056 = DIRECTION('',(0.,0.,-1.));
#5057 = DIRECTION('',(0.370454302632,-0.928850692879,0.));
#5058 = ADVANCED_FACE('',(#5059),#5076,.F.);
#5059 = FACE_BOUND('',#5060,.F.);
#5060 = EDGE_LOOP('',(#5061,#5062,#5069,#5075));
#5061 = ORIENTED_EDGE('',*,*,#5000,.T.);
#5062 = ORIENTED_EDGE('',*,*,#5063,.T.);
#5063 = EDGE_CURVE('',#5001,#5064,#5066,.T.);
#5064 = VERTEX_POINT('',#5065);
#5065 = CARTESIAN_POINT('',(0.7,1.405,0.575));
#5066 = B_SPLINE_CURVE_WITH_KNOTS('',1,(#5067,#5068),.UNSPECIFIED.,.F.,
  .F.,(2,2),(0.,1.),.PIECEWISE_BEZIER_KNOTS.);
#5067 = CARTESIAN_POINT('',(0.633243103516,1.371621551758,0.1));
#5068 = CARTESIAN_POINT('',(0.7,1.405,0.575));
#5069 = ORIENTED_EDGE('',*,*,#5070,.F.);
#5070 = EDGE_CURVE('',#4972,#5064,#5071,.T.);
#5071 = LINE('',#5072,#5073);
#5072 = CARTESIAN_POINT('',(0.605,1.5,0.575));
#5073 = VECTOR('',#5074,1.);
#5074 = DIRECTION('',(0.707106781187,-0.707106781187,0.));
#5075 = ORIENTED_EDGE('',*,*,#4971,.F.);
#5076 = B_SPLINE_SURFACE_WITH_KNOTS('',1,1,(
    (#5077,#5078)
    ,(#5079,#5080
    )),.UNSPECIFIED.,.F.,.F.,.F.,(2,2),(2,2),(0.,0.134350288425),(0.,1.)
  ,.PIECEWISE_BEZIER_KNOTS.);
#5077 = CARTESIAN_POINT('',(0.571621551758,1.433243103516,0.1));
#5078 = CARTESIAN_POINT('',(0.605,1.5,0.575));
#5079 = CARTESIAN_POINT('',(0.633243103516,1.371621551758,0.1));
#5080 = CARTESIAN_POINT('',(0.7,1.405,0.575));
#5081 = ADVANCED_FACE('',(#5082),#5105,.F.);
#5082 = FACE_BOUND('',#5083,.F.);
#5083 = EDGE_LOOP('',(#5084,#5085,#5092,#5100));
#5084 = ORIENTED_EDGE('',*,*,#4978,.T.);
#5085 = ORIENTED_EDGE('',*,*,#5086,.T.);
#5086 = EDGE_CURVE('',#4972,#5087,#5089,.T.);
#5087 = VERTEX_POINT('',#5088);
#5088 = CARTESIAN_POINT('',(0.605,1.5,0.725));
#5089 = B_SPLINE_CURVE_WITH_KNOTS('',1,(#5090,#5091),.UNSPECIFIED.,.F.,
  .F.,(2,2),(0.,1.),.PIECEWISE_BEZIER_KNOTS.);
#5090 = CARTESIAN_POINT('',(0.605,1.5,0.575));
#5091 = CARTESIAN_POINT('',(0.605,1.5,0.725));
#5092 = ORIENTED_EDGE('',*,*,#5093,.F.);
#5093 = EDGE_CURVE('',#5094,#5087,#5096,.T.);
#5094 = VERTEX_POINT('',#5095);
#5095 = CARTESIAN_POINT('',(-0.605,1.5,0.725));
#5096 = LINE('',#5097,#5098);
#5097 = CARTESIAN_POINT('',(-0.605,1.5,0.725));
#5098 = VECTOR('',#5099,1.);
#5099 = DIRECTION('',(1.,2.22044604925E-16,0.));
#5100 = ORIENTED_EDGE('',*,*,#5101,.F.);
#5101 = EDGE_CURVE('',#4979,#5094,#5102,.T.);
#5102 = B_SPLINE_CURVE_WITH_KNOTS('',1,(#5103,#5104),.UNSPECIFIED.,.F.,
  .F.,(2,2),(0.,1.),.PIECEWISE_BEZIER_KNOTS.);
#5103 = CARTESIAN_POINT('',(-0.605,1.5,0.575));
#5104 = CARTESIAN_POINT('',(-0.605,1.5,0.725));
#5105 = PLANE('',#5106);
#5106 = AXIS2_PLACEMENT_3D('',#5107,#5108,#5109);
#5107 = CARTESIAN_POINT('',(-0.605,1.5,0.725));
#5108 = DIRECTION('',(2.22044604925E-16,-1.,0.));
#5109 = DIRECTION('',(1.,2.22044604925E-16,0.));
#5110 = ADVANCED_FACE('',(#5111),#5128,.F.);
#5111 = FACE_BOUND('',#5112,.F.);
#5112 = EDGE_LOOP('',(#5113,#5114,#5115,#5123));
#5113 = ORIENTED_EDGE('',*,*,#5048,.T.);
#5114 = ORIENTED_EDGE('',*,*,#4986,.T.);
#5115 = ORIENTED_EDGE('',*,*,#5116,.F.);
#5116 = EDGE_CURVE('',#5117,#4979,#5119,.T.);
#5117 = VERTEX_POINT('',#5118);
#5118 = CARTESIAN_POINT('',(-0.7,1.405,0.575));
#5119 = LINE('',#5120,#5121);
#5120 = CARTESIAN_POINT('',(-0.7,1.405,0.575));
#5121 = VECTOR('',#5122,1.);
#5122 = DIRECTION('',(0.707106781187,0.707106781187,0.));
#5123 = ORIENTED_EDGE('',*,*,#5124,.F.);
#5124 = EDGE_CURVE('',#5041,#5117,#5125,.T.);
#5125 = B_SPLINE_CURVE_WITH_KNOTS('',1,(#5126,#5127),.UNSPECIFIED.,.F.,
  .F.,(2,2),(0.,1.),.PIECEWISE_BEZIER_KNOTS.);
#5126 = CARTESIAN_POINT('',(-0.633243103516,1.371621551758,0.1));
#5127 = CARTESIAN_POINT('',(-0.7,1.405,0.575));
#5128 = B_SPLINE_SURFACE_WITH_KNOTS('',1,1,(
    (#5129,#5130)
    ,(#5131,#5132
    )),.UNSPECIFIED.,.F.,.F.,.F.,(2,2),(2,2),(0.,0.134350288425),(0.,1.)
  ,.PIECEWISE_BEZIER_KNOTS.);
#5129 = CARTESIAN_POINT('',(-0.633243103516,1.371621551758,0.1));
#5130 = CARTESIAN_POINT('',(-0.7,1.405,0.575));
#5131 = CARTESIAN_POINT('',(-0.571621551758,1.433243103516,0.1));
#5132 = CARTESIAN_POINT('',(-0.605,1.5,0.575));
#5133 = ADVANCED_FACE('',(#5134),#5167,.F.);
#5134 = FACE_BOUND('',#5135,.F.);
#5135 = EDGE_LOOP('',(#5136,#5137,#5144,#5152,#5160,#5166));
#5136 = ORIENTED_EDGE('',*,*,#5008,.T.);
#5137 = ORIENTED_EDGE('',*,*,#5138,.T.);
#5138 = EDGE_CURVE('',#5009,#5139,#5141,.T.);
#5139 = VERTEX_POINT('',#5140);
#5140 = CARTESIAN_POINT('',(0.7,-1.405,0.575));
#5141 = B_SPLINE_CURVE_WITH_KNOTS('',1,(#5142,#5143),.UNSPECIFIED.,.F.,
  .F.,(2,2),(0.,1.),.PIECEWISE_BEZIER_KNOTS.);
#5142 = CARTESIAN_POINT('',(0.633243103516,-1.371621551758,0.1));
#5143 = CARTESIAN_POINT('',(0.7,-1.405,0.575));
#5144 = ORIENTED_EDGE('',*,*,#5145,.F.);
#5145 = EDGE_CURVE('',#5146,#5139,#5148,.T.);
#5146 = VERTEX_POINT('',#5147);
#5147 = CARTESIAN_POINT('',(0.7,-0.2,0.575));
#5148 = LINE('',#5149,#5150);
#5149 = CARTESIAN_POINT('',(0.7,1.405,0.575));
#5150 = VECTOR('',#5151,1.);
#5151 = DIRECTION('',(2.22044604925E-16,-1.,0.));
#5152 = ORIENTED_EDGE('',*,*,#5153,.F.);
#5153 = EDGE_CURVE('',#5154,#5146,#5156,.T.);
#5154 = VERTEX_POINT('',#5155);
#5155 = CARTESIAN_POINT('',(0.7,0.2,0.575));
#5156 = LINE('',#5157,#5158);
#5157 = CARTESIAN_POINT('',(0.7,0.2,0.575));
#5158 = VECTOR('',#5159,1.);
#5159 = DIRECTION('',(2.22044604925E-16,-1.,0.));
#5160 = ORIENTED_EDGE('',*,*,#5161,.F.);
#5161 = EDGE_CURVE('',#5064,#5154,#5162,.T.);
#5162 = LINE('',#5163,#5164);
#5163 = CARTESIAN_POINT('',(0.7,1.405,0.575));
#5164 = VECTOR('',#5165,1.);
#5165 = DIRECTION('',(2.22044604925E-16,-1.,0.));
#5166 = ORIENTED_EDGE('',*,*,#5063,.F.);
#5167 = B_SPLINE_SURFACE_WITH_KNOTS('',1,1,(
    (#5168,#5169)
    ,(#5170,#5171
    )),.UNSPECIFIED.,.F.,.F.,.F.,(2,2),(2,2),(0.,2.81),(0.,1.),
  .PIECEWISE_BEZIER_KNOTS.);
#5168 = CARTESIAN_POINT('',(0.633243103516,1.371621551758,0.1));
#5169 = CARTESIAN_POINT('',(0.7,1.405,0.575));
#5170 = CARTESIAN_POINT('',(0.633243103516,-1.371621551758,0.1));
#5171 = CARTESIAN_POINT('',(0.7,-1.405,0.575));
#5172 = ADVANCED_FACE('',(#5173),#5190,.F.);
#5173 = FACE_BOUND('',#5174,.F.);
#5174 = EDGE_LOOP('',(#5175,#5176,#5183,#5189));
#5175 = ORIENTED_EDGE('',*,*,#5016,.T.);
#5176 = ORIENTED_EDGE('',*,*,#5177,.T.);
#5177 = EDGE_CURVE('',#5017,#5178,#5180,.T.);
#5178 = VERTEX_POINT('',#5179);
#5179 = CARTESIAN_POINT('',(0.605,-1.5,0.575));
#5180 = B_SPLINE_CURVE_WITH_KNOTS('',1,(#5181,#5182),.UNSPECIFIED.,.F.,
  .F.,(2,2),(0.,1.),.PIECEWISE_BEZIER_KNOTS.);
#5181 = CARTESIAN_POINT('',(0.571621551758,-1.433243103516,0.1));
#5182 = CARTESIAN_POINT('',(0.605,-1.5,0.575));
#5183 = ORIENTED_EDGE('',*,*,#5184,.F.);
#5184 = EDGE_CURVE('',#5139,#5178,#5185,.T.);
#5185 = LINE('',#5186,#5187);
#5186 = CARTESIAN_POINT('',(0.7,-1.405,0.575));
#5187 = VECTOR('',#5188,1.);
#5188 = DIRECTION('',(-0.707106781187,-0.707106781187,0.));
#5189 = ORIENTED_EDGE('',*,*,#5138,.F.);
#5190 = B_SPLINE_SURFACE_WITH_KNOTS('',1,1,(
    (#5191,#5192)
    ,(#5193,#5194
    )),.UNSPECIFIED.,.F.,.F.,.F.,(2,2),(2,2),(0.,0.134350288425),(0.,1.)
  ,.PIECEWISE_BEZIER_KNOTS.);
#5191 = CARTESIAN_POINT('',(0.633243103516,-1.371621551758,0.1));
#5192 = CARTESIAN_POINT('',(0.7,-1.405,0.575));
#5193 = CARTESIAN_POINT('',(0.571621551758,-1.433243103516,0.1));
#5194 = CARTESIAN_POINT('',(0.605,-1.5,0.575));
#5195 = ADVANCED_FACE('',(#5196),#5213,.F.);
#5196 = FACE_BOUND('',#5197,.F.);
#5197 = EDGE_LOOP('',(#5198,#5199,#5206,#5212));
#5198 = ORIENTED_EDGE('',*,*,#5024,.T.);
#5199 = ORIENTED_EDGE('',*,*,#5200,.T.);
#5200 = EDGE_CURVE('',#5025,#5201,#5203,.T.);
#5201 = VERTEX_POINT('',#5202);
#5202 = CARTESIAN_POINT('',(-0.605,-1.5,0.575));
#5203 = B_SPLINE_CURVE_WITH_KNOTS('',1,(#5204,#5205),.UNSPECIFIED.,.F.,
  .F.,(2,2),(0.,1.),.PIECEWISE_BEZIER_KNOTS.);
#5204 = CARTESIAN_POINT('',(-0.571621551758,-1.433243103516,0.1));
#5205 = CARTESIAN_POINT('',(-0.605,-1.5,0.575));
#5206 = ORIENTED_EDGE('',*,*,#5207,.F.);
#5207 = EDGE_CURVE('',#5178,#5201,#5208,.T.);
#5208 = LINE('',#5209,#5210);
#5209 = CARTESIAN_POINT('',(0.605,-1.5,0.575));
#5210 = VECTOR('',#5211,1.);
#5211 = DIRECTION('',(-1.,-2.22044604925E-16,0.));
#5212 = ORIENTED_EDGE('',*,*,#5177,.F.);
#5213 = B_SPLINE_SURFACE_WITH_KNOTS('',1,1,(
    (#5214,#5215)
    ,(#5216,#5217
    )),.UNSPECIFIED.,.F.,.F.,.F.,(2,2),(2,2),(0.,1.21),(0.,1.),
  .PIECEWISE_BEZIER_KNOTS.);
#5214 = CARTESIAN_POINT('',(0.571621551758,-1.433243103516,0.1));
#5215 = CARTESIAN_POINT('',(0.605,-1.5,0.575));
#5216 = CARTESIAN_POINT('',(-0.571621551758,-1.433243103516,0.1));
#5217 = CARTESIAN_POINT('',(-0.605,-1.5,0.575));
#5218 = ADVANCED_FACE('',(#5219),#5236,.F.);
#5219 = FACE_BOUND('',#5220,.F.);
#5220 = EDGE_LOOP('',(#5221,#5222,#5229,#5235));
#5221 = ORIENTED_EDGE('',*,*,#5032,.T.);
#5222 = ORIENTED_EDGE('',*,*,#5223,.T.);
#5223 = EDGE_CURVE('',#5033,#5224,#5226,.T.);
#5224 = VERTEX_POINT('',#5225);
#5225 = CARTESIAN_POINT('',(-0.7,-1.405,0.575));
#5226 = B_SPLINE_CURVE_WITH_KNOTS('',1,(#5227,#5228),.UNSPECIFIED.,.F.,
  .F.,(2,2),(0.,1.),.PIECEWISE_BEZIER_KNOTS.);
#5227 = CARTESIAN_POINT('',(-0.633243103516,-1.371621551758,0.1));
#5228 = CARTESIAN_POINT('',(-0.7,-1.405,0.575));
#5229 = ORIENTED_EDGE('',*,*,#5230,.F.);
#5230 = EDGE_CURVE('',#5201,#5224,#5231,.T.);
#5231 = LINE('',#5232,#5233);
#5232 = CARTESIAN_POINT('',(-0.605,-1.5,0.575));
#5233 = VECTOR('',#5234,1.);
#5234 = DIRECTION('',(-0.707106781187,0.707106781187,0.));
#5235 = ORIENTED_EDGE('',*,*,#5200,.F.);
#5236 = B_SPLINE_SURFACE_WITH_KNOTS('',1,1,(
    (#5237,#5238)
    ,(#5239,#5240
    )),.UNSPECIFIED.,.F.,.F.,.F.,(2,2),(2,2),(0.,0.134350288425),(0.,1.)
  ,.PIECEWISE_BEZIER_KNOTS.);
#5237 = CARTESIAN_POINT('',(-0.571621551758,-1.433243103516,0.1));
#5238 = CARTESIAN_POINT('',(-0.605,-1.5,0.575));
#5239 = CARTESIAN_POINT('',(-0.633243103516,-1.371621551758,0.1));
#5240 = CARTESIAN_POINT('',(-0.7,-1.405,0.575));
#5241 = ADVANCED_FACE('',(#5242),#5285,.F.);
#5242 = FACE_BOUND('',#5243,.F.);
#5243 = EDGE_LOOP('',(#5244,#5245,#5246,#5254,#5262,#5270,#5278,#5284));
#5244 = ORIENTED_EDGE('',*,*,#5040,.T.);
#5245 = ORIENTED_EDGE('',*,*,#5124,.T.);
#5246 = ORIENTED_EDGE('',*,*,#5247,.F.);
#5247 = EDGE_CURVE('',#5248,#5117,#5250,.T.);
#5248 = VERTEX_POINT('',#5249);
#5249 = CARTESIAN_POINT('',(-0.7,1.15,0.575));
#5250 = LINE('',#5251,#5252);
#5251 = CARTESIAN_POINT('',(-0.7,-1.405,0.575));
#5252 = VECTOR('',#5253,1.);
#5253 = DIRECTION('',(-2.22044604925E-16,1.,0.));
#5254 = ORIENTED_EDGE('',*,*,#5255,.F.);
#5255 = EDGE_CURVE('',#5256,#5248,#5258,.T.);
#5256 = VERTEX_POINT('',#5257);
#5257 = CARTESIAN_POINT('',(-0.7,0.75,0.575));
#5258 = LINE('',#5259,#5260);
#5259 = CARTESIAN_POINT('',(-0.7,0.75,0.575));
#5260 = VECTOR('',#5261,1.);
#5261 = DIRECTION('',(-9.95799250103E-17,1.,0.));
#5262 = ORIENTED_EDGE('',*,*,#5263,.F.);
#5263 = EDGE_CURVE('',#5264,#5256,#5266,.T.);
#5264 = VERTEX_POINT('',#5265);
#5265 = CARTESIAN_POINT('',(-0.7,-0.75,0.575));
#5266 = LINE('',#5267,#5268);
#5267 = CARTESIAN_POINT('',(-0.7,-1.405,0.575));
#5268 = VECTOR('',#5269,1.);
#5269 = DIRECTION('',(-2.22044604925E-16,1.,0.));
#5270 = ORIENTED_EDGE('',*,*,#5271,.F.);
#5271 = EDGE_CURVE('',#5272,#5264,#5274,.T.);
#5272 = VERTEX_POINT('',#5273);
#5273 = CARTESIAN_POINT('',(-0.7,-1.15,0.575));
#5274 = LINE('',#5275,#5276);
#5275 = CARTESIAN_POINT('',(-0.7,-1.15,0.575));
#5276 = VECTOR('',#5277,1.);
#5277 = DIRECTION('',(-9.95799250103E-17,1.,0.));
#5278 = ORIENTED_EDGE('',*,*,#5279,.F.);
#5279 = EDGE_CURVE('',#5224,#5272,#5280,.T.);
#5280 = LINE('',#5281,#5282);
#5281 = CARTESIAN_POINT('',(-0.7,-1.405,0.575));
#5282 = VECTOR('',#5283,1.);
#5283 = DIRECTION('',(-2.22044604925E-16,1.,0.));
#5284 = ORIENTED_EDGE('',*,*,#5223,.F.);
#5285 = B_SPLINE_SURFACE_WITH_KNOTS('',1,1,(
    (#5286,#5287)
    ,(#5288,#5289
    )),.UNSPECIFIED.,.F.,.F.,.F.,(2,2),(2,2),(0.,2.81),(0.,1.),
  .PIECEWISE_BEZIER_KNOTS.);
#5286 = CARTESIAN_POINT('',(-0.633243103516,-1.371621551758,0.1));
#5287 = CARTESIAN_POINT('',(-0.7,-1.405,0.575));
#5288 = CARTESIAN_POINT('',(-0.633243103516,1.371621551758,0.1));
#5289 = CARTESIAN_POINT('',(-0.7,1.405,0.575));
#5290 = ADVANCED_FACE('',(#5291),#5308,.F.);
#5291 = FACE_BOUND('',#5292,.F.);
#5292 = EDGE_LOOP('',(#5293,#5294,#5301,#5307));
#5293 = ORIENTED_EDGE('',*,*,#5070,.T.);
#5294 = ORIENTED_EDGE('',*,*,#5295,.T.);
#5295 = EDGE_CURVE('',#5064,#5296,#5298,.T.);
#5296 = VERTEX_POINT('',#5297);
#5297 = CARTESIAN_POINT('',(0.7,1.405,0.725));
#5298 = B_SPLINE_CURVE_WITH_KNOTS('',1,(#5299,#5300),.UNSPECIFIED.,.F.,
  .F.,(2,2),(0.,1.),.PIECEWISE_BEZIER_KNOTS.);
#5299 = CARTESIAN_POINT('',(0.7,1.405,0.575));
#5300 = CARTESIAN_POINT('',(0.7,1.405,0.725));
#5301 = ORIENTED_EDGE('',*,*,#5302,.F.);
#5302 = EDGE_CURVE('',#5087,#5296,#5303,.T.);
#5303 = LINE('',#5304,#5305);
#5304 = CARTESIAN_POINT('',(0.605,1.5,0.725));
#5305 = VECTOR('',#5306,1.);
#5306 = DIRECTION('',(0.707106781187,-0.707106781187,0.));
#5307 = ORIENTED_EDGE('',*,*,#5086,.F.);
#5308 = PLANE('',#5309);
#5309 = AXIS2_PLACEMENT_3D('',#5310,#5311,#5312);
#5310 = CARTESIAN_POINT('',(0.605,1.5,0.725));
#5311 = DIRECTION('',(-0.707106781187,-0.707106781187,0.));
#5312 = DIRECTION('',(0.707106781187,-0.707106781187,0.));
#5313 = ADVANCED_FACE('',(#5314),#5337,.F.);
#5314 = FACE_BOUND('',#5315,.F.);
#5315 = EDGE_LOOP('',(#5316,#5317,#5324,#5332));
#5316 = ORIENTED_EDGE('',*,*,#5093,.T.);
#5317 = ORIENTED_EDGE('',*,*,#5318,.T.);
#5318 = EDGE_CURVE('',#5087,#5319,#5321,.T.);
#5319 = VERTEX_POINT('',#5320);
#5320 = CARTESIAN_POINT('',(0.5925,1.475,0.725));
#5321 = B_SPLINE_CURVE_WITH_KNOTS('',1,(#5322,#5323),.UNSPECIFIED.,.F.,
  .F.,(2,2),(0.,1.),.PIECEWISE_BEZIER_KNOTS.);
#5322 = CARTESIAN_POINT('',(0.605,1.5,0.725));
#5323 = CARTESIAN_POINT('',(0.5925,1.475,0.725));
#5324 = ORIENTED_EDGE('',*,*,#5325,.F.);
#5325 = EDGE_CURVE('',#5326,#5319,#5328,.T.);
#5326 = VERTEX_POINT('',#5327);
#5327 = CARTESIAN_POINT('',(-0.5925,1.475,0.725));
#5328 = LINE('',#5329,#5330);
#5329 = CARTESIAN_POINT('',(-0.5925,1.475,0.725));
#5330 = VECTOR('',#5331,1.);
#5331 = DIRECTION('',(1.,2.22044604925E-16,0.));
#5332 = ORIENTED_EDGE('',*,*,#5333,.F.);
#5333 = EDGE_CURVE('',#5094,#5326,#5334,.T.);
#5334 = B_SPLINE_CURVE_WITH_KNOTS('',1,(#5335,#5336),.UNSPECIFIED.,.F.,
  .F.,(2,2),(0.,1.),.PIECEWISE_BEZIER_KNOTS.);
#5335 = CARTESIAN_POINT('',(-0.605,1.5,0.725));
#5336 = CARTESIAN_POINT('',(-0.5925,1.475,0.725));
#5337 = B_SPLINE_SURFACE_WITH_KNOTS('',1,1,(
    (#5338,#5339)
    ,(#5340,#5341
    )),.UNSPECIFIED.,.F.,.F.,.F.,(2,2),(2,2),(0.,1.21),(0.,1.),
  .PIECEWISE_BEZIER_KNOTS.);
#5338 = CARTESIAN_POINT('',(-0.605,1.5,0.725));
#5339 = CARTESIAN_POINT('',(-0.5925,1.475,0.725));
#5340 = CARTESIAN_POINT('',(0.605,1.5,0.725));
#5341 = CARTESIAN_POINT('',(0.5925,1.475,0.725));
#5342 = ADVANCED_FACE('',(#5343),#5360,.F.);
#5343 = FACE_BOUND('',#5344,.F.);
#5344 = EDGE_LOOP('',(#5345,#5346,#5347,#5355));
#5345 = ORIENTED_EDGE('',*,*,#5116,.T.);
#5346 = ORIENTED_EDGE('',*,*,#5101,.T.);
#5347 = ORIENTED_EDGE('',*,*,#5348,.F.);
#5348 = EDGE_CURVE('',#5349,#5094,#5351,.T.);
#5349 = VERTEX_POINT('',#5350);
#5350 = CARTESIAN_POINT('',(-0.7,1.405,0.725));
#5351 = LINE('',#5352,#5353);
#5352 = CARTESIAN_POINT('',(-0.7,1.405,0.725));
#5353 = VECTOR('',#5354,1.);
#5354 = DIRECTION('',(0.707106781187,0.707106781187,0.));
#5355 = ORIENTED_EDGE('',*,*,#5356,.F.);
#5356 = EDGE_CURVE('',#5117,#5349,#5357,.T.);
#5357 = B_SPLINE_CURVE_WITH_KNOTS('',1,(#5358,#5359),.UNSPECIFIED.,.F.,
  .F.,(2,2),(0.,1.),.PIECEWISE_BEZIER_KNOTS.);
#5358 = CARTESIAN_POINT('',(-0.7,1.405,0.575));
#5359 = CARTESIAN_POINT('',(-0.7,1.405,0.725));
#5360 = PLANE('',#5361);
#5361 = AXIS2_PLACEMENT_3D('',#5362,#5363,#5364);
#5362 = CARTESIAN_POINT('',(-0.7,1.405,0.725));
#5363 = DIRECTION('',(0.707106781187,-0.707106781187,0.));
#5364 = DIRECTION('',(0.707106781187,0.707106781187,0.));
#5365 = ADVANCED_FACE('',(#5366),#5384,.F.);
#5366 = FACE_BOUND('',#5367,.F.);
#5367 = EDGE_LOOP('',(#5368,#5369,#5370,#5378));
#5368 = ORIENTED_EDGE('',*,*,#5295,.F.);
#5369 = ORIENTED_EDGE('',*,*,#5161,.T.);
#5370 = ORIENTED_EDGE('',*,*,#5371,.T.);
#5371 = EDGE_CURVE('',#5154,#5372,#5374,.T.);
#5372 = VERTEX_POINT('',#5373);
#5373 = CARTESIAN_POINT('',(0.7,0.2,0.725));
#5374 = LINE('',#5375,#5376);
#5375 = CARTESIAN_POINT('',(0.7,0.2,0.525297170697));
#5376 = VECTOR('',#5377,1.);
#5377 = DIRECTION('',(0.,0.,1.));
#5378 = ORIENTED_EDGE('',*,*,#5379,.F.);
#5379 = EDGE_CURVE('',#5296,#5372,#5380,.T.);
#5380 = LINE('',#5381,#5382);
#5381 = CARTESIAN_POINT('',(0.7,1.405,0.725));
#5382 = VECTOR('',#5383,1.);
#5383 = DIRECTION('',(2.22044604925E-16,-1.,0.));
#5384 = PLANE('',#5385);
#5385 = AXIS2_PLACEMENT_3D('',#5386,#5387,#5388);
#5386 = CARTESIAN_POINT('',(0.7,1.405,0.725));
#5387 = DIRECTION('',(-1.,-2.22044604925E-16,0.));
#5388 = DIRECTION('',(2.22044604925E-16,-1.,0.));
#5389 = ADVANCED_FACE('',(#5390),#5414,.F.);
#5390 = FACE_BOUND('',#5391,.F.);
#5391 = EDGE_LOOP('',(#5392,#5400,#5401,#5408));
#5392 = ORIENTED_EDGE('',*,*,#5393,.F.);
#5393 = EDGE_CURVE('',#5146,#5394,#5396,.T.);
#5394 = VERTEX_POINT('',#5395);
#5395 = CARTESIAN_POINT('',(0.7,-0.2,0.725));
#5396 = LINE('',#5397,#5398);
#5397 = CARTESIAN_POINT('',(0.7,-0.2,0.525297170697));
#5398 = VECTOR('',#5399,1.);
#5399 = DIRECTION('',(0.,0.,1.));
#5400 = ORIENTED_EDGE('',*,*,#5145,.T.);
#5401 = ORIENTED_EDGE('',*,*,#5402,.T.);
#5402 = EDGE_CURVE('',#5139,#5403,#5405,.T.);
#5403 = VERTEX_POINT('',#5404);
#5404 = CARTESIAN_POINT('',(0.7,-1.405,0.725));
#5405 = B_SPLINE_CURVE_WITH_KNOTS('',1,(#5406,#5407),.UNSPECIFIED.,.F.,
  .F.,(2,2),(0.,1.),.PIECEWISE_BEZIER_KNOTS.);
#5406 = CARTESIAN_POINT('',(0.7,-1.405,0.575));
#5407 = CARTESIAN_POINT('',(0.7,-1.405,0.725));
#5408 = ORIENTED_EDGE('',*,*,#5409,.F.);
#5409 = EDGE_CURVE('',#5394,#5403,#5410,.T.);
#5410 = LINE('',#5411,#5412);
#5411 = CARTESIAN_POINT('',(0.7,1.405,0.725));
#5412 = VECTOR('',#5413,1.);
#5413 = DIRECTION('',(2.22044604925E-16,-1.,0.));
#5414 = PLANE('',#5415);
#5415 = AXIS2_PLACEMENT_3D('',#5416,#5417,#5418);
#5416 = CARTESIAN_POINT('',(0.7,1.405,0.725));
#5417 = DIRECTION('',(-1.,-2.22044604925E-16,0.));
#5418 = DIRECTION('',(2.22044604925E-16,-1.,0.));
#5419 = ADVANCED_FACE('',(#5420),#5447,.F.);
#5420 = FACE_BOUND('',#5421,.F.);
#5421 = EDGE_LOOP('',(#5422,#5423,#5432,#5440));
#5422 = ORIENTED_EDGE('',*,*,#5153,.T.);
#5423 = ORIENTED_EDGE('',*,*,#5424,.T.);
#5424 = EDGE_CURVE('',#5146,#5425,#5427,.T.);
#5425 = VERTEX_POINT('',#5426);
#5426 = CARTESIAN_POINT('',(0.8,-0.2,0.475));
#5427 = CIRCLE('',#5428,0.1);
#5428 = AXIS2_PLACEMENT_3D('',#5429,#5430,#5431);
#5429 = CARTESIAN_POINT('',(0.7,-0.2,0.475));
#5430 = DIRECTION('',(-2.22044604925E-16,1.,0.));
#5431 = DIRECTION('',(1.110223024625E-15,2.465190328815E-31,1.));
#5432 = ORIENTED_EDGE('',*,*,#5433,.F.);
#5433 = EDGE_CURVE('',#5434,#5425,#5436,.T.);
#5434 = VERTEX_POINT('',#5435);
#5435 = CARTESIAN_POINT('',(0.8,0.2,0.475));
#5436 = LINE('',#5437,#5438);
#5437 = CARTESIAN_POINT('',(0.8,0.2,0.475));
#5438 = VECTOR('',#5439,1.);
#5439 = DIRECTION('',(2.22044604925E-16,-1.,0.));
#5440 = ORIENTED_EDGE('',*,*,#5441,.F.);
#5441 = EDGE_CURVE('',#5154,#5434,#5442,.T.);
#5442 = CIRCLE('',#5443,0.1);
#5443 = AXIS2_PLACEMENT_3D('',#5444,#5445,#5446);
#5444 = CARTESIAN_POINT('',(0.7,0.2,0.475));
#5445 = DIRECTION('',(-2.22044604925E-16,1.,0.));
#5446 = DIRECTION('',(1.110223024625E-15,2.465190328815E-31,1.));
#5447 = CYLINDRICAL_SURFACE('',#5448,0.1);
#5448 = AXIS2_PLACEMENT_3D('',#5449,#5450,#5451);
#5449 = CARTESIAN_POINT('',(0.7,0.2,0.475));
#5450 = DIRECTION('',(-2.22044604925E-16,1.,0.));
#5451 = DIRECTION('',(1.110223024625E-15,2.465190328815E-31,1.));
#5452 = ADVANCED_FACE('',(#5453),#5470,.F.);
#5453 = FACE_BOUND('',#5454,.F.);
#5454 = EDGE_LOOP('',(#5455,#5456,#5463,#5469));
#5455 = ORIENTED_EDGE('',*,*,#5184,.T.);
#5456 = ORIENTED_EDGE('',*,*,#5457,.T.);
#5457 = EDGE_CURVE('',#5178,#5458,#5460,.T.);
#5458 = VERTEX_POINT('',#5459);
#5459 = CARTESIAN_POINT('',(0.605,-1.5,0.725));
#5460 = B_SPLINE_CURVE_WITH_KNOTS('',1,(#5461,#5462),.UNSPECIFIED.,.F.,
  .F.,(2,2),(0.,1.),.PIECEWISE_BEZIER_KNOTS.);
#5461 = CARTESIAN_POINT('',(0.605,-1.5,0.575));
#5462 = CARTESIAN_POINT('',(0.605,-1.5,0.725));
#5463 = ORIENTED_EDGE('',*,*,#5464,.F.);
#5464 = EDGE_CURVE('',#5403,#5458,#5465,.T.);
#5465 = LINE('',#5466,#5467);
#5466 = CARTESIAN_POINT('',(0.7,-1.405,0.725));
#5467 = VECTOR('',#5468,1.);
#5468 = DIRECTION('',(-0.707106781187,-0.707106781187,0.));
#5469 = ORIENTED_EDGE('',*,*,#5402,.F.);
#5470 = PLANE('',#5471);
#5471 = AXIS2_PLACEMENT_3D('',#5472,#5473,#5474);
#5472 = CARTESIAN_POINT('',(0.7,-1.405,0.725));
#5473 = DIRECTION('',(-0.707106781187,0.707106781187,0.));
#5474 = DIRECTION('',(-0.707106781187,-0.707106781187,0.));
#5475 = ADVANCED_FACE('',(#5476),#5493,.F.);
#5476 = FACE_BOUND('',#5477,.F.);
#5477 = EDGE_LOOP('',(#5478,#5479,#5486,#5492));
#5478 = ORIENTED_EDGE('',*,*,#5207,.T.);
#5479 = ORIENTED_EDGE('',*,*,#5480,.T.);
#5480 = EDGE_CURVE('',#5201,#5481,#5483,.T.);
#5481 = VERTEX_POINT('',#5482);
#5482 = CARTESIAN_POINT('',(-0.605,-1.5,0.725));
#5483 = B_SPLINE_CURVE_WITH_KNOTS('',1,(#5484,#5485),.UNSPECIFIED.,.F.,
  .F.,(2,2),(0.,1.),.PIECEWISE_BEZIER_KNOTS.);
#5484 = CARTESIAN_POINT('',(-0.605,-1.5,0.575));
#5485 = CARTESIAN_POINT('',(-0.605,-1.5,0.725));
#5486 = ORIENTED_EDGE('',*,*,#5487,.F.);
#5487 = EDGE_CURVE('',#5458,#5481,#5488,.T.);
#5488 = LINE('',#5489,#5490);
#5489 = CARTESIAN_POINT('',(0.605,-1.5,0.725));
#5490 = VECTOR('',#5491,1.);
#5491 = DIRECTION('',(-1.,-2.22044604925E-16,0.));
#5492 = ORIENTED_EDGE('',*,*,#5457,.F.);
#5493 = PLANE('',#5494);
#5494 = AXIS2_PLACEMENT_3D('',#5495,#5496,#5497);
#5495 = CARTESIAN_POINT('',(0.605,-1.5,0.725));
#5496 = DIRECTION('',(-2.22044604925E-16,1.,0.));
#5497 = DIRECTION('',(-1.,-2.22044604925E-16,0.));
#5498 = ADVANCED_FACE('',(#5499),#5516,.F.);
#5499 = FACE_BOUND('',#5500,.F.);
#5500 = EDGE_LOOP('',(#5501,#5502,#5509,#5515));
#5501 = ORIENTED_EDGE('',*,*,#5230,.T.);
#5502 = ORIENTED_EDGE('',*,*,#5503,.T.);
#5503 = EDGE_CURVE('',#5224,#5504,#5506,.T.);
#5504 = VERTEX_POINT('',#5505);
#5505 = CARTESIAN_POINT('',(-0.7,-1.405,0.725));
#5506 = B_SPLINE_CURVE_WITH_KNOTS('',1,(#5507,#5508),.UNSPECIFIED.,.F.,
  .F.,(2,2),(0.,1.),.PIECEWISE_BEZIER_KNOTS.);
#5507 = CARTESIAN_POINT('',(-0.7,-1.405,0.575));
#5508 = CARTESIAN_POINT('',(-0.7,-1.405,0.725));
#5509 = ORIENTED_EDGE('',*,*,#5510,.F.);
#5510 = EDGE_CURVE('',#5481,#5504,#5511,.T.);
#5511 = LINE('',#5512,#5513);
#5512 = CARTESIAN_POINT('',(-0.605,-1.5,0.725));
#5513 = VECTOR('',#5514,1.);
#5514 = DIRECTION('',(-0.707106781187,0.707106781187,0.));
#5515 = ORIENTED_EDGE('',*,*,#5480,.F.);
#5516 = PLANE('',#5517);
#5517 = AXIS2_PLACEMENT_3D('',#5518,#5519,#5520);
#5518 = CARTESIAN_POINT('',(-0.605,-1.5,0.725));
#5519 = DIRECTION('',(0.707106781187,0.707106781187,0.));
#5520 = DIRECTION('',(-0.707106781187,0.707106781187,0.));
#5521 = ADVANCED_FACE('',(#5522),#5540,.F.);
#5522 = FACE_BOUND('',#5523,.F.);
#5523 = EDGE_LOOP('',(#5524,#5525,#5526,#5534));
#5524 = ORIENTED_EDGE('',*,*,#5503,.F.);
#5525 = ORIENTED_EDGE('',*,*,#5279,.T.);
#5526 = ORIENTED_EDGE('',*,*,#5527,.T.);
#5527 = EDGE_CURVE('',#5272,#5528,#5530,.T.);
#5528 = VERTEX_POINT('',#5529);
#5529 = CARTESIAN_POINT('',(-0.7,-1.15,0.725));
#5530 = LINE('',#5531,#5532);
#5531 = CARTESIAN_POINT('',(-0.7,-1.15,0.525297170697));
#5532 = VECTOR('',#5533,1.);
#5533 = DIRECTION('',(0.,0.,1.));
#5534 = ORIENTED_EDGE('',*,*,#5535,.F.);
#5535 = EDGE_CURVE('',#5504,#5528,#5536,.T.);
#5536 = LINE('',#5537,#5538);
#5537 = CARTESIAN_POINT('',(-0.7,-1.405,0.725));
#5538 = VECTOR('',#5539,1.);
#5539 = DIRECTION('',(-2.22044604925E-16,1.,0.));
#5540 = PLANE('',#5541);
#5541 = AXIS2_PLACEMENT_3D('',#5542,#5543,#5544);
#5542 = CARTESIAN_POINT('',(-0.7,-1.405,0.725));
#5543 = DIRECTION('',(1.,2.22044604925E-16,0.));
#5544 = DIRECTION('',(-2.22044604925E-16,1.,0.));
#5545 = ADVANCED_FACE('',(#5546),#5564,.F.);
#5546 = FACE_BOUND('',#5547,.F.);
#5547 = EDGE_LOOP('',(#5548,#5556,#5557,#5558));
#5548 = ORIENTED_EDGE('',*,*,#5549,.F.);
#5549 = EDGE_CURVE('',#5248,#5550,#5552,.T.);
#5550 = VERTEX_POINT('',#5551);
#5551 = CARTESIAN_POINT('',(-0.7,1.15,0.725));
#5552 = LINE('',#5553,#5554);
#5553 = CARTESIAN_POINT('',(-0.7,1.15,0.525297170697));
#5554 = VECTOR('',#5555,1.);
#5555 = DIRECTION('',(0.,0.,1.));
#5556 = ORIENTED_EDGE('',*,*,#5247,.T.);
#5557 = ORIENTED_EDGE('',*,*,#5356,.T.);
#5558 = ORIENTED_EDGE('',*,*,#5559,.F.);
#5559 = EDGE_CURVE('',#5550,#5349,#5560,.T.);
#5560 = LINE('',#5561,#5562);
#5561 = CARTESIAN_POINT('',(-0.7,-1.405,0.725));
#5562 = VECTOR('',#5563,1.);
#5563 = DIRECTION('',(-2.22044604925E-16,1.,0.));
#5564 = PLANE('',#5565);
#5565 = AXIS2_PLACEMENT_3D('',#5566,#5567,#5568);
#5566 = CARTESIAN_POINT('',(-0.7,-1.405,0.725));
#5567 = DIRECTION('',(1.,2.22044604925E-16,0.));
#5568 = DIRECTION('',(-2.22044604925E-16,1.,0.));
#5569 = ADVANCED_FACE('',(#5570),#5597,.F.);
#5570 = FACE_BOUND('',#5571,.F.);
#5571 = EDGE_LOOP('',(#5572,#5573,#5582,#5590));
#5572 = ORIENTED_EDGE('',*,*,#5271,.T.);
#5573 = ORIENTED_EDGE('',*,*,#5574,.T.);
#5574 = EDGE_CURVE('',#5264,#5575,#5577,.T.);
#5575 = VERTEX_POINT('',#5576);
#5576 = CARTESIAN_POINT('',(-0.8,-0.75,0.475));
#5577 = CIRCLE('',#5578,0.1);
#5578 = AXIS2_PLACEMENT_3D('',#5579,#5580,#5581);
#5579 = CARTESIAN_POINT('',(-0.7,-0.75,0.475));
#5580 = DIRECTION('',(9.95799250103E-17,-1.,0.));
#5581 = DIRECTION('',(-1.110223024625E-15,-1.105559255369E-31,1.));
#5582 = ORIENTED_EDGE('',*,*,#5583,.F.);
#5583 = EDGE_CURVE('',#5584,#5575,#5586,.T.);
#5584 = VERTEX_POINT('',#5585);
#5585 = CARTESIAN_POINT('',(-0.8,-1.15,0.475));
#5586 = LINE('',#5587,#5588);
#5587 = CARTESIAN_POINT('',(-0.8,-1.15,0.475));
#5588 = VECTOR('',#5589,1.);
#5589 = DIRECTION('',(-9.95799250103E-17,1.,0.));
#5590 = ORIENTED_EDGE('',*,*,#5591,.F.);
#5591 = EDGE_CURVE('',#5272,#5584,#5592,.T.);
#5592 = CIRCLE('',#5593,0.1);
#5593 = AXIS2_PLACEMENT_3D('',#5594,#5595,#5596);
#5594 = CARTESIAN_POINT('',(-0.7,-1.15,0.475));
#5595 = DIRECTION('',(9.95799250103E-17,-1.,0.));
#5596 = DIRECTION('',(-1.110223024625E-15,-1.105559255369E-31,1.));
#5597 = CYLINDRICAL_SURFACE('',#5598,0.1);
#5598 = AXIS2_PLACEMENT_3D('',#5599,#5600,#5601);
#5599 = CARTESIAN_POINT('',(-0.7,-1.15,0.475));
#5600 = DIRECTION('',(9.95799250103E-17,-1.,0.));
#5601 = DIRECTION('',(-1.110223024625E-15,-1.105559255369E-31,1.));
#5602 = ADVANCED_FACE('',(#5603),#5630,.F.);
#5603 = FACE_BOUND('',#5604,.F.);
#5604 = EDGE_LOOP('',(#5605,#5606,#5615,#5623));
#5605 = ORIENTED_EDGE('',*,*,#5255,.T.);
#5606 = ORIENTED_EDGE('',*,*,#5607,.T.);
#5607 = EDGE_CURVE('',#5248,#5608,#5610,.T.);
#5608 = VERTEX_POINT('',#5609);
#5609 = CARTESIAN_POINT('',(-0.8,1.15,0.475));
#5610 = CIRCLE('',#5611,0.1);
#5611 = AXIS2_PLACEMENT_3D('',#5612,#5613,#5614);
#5612 = CARTESIAN_POINT('',(-0.7,1.15,0.475));
#5613 = DIRECTION('',(9.95799250103E-17,-1.,0.));
#5614 = DIRECTION('',(-1.110223024625E-15,-1.105559255369E-31,1.));
#5615 = ORIENTED_EDGE('',*,*,#5616,.F.);
#5616 = EDGE_CURVE('',#5617,#5608,#5619,.T.);
#5617 = VERTEX_POINT('',#5618);
#5618 = CARTESIAN_POINT('',(-0.8,0.75,0.475));
#5619 = LINE('',#5620,#5621);
#5620 = CARTESIAN_POINT('',(-0.8,0.75,0.475));
#5621 = VECTOR('',#5622,1.);
#5622 = DIRECTION('',(-9.95799250103E-17,1.,0.));
#5623 = ORIENTED_EDGE('',*,*,#5624,.F.);
#5624 = EDGE_CURVE('',#5256,#5617,#5625,.T.);
#5625 = CIRCLE('',#5626,0.1);
#5626 = AXIS2_PLACEMENT_3D('',#5627,#5628,#5629);
#5627 = CARTESIAN_POINT('',(-0.7,0.75,0.475));
#5628 = DIRECTION('',(9.95799250103E-17,-1.,0.));
#5629 = DIRECTION('',(-1.110223024625E-15,-1.105559255369E-31,1.));
#5630 = CYLINDRICAL_SURFACE('',#5631,0.1);
#5631 = AXIS2_PLACEMENT_3D('',#5632,#5633,#5634);
#5632 = CARTESIAN_POINT('',(-0.7,0.75,0.475));
#5633 = DIRECTION('',(9.95799250103E-17,-1.,0.));
#5634 = DIRECTION('',(-1.110223024625E-15,-1.105559255369E-31,1.));
#5635 = ADVANCED_FACE('',(#5636),#5661,.F.);
#5636 = FACE_BOUND('',#5637,.F.);
#5637 = EDGE_LOOP('',(#5638,#5646,#5647,#5655));
#5638 = ORIENTED_EDGE('',*,*,#5639,.F.);
#5639 = EDGE_CURVE('',#5264,#5640,#5642,.T.);
#5640 = VERTEX_POINT('',#5641);
#5641 = CARTESIAN_POINT('',(-0.7,-0.75,0.725));
#5642 = LINE('',#5643,#5644);
#5643 = CARTESIAN_POINT('',(-0.7,-0.75,0.525297170697));
#5644 = VECTOR('',#5645,1.);
#5645 = DIRECTION('',(0.,0.,1.));
#5646 = ORIENTED_EDGE('',*,*,#5263,.T.);
#5647 = ORIENTED_EDGE('',*,*,#5648,.T.);
#5648 = EDGE_CURVE('',#5256,#5649,#5651,.T.);
#5649 = VERTEX_POINT('',#5650);
#5650 = CARTESIAN_POINT('',(-0.7,0.75,0.725));
#5651 = LINE('',#5652,#5653);
#5652 = CARTESIAN_POINT('',(-0.7,0.75,0.525297170697));
#5653 = VECTOR('',#5654,1.);
#5654 = DIRECTION('',(0.,0.,1.));
#5655 = ORIENTED_EDGE('',*,*,#5656,.F.);
#5656 = EDGE_CURVE('',#5640,#5649,#5657,.T.);
#5657 = LINE('',#5658,#5659);
#5658 = CARTESIAN_POINT('',(-0.7,-1.405,0.725));
#5659 = VECTOR('',#5660,1.);
#5660 = DIRECTION('',(-2.22044604925E-16,1.,0.));
#5661 = PLANE('',#5662);
#5662 = AXIS2_PLACEMENT_3D('',#5663,#5664,#5665);
#5663 = CARTESIAN_POINT('',(-0.7,-1.405,0.725));
#5664 = DIRECTION('',(1.,2.22044604925E-16,0.));
#5665 = DIRECTION('',(-2.22044604925E-16,1.,0.));
#5666 = ADVANCED_FACE('',(#5667),#5684,.F.);
#5667 = FACE_BOUND('',#5668,.F.);
#5668 = EDGE_LOOP('',(#5669,#5670,#5677,#5683));
#5669 = ORIENTED_EDGE('',*,*,#5302,.T.);
#5670 = ORIENTED_EDGE('',*,*,#5671,.T.);
#5671 = EDGE_CURVE('',#5296,#5672,#5674,.T.);
#5672 = VERTEX_POINT('',#5673);
#5673 = CARTESIAN_POINT('',(0.675,1.3925,0.725));
#5674 = B_SPLINE_CURVE_WITH_KNOTS('',1,(#5675,#5676),.UNSPECIFIED.,.F.,
  .F.,(2,2),(0.,1.),.PIECEWISE_BEZIER_KNOTS.);
#5675 = CARTESIAN_POINT('',(0.7,1.405,0.725));
#5676 = CARTESIAN_POINT('',(0.675,1.3925,0.725));
#5677 = ORIENTED_EDGE('',*,*,#5678,.F.);
#5678 = EDGE_CURVE('',#5319,#5672,#5679,.T.);
#5679 = LINE('',#5680,#5681);
#5680 = CARTESIAN_POINT('',(0.5925,1.475,0.725));
#5681 = VECTOR('',#5682,1.);
#5682 = DIRECTION('',(0.707106781187,-0.707106781187,0.));
#5683 = ORIENTED_EDGE('',*,*,#5318,.F.);
#5684 = B_SPLINE_SURFACE_WITH_KNOTS('',1,1,(
    (#5685,#5686)
    ,(#5687,#5688
    )),.UNSPECIFIED.,.F.,.F.,.F.,(2,2),(2,2),(0.,0.134350288425),(0.,1.)
  ,.PIECEWISE_BEZIER_KNOTS.);
#5685 = CARTESIAN_POINT('',(0.605,1.5,0.725));
#5686 = CARTESIAN_POINT('',(0.5925,1.475,0.725));
#5687 = CARTESIAN_POINT('',(0.7,1.405,0.725));
#5688 = CARTESIAN_POINT('',(0.675,1.3925,0.725));
#5689 = ADVANCED_FACE('',(#5690),#5713,.F.);
#5690 = FACE_BOUND('',#5691,.F.);
#5691 = EDGE_LOOP('',(#5692,#5693,#5700,#5708));
#5692 = ORIENTED_EDGE('',*,*,#5325,.T.);
#5693 = ORIENTED_EDGE('',*,*,#5694,.T.);
#5694 = EDGE_CURVE('',#5319,#5695,#5697,.T.);
#5695 = VERTEX_POINT('',#5696);
#5696 = CARTESIAN_POINT('',(0.559121551758,1.408243103516,1.2));
#5697 = B_SPLINE_CURVE_WITH_KNOTS('',1,(#5698,#5699),.UNSPECIFIED.,.F.,
  .F.,(2,2),(0.,1.),.PIECEWISE_BEZIER_KNOTS.);
#5698 = CARTESIAN_POINT('',(0.5925,1.475,0.725));
#5699 = CARTESIAN_POINT('',(0.559121551758,1.408243103516,1.2));
#5700 = ORIENTED_EDGE('',*,*,#5701,.F.);
#5701 = EDGE_CURVE('',#5702,#5695,#5704,.T.);
#5702 = VERTEX_POINT('',#5703);
#5703 = CARTESIAN_POINT('',(-0.559121551758,1.408243103516,1.2));
#5704 = LINE('',#5705,#5706);
#5705 = CARTESIAN_POINT('',(-0.559121551758,1.408243103516,1.2));
#5706 = VECTOR('',#5707,1.);
#5707 = DIRECTION('',(1.,2.22044604925E-16,0.));
#5708 = ORIENTED_EDGE('',*,*,#5709,.F.);
#5709 = EDGE_CURVE('',#5326,#5702,#5710,.T.);
#5710 = B_SPLINE_CURVE_WITH_KNOTS('',1,(#5711,#5712),.UNSPECIFIED.,.F.,
  .F.,(2,2),(0.,1.),.PIECEWISE_BEZIER_KNOTS.);
#5711 = CARTESIAN_POINT('',(-0.5925,1.475,0.725));
#5712 = CARTESIAN_POINT('',(-0.559121551758,1.408243103516,1.2));
#5713 = B_SPLINE_SURFACE_WITH_KNOTS('',1,1,(
    (#5714,#5715)
    ,(#5716,#5717
    )),.UNSPECIFIED.,.F.,.F.,.F.,(2,2),(2,2),(0.,1.185),(0.,1.),
  .PIECEWISE_BEZIER_KNOTS.);
#5714 = CARTESIAN_POINT('',(-0.5925,1.475,0.725));
#5715 = CARTESIAN_POINT('',(-0.559121551758,1.408243103516,1.2));
#5716 = CARTESIAN_POINT('',(0.5925,1.475,0.725));
#5717 = CARTESIAN_POINT('',(0.559121551758,1.408243103516,1.2));
#5718 = ADVANCED_FACE('',(#5719),#5736,.F.);
#5719 = FACE_BOUND('',#5720,.F.);
#5720 = EDGE_LOOP('',(#5721,#5722,#5723,#5731));
#5721 = ORIENTED_EDGE('',*,*,#5348,.T.);
#5722 = ORIENTED_EDGE('',*,*,#5333,.T.);
#5723 = ORIENTED_EDGE('',*,*,#5724,.F.);
#5724 = EDGE_CURVE('',#5725,#5326,#5727,.T.);
#5725 = VERTEX_POINT('',#5726);
#5726 = CARTESIAN_POINT('',(-0.675,1.3925,0.725));
#5727 = LINE('',#5728,#5729);
#5728 = CARTESIAN_POINT('',(-0.675,1.3925,0.725));
#5729 = VECTOR('',#5730,1.);
#5730 = DIRECTION('',(0.707106781187,0.707106781187,0.));
#5731 = ORIENTED_EDGE('',*,*,#5732,.F.);
#5732 = EDGE_CURVE('',#5349,#5725,#5733,.T.);
#5733 = B_SPLINE_CURVE_WITH_KNOTS('',1,(#5734,#5735),.UNSPECIFIED.,.F.,
  .F.,(2,2),(0.,1.),.PIECEWISE_BEZIER_KNOTS.);
#5734 = CARTESIAN_POINT('',(-0.7,1.405,0.725));
#5735 = CARTESIAN_POINT('',(-0.675,1.3925,0.725));
#5736 = B_SPLINE_SURFACE_WITH_KNOTS('',1,1,(
    (#5737,#5738)
    ,(#5739,#5740
    )),.UNSPECIFIED.,.F.,.F.,.F.,(2,2),(2,2),(0.,0.134350288425),(0.,1.)
  ,.PIECEWISE_BEZIER_KNOTS.);
#5737 = CARTESIAN_POINT('',(-0.7,1.405,0.725));
#5738 = CARTESIAN_POINT('',(-0.675,1.3925,0.725));
#5739 = CARTESIAN_POINT('',(-0.605,1.5,0.725));
#5740 = CARTESIAN_POINT('',(-0.5925,1.475,0.725));
#5741 = ADVANCED_FACE('',(#5742),#5760,.F.);
#5742 = FACE_BOUND('',#5743,.F.);
#5743 = EDGE_LOOP('',(#5744,#5745,#5746,#5754));
#5744 = ORIENTED_EDGE('',*,*,#5671,.F.);
#5745 = ORIENTED_EDGE('',*,*,#5379,.T.);
#5746 = ORIENTED_EDGE('',*,*,#5747,.T.);
#5747 = EDGE_CURVE('',#5372,#5748,#5750,.T.);
#5748 = VERTEX_POINT('',#5749);
#5749 = CARTESIAN_POINT('',(0.675,0.2,0.725));
#5750 = LINE('',#5751,#5752);
#5751 = CARTESIAN_POINT('',(0.7,0.2,0.725));
#5752 = VECTOR('',#5753,1.);
#5753 = DIRECTION('',(-1.,-2.22044604925E-16,0.));
#5754 = ORIENTED_EDGE('',*,*,#5755,.F.);
#5755 = EDGE_CURVE('',#5672,#5748,#5756,.T.);
#5756 = LINE('',#5757,#5758);
#5757 = CARTESIAN_POINT('',(0.675,1.3925,0.725));
#5758 = VECTOR('',#5759,1.);
#5759 = DIRECTION('',(2.22044604925E-16,-1.,0.));
#5760 = B_SPLINE_SURFACE_WITH_KNOTS('',1,1,(
    (#5761,#5762)
    ,(#5763,#5764
    )),.UNSPECIFIED.,.F.,.F.,.F.,(2,2),(2,2),(0.,2.81),(0.,1.),
  .PIECEWISE_BEZIER_KNOTS.);
#5761 = CARTESIAN_POINT('',(0.7,1.405,0.725));
#5762 = CARTESIAN_POINT('',(0.675,1.3925,0.725));
#5763 = CARTESIAN_POINT('',(0.7,-1.405,0.725));
#5764 = CARTESIAN_POINT('',(0.675,-1.3925,0.725));
#5765 = ADVANCED_FACE('',(#5766),#5835,.F.);
#5766 = FACE_BOUND('',#5767,.F.);
#5767 = EDGE_LOOP('',(#5768,#5769,#5770,#5778,#5787,#5795,#5803,#5811,
    #5820,#5828));
#5768 = ORIENTED_EDGE('',*,*,#5371,.F.);
#5769 = ORIENTED_EDGE('',*,*,#5441,.T.);
#5770 = ORIENTED_EDGE('',*,*,#5771,.T.);
#5771 = EDGE_CURVE('',#5434,#5772,#5774,.T.);
#5772 = VERTEX_POINT('',#5773);
#5773 = CARTESIAN_POINT('',(0.8,0.2,0.25));
#5774 = LINE('',#5775,#5776);
#5775 = CARTESIAN_POINT('',(0.8,0.2,0.475));
#5776 = VECTOR('',#5777,1.);
#5777 = DIRECTION('',(0.,0.,-1.));
#5778 = ORIENTED_EDGE('',*,*,#5779,.T.);
#5779 = EDGE_CURVE('',#5772,#5780,#5782,.T.);
#5780 = VERTEX_POINT('',#5781);
#5781 = CARTESIAN_POINT('',(1.05,0.2,0.));
#5782 = CIRCLE('',#5783,0.25);
#5783 = AXIS2_PLACEMENT_3D('',#5784,#5785,#5786);
#5784 = CARTESIAN_POINT('',(1.05,0.2,0.25));
#5785 = DIRECTION('',(2.22044604925E-16,-1.,0.));
#5786 = DIRECTION('',(-1.,-2.22044604925E-16,-4.440892098501E-16));
#5787 = ORIENTED_EDGE('',*,*,#5788,.T.);
#5788 = EDGE_CURVE('',#5780,#5789,#5791,.T.);
#5789 = VERTEX_POINT('',#5790);
#5790 = CARTESIAN_POINT('',(1.25,0.2,0.));
#5791 = LINE('',#5792,#5793);
#5792 = CARTESIAN_POINT('',(1.05,0.2,0.));
#5793 = VECTOR('',#5794,1.);
#5794 = DIRECTION('',(1.,2.22044604925E-16,0.));
#5795 = ORIENTED_EDGE('',*,*,#5796,.T.);
#5796 = EDGE_CURVE('',#5789,#5797,#5799,.T.);
#5797 = VERTEX_POINT('',#5798);
#5798 = CARTESIAN_POINT('',(1.25,0.2,0.15));
#5799 = LINE('',#5800,#5801);
#5800 = CARTESIAN_POINT('',(1.25,0.2,0.));
#5801 = VECTOR('',#5802,1.);
#5802 = DIRECTION('',(0.,0.,1.));
#5803 = ORIENTED_EDGE('',*,*,#5804,.T.);
#5804 = EDGE_CURVE('',#5797,#5805,#5807,.T.);
#5805 = VERTEX_POINT('',#5806);
#5806 = CARTESIAN_POINT('',(1.05,0.2,0.15));
#5807 = LINE('',#5808,#5809);
#5808 = CARTESIAN_POINT('',(1.25,0.2,0.15));
#5809 = VECTOR('',#5810,1.);
#5810 = DIRECTION('',(-1.,-2.22044604925E-16,0.));
#5811 = ORIENTED_EDGE('',*,*,#5812,.T.);
#5812 = EDGE_CURVE('',#5805,#5813,#5815,.T.);
#5813 = VERTEX_POINT('',#5814);
#5814 = CARTESIAN_POINT('',(0.95,0.2,0.25));
#5815 = CIRCLE('',#5816,0.1);
#5816 = AXIS2_PLACEMENT_3D('',#5817,#5818,#5819);
#5817 = CARTESIAN_POINT('',(1.05,0.2,0.25));
#5818 = DIRECTION('',(-2.22044604925E-16,1.,0.));
#5819 = DIRECTION('',(-2.22044604925E-15,-4.93038065763E-31,-1.));
#5820 = ORIENTED_EDGE('',*,*,#5821,.T.);
#5821 = EDGE_CURVE('',#5813,#5822,#5824,.T.);
#5822 = VERTEX_POINT('',#5823);
#5823 = CARTESIAN_POINT('',(0.95,0.2,0.475));
#5824 = LINE('',#5825,#5826);
#5825 = CARTESIAN_POINT('',(0.95,0.2,0.25));
#5826 = VECTOR('',#5827,1.);
#5827 = DIRECTION('',(0.,0.,1.));
#5828 = ORIENTED_EDGE('',*,*,#5829,.T.);
#5829 = EDGE_CURVE('',#5822,#5372,#5830,.T.);
#5830 = CIRCLE('',#5831,0.25);
#5831 = AXIS2_PLACEMENT_3D('',#5832,#5833,#5834);
#5832 = CARTESIAN_POINT('',(0.7,0.2,0.475));
#5833 = DIRECTION('',(2.22044604925E-16,-1.,0.));
#5834 = DIRECTION('',(1.,2.22044604925E-16,0.));
#5835 = PLANE('',#5836);
#5836 = AXIS2_PLACEMENT_3D('',#5837,#5838,#5839);
#5837 = CARTESIAN_POINT('',(0.923137815574,0.2,0.325594341393));
#5838 = DIRECTION('',(2.22044604925E-16,-1.,0.));
#5839 = DIRECTION('',(0.,0.,1.));
#5840 = ADVANCED_FACE('',(#5841),#5910,.T.);
#5841 = FACE_BOUND('',#5842,.T.);
#5842 = EDGE_LOOP('',(#5843,#5844,#5845,#5853,#5862,#5870,#5878,#5886,
    #5895,#5903));
#5843 = ORIENTED_EDGE('',*,*,#5393,.F.);
#5844 = ORIENTED_EDGE('',*,*,#5424,.T.);
#5845 = ORIENTED_EDGE('',*,*,#5846,.T.);
#5846 = EDGE_CURVE('',#5425,#5847,#5849,.T.);
#5847 = VERTEX_POINT('',#5848);
#5848 = CARTESIAN_POINT('',(0.8,-0.2,0.25));
#5849 = LINE('',#5850,#5851);
#5850 = CARTESIAN_POINT('',(0.8,-0.2,0.475));
#5851 = VECTOR('',#5852,1.);
#5852 = DIRECTION('',(0.,0.,-1.));
#5853 = ORIENTED_EDGE('',*,*,#5854,.T.);
#5854 = EDGE_CURVE('',#5847,#5855,#5857,.T.);
#5855 = VERTEX_POINT('',#5856);
#5856 = CARTESIAN_POINT('',(1.05,-0.2,0.));
#5857 = CIRCLE('',#5858,0.25);
#5858 = AXIS2_PLACEMENT_3D('',#5859,#5860,#5861);
#5859 = CARTESIAN_POINT('',(1.05,-0.2,0.25));
#5860 = DIRECTION('',(2.22044604925E-16,-1.,0.));
#5861 = DIRECTION('',(-1.,-2.22044604925E-16,-4.440892098501E-16));
#5862 = ORIENTED_EDGE('',*,*,#5863,.T.);
#5863 = EDGE_CURVE('',#5855,#5864,#5866,.T.);
#5864 = VERTEX_POINT('',#5865);
#5865 = CARTESIAN_POINT('',(1.25,-0.2,0.));
#5866 = LINE('',#5867,#5868);
#5867 = CARTESIAN_POINT('',(1.05,-0.2,0.));
#5868 = VECTOR('',#5869,1.);
#5869 = DIRECTION('',(1.,2.22044604925E-16,0.));
#5870 = ORIENTED_EDGE('',*,*,#5871,.T.);
#5871 = EDGE_CURVE('',#5864,#5872,#5874,.T.);
#5872 = VERTEX_POINT('',#5873);
#5873 = CARTESIAN_POINT('',(1.25,-0.2,0.15));
#5874 = LINE('',#5875,#5876);
#5875 = CARTESIAN_POINT('',(1.25,-0.2,0.));
#5876 = VECTOR('',#5877,1.);
#5877 = DIRECTION('',(0.,0.,1.));
#5878 = ORIENTED_EDGE('',*,*,#5879,.T.);
#5879 = EDGE_CURVE('',#5872,#5880,#5882,.T.);
#5880 = VERTEX_POINT('',#5881);
#5881 = CARTESIAN_POINT('',(1.05,-0.2,0.15));
#5882 = LINE('',#5883,#5884);
#5883 = CARTESIAN_POINT('',(1.25,-0.2,0.15));
#5884 = VECTOR('',#5885,1.);
#5885 = DIRECTION('',(-1.,-2.22044604925E-16,0.));
#5886 = ORIENTED_EDGE('',*,*,#5887,.T.);
#5887 = EDGE_CURVE('',#5880,#5888,#5890,.T.);
#5888 = VERTEX_POINT('',#5889);
#5889 = CARTESIAN_POINT('',(0.95,-0.2,0.25));
#5890 = CIRCLE('',#5891,0.1);
#5891 = AXIS2_PLACEMENT_3D('',#5892,#5893,#5894);
#5892 = CARTESIAN_POINT('',(1.05,-0.2,0.25));
#5893 = DIRECTION('',(-2.22044604925E-16,1.,0.));
#5894 = DIRECTION('',(-2.22044604925E-15,-4.93038065763E-31,-1.));
#5895 = ORIENTED_EDGE('',*,*,#5896,.T.);
#5896 = EDGE_CURVE('',#5888,#5897,#5899,.T.);
#5897 = VERTEX_POINT('',#5898);
#5898 = CARTESIAN_POINT('',(0.95,-0.2,0.475));
#5899 = LINE('',#5900,#5901);
#5900 = CARTESIAN_POINT('',(0.95,-0.2,0.25));
#5901 = VECTOR('',#5902,1.);
#5902 = DIRECTION('',(0.,0.,1.));
#5903 = ORIENTED_EDGE('',*,*,#5904,.T.);
#5904 = EDGE_CURVE('',#5897,#5394,#5905,.T.);
#5905 = CIRCLE('',#5906,0.25);
#5906 = AXIS2_PLACEMENT_3D('',#5907,#5908,#5909);
#5907 = CARTESIAN_POINT('',(0.7,-0.2,0.475));
#5908 = DIRECTION('',(2.22044604925E-16,-1.,0.));
#5909 = DIRECTION('',(1.,2.22044604925E-16,0.));
#5910 = PLANE('',#5911);
#5911 = AXIS2_PLACEMENT_3D('',#5912,#5913,#5914);
#5912 = CARTESIAN_POINT('',(0.923137815574,-0.2,0.325594341393));
#5913 = DIRECTION('',(2.22044604925E-16,-1.,0.));
#5914 = DIRECTION('',(0.,0.,1.));
#5915 = ADVANCED_FACE('',(#5916),#5940,.F.);
#5916 = FACE_BOUND('',#5917,.F.);
#5917 = EDGE_LOOP('',(#5918,#5926,#5927,#5934));
#5918 = ORIENTED_EDGE('',*,*,#5919,.F.);
#5919 = EDGE_CURVE('',#5394,#5920,#5922,.T.);
#5920 = VERTEX_POINT('',#5921);
#5921 = CARTESIAN_POINT('',(0.675,-0.2,0.725));
#5922 = LINE('',#5923,#5924);
#5923 = CARTESIAN_POINT('',(0.7,-0.2,0.725));
#5924 = VECTOR('',#5925,1.);
#5925 = DIRECTION('',(-1.,-2.22044604925E-16,0.));
#5926 = ORIENTED_EDGE('',*,*,#5409,.T.);
#5927 = ORIENTED_EDGE('',*,*,#5928,.T.);
#5928 = EDGE_CURVE('',#5403,#5929,#5931,.T.);
#5929 = VERTEX_POINT('',#5930);
#5930 = CARTESIAN_POINT('',(0.675,-1.3925,0.725));
#5931 = B_SPLINE_CURVE_WITH_KNOTS('',1,(#5932,#5933),.UNSPECIFIED.,.F.,
  .F.,(2,2),(0.,1.),.PIECEWISE_BEZIER_KNOTS.);
#5932 = CARTESIAN_POINT('',(0.7,-1.405,0.725));
#5933 = CARTESIAN_POINT('',(0.675,-1.3925,0.725));
#5934 = ORIENTED_EDGE('',*,*,#5935,.F.);
#5935 = EDGE_CURVE('',#5920,#5929,#5936,.T.);
#5936 = LINE('',#5937,#5938);
#5937 = CARTESIAN_POINT('',(0.675,1.3925,0.725));
#5938 = VECTOR('',#5939,1.);
#5939 = DIRECTION('',(2.22044604925E-16,-1.,0.));
#5940 = B_SPLINE_SURFACE_WITH_KNOTS('',1,1,(
    (#5941,#5942)
    ,(#5943,#5944
    )),.UNSPECIFIED.,.F.,.F.,.F.,(2,2),(2,2),(0.,2.81),(0.,1.),
  .PIECEWISE_BEZIER_KNOTS.);
#5941 = CARTESIAN_POINT('',(0.7,1.405,0.725));
#5942 = CARTESIAN_POINT('',(0.675,1.3925,0.725));
#5943 = CARTESIAN_POINT('',(0.7,-1.405,0.725));
#5944 = CARTESIAN_POINT('',(0.675,-1.3925,0.725));
#5945 = ADVANCED_FACE('',(#5946),#5957,.F.);
#5946 = FACE_BOUND('',#5947,.F.);
#5947 = EDGE_LOOP('',(#5948,#5949,#5950,#5956));
#5948 = ORIENTED_EDGE('',*,*,#5433,.T.);
#5949 = ORIENTED_EDGE('',*,*,#5846,.T.);
#5950 = ORIENTED_EDGE('',*,*,#5951,.F.);
#5951 = EDGE_CURVE('',#5772,#5847,#5952,.T.);
#5952 = LINE('',#5953,#5954);
#5953 = CARTESIAN_POINT('',(0.8,0.2,0.25));
#5954 = VECTOR('',#5955,1.);
#5955 = DIRECTION('',(2.22044604925E-16,-1.,0.));
#5956 = ORIENTED_EDGE('',*,*,#5771,.F.);
#5957 = PLANE('',#5958);
#5958 = AXIS2_PLACEMENT_3D('',#5959,#5960,#5961);
#5959 = CARTESIAN_POINT('',(0.8,0.2,0.475));
#5960 = DIRECTION('',(1.,2.22044604925E-16,0.));
#5961 = DIRECTION('',(0.,0.,-1.));
#5962 = ADVANCED_FACE('',(#5963),#5980,.F.);
#5963 = FACE_BOUND('',#5964,.F.);
#5964 = EDGE_LOOP('',(#5965,#5966,#5973,#5979));
#5965 = ORIENTED_EDGE('',*,*,#5464,.T.);
#5966 = ORIENTED_EDGE('',*,*,#5967,.T.);
#5967 = EDGE_CURVE('',#5458,#5968,#5970,.T.);
#5968 = VERTEX_POINT('',#5969);
#5969 = CARTESIAN_POINT('',(0.5925,-1.475,0.725));
#5970 = B_SPLINE_CURVE_WITH_KNOTS('',1,(#5971,#5972),.UNSPECIFIED.,.F.,
  .F.,(2,2),(0.,1.),.PIECEWISE_BEZIER_KNOTS.);
#5971 = CARTESIAN_POINT('',(0.605,-1.5,0.725));
#5972 = CARTESIAN_POINT('',(0.5925,-1.475,0.725));
#5973 = ORIENTED_EDGE('',*,*,#5974,.F.);
#5974 = EDGE_CURVE('',#5929,#5968,#5975,.T.);
#5975 = LINE('',#5976,#5977);
#5976 = CARTESIAN_POINT('',(0.675,-1.3925,0.725));
#5977 = VECTOR('',#5978,1.);
#5978 = DIRECTION('',(-0.707106781187,-0.707106781187,0.));
#5979 = ORIENTED_EDGE('',*,*,#5928,.F.);
#5980 = B_SPLINE_SURFACE_WITH_KNOTS('',1,1,(
    (#5981,#5982)
    ,(#5983,#5984
    )),.UNSPECIFIED.,.F.,.F.,.F.,(2,2),(2,2),(0.,0.134350288425),(0.,1.)
  ,.PIECEWISE_BEZIER_KNOTS.);
#5981 = CARTESIAN_POINT('',(0.7,-1.405,0.725));
#5982 = CARTESIAN_POINT('',(0.675,-1.3925,0.725));
#5983 = CARTESIAN_POINT('',(0.605,-1.5,0.725));
#5984 = CARTESIAN_POINT('',(0.5925,-1.475,0.725));
#5985 = ADVANCED_FACE('',(#5986),#6003,.F.);
#5986 = FACE_BOUND('',#5987,.F.);
#5987 = EDGE_LOOP('',(#5988,#5989,#5996,#6002));
#5988 = ORIENTED_EDGE('',*,*,#5487,.T.);
#5989 = ORIENTED_EDGE('',*,*,#5990,.T.);
#5990 = EDGE_CURVE('',#5481,#5991,#5993,.T.);
#5991 = VERTEX_POINT('',#5992);
#5992 = CARTESIAN_POINT('',(-0.5925,-1.475,0.725));
#5993 = B_SPLINE_CURVE_WITH_KNOTS('',1,(#5994,#5995),.UNSPECIFIED.,.F.,
  .F.,(2,2),(0.,1.),.PIECEWISE_BEZIER_KNOTS.);
#5994 = CARTESIAN_POINT('',(-0.605,-1.5,0.725));
#5995 = CARTESIAN_POINT('',(-0.5925,-1.475,0.725));
#5996 = ORIENTED_EDGE('',*,*,#5997,.F.);
#5997 = EDGE_CURVE('',#5968,#5991,#5998,.T.);
#5998 = LINE('',#5999,#6000);
#5999 = CARTESIAN_POINT('',(0.5925,-1.475,0.725));
#6000 = VECTOR('',#6001,1.);
#6001 = DIRECTION('',(-1.,-2.22044604925E-16,0.));
#6002 = ORIENTED_EDGE('',*,*,#5967,.F.);
#6003 = B_SPLINE_SURFACE_WITH_KNOTS('',1,1,(
    (#6004,#6005)
    ,(#6006,#6007
    )),.UNSPECIFIED.,.F.,.F.,.F.,(2,2),(2,2),(0.,1.21),(0.,1.),
  .PIECEWISE_BEZIER_KNOTS.);
#6004 = CARTESIAN_POINT('',(0.605,-1.5,0.725));
#6005 = CARTESIAN_POINT('',(0.5925,-1.475,0.725));
#6006 = CARTESIAN_POINT('',(-0.605,-1.5,0.725));
#6007 = CARTESIAN_POINT('',(-0.5925,-1.475,0.725));
#6008 = ADVANCED_FACE('',(#6009),#6026,.F.);
#6009 = FACE_BOUND('',#6010,.F.);
#6010 = EDGE_LOOP('',(#6011,#6012,#6019,#6025));
#6011 = ORIENTED_EDGE('',*,*,#5510,.T.);
#6012 = ORIENTED_EDGE('',*,*,#6013,.T.);
#6013 = EDGE_CURVE('',#5504,#6014,#6016,.T.);
#6014 = VERTEX_POINT('',#6015);
#6015 = CARTESIAN_POINT('',(-0.675,-1.3925,0.725));
#6016 = B_SPLINE_CURVE_WITH_KNOTS('',1,(#6017,#6018),.UNSPECIFIED.,.F.,
  .F.,(2,2),(0.,1.),.PIECEWISE_BEZIER_KNOTS.);
#6017 = CARTESIAN_POINT('',(-0.7,-1.405,0.725));
#6018 = CARTESIAN_POINT('',(-0.675,-1.3925,0.725));
#6019 = ORIENTED_EDGE('',*,*,#6020,.F.);
#6020 = EDGE_CURVE('',#5991,#6014,#6021,.T.);
#6021 = LINE('',#6022,#6023);
#6022 = CARTESIAN_POINT('',(-0.5925,-1.475,0.725));
#6023 = VECTOR('',#6024,1.);
#6024 = DIRECTION('',(-0.707106781187,0.707106781187,0.));
#6025 = ORIENTED_EDGE('',*,*,#5990,.F.);
#6026 = B_SPLINE_SURFACE_WITH_KNOTS('',1,1,(
    (#6027,#6028)
    ,(#6029,#6030
    )),.UNSPECIFIED.,.F.,.F.,.F.,(2,2),(2,2),(0.,0.134350288425),(0.,1.)
  ,.PIECEWISE_BEZIER_KNOTS.);
#6027 = CARTESIAN_POINT('',(-0.605,-1.5,0.725));
#6028 = CARTESIAN_POINT('',(-0.5925,-1.475,0.725));
#6029 = CARTESIAN_POINT('',(-0.7,-1.405,0.725));
#6030 = CARTESIAN_POINT('',(-0.675,-1.3925,0.725));
#6031 = ADVANCED_FACE('',(#6032),#6050,.F.);
#6032 = FACE_BOUND('',#6033,.F.);
#6033 = EDGE_LOOP('',(#6034,#6035,#6036,#6044));
#6034 = ORIENTED_EDGE('',*,*,#6013,.F.);
#6035 = ORIENTED_EDGE('',*,*,#5535,.T.);
#6036 = ORIENTED_EDGE('',*,*,#6037,.T.);
#6037 = EDGE_CURVE('',#5528,#6038,#6040,.T.);
#6038 = VERTEX_POINT('',#6039);
#6039 = CARTESIAN_POINT('',(-0.675,-1.15,0.725));
#6040 = LINE('',#6041,#6042);
#6041 = CARTESIAN_POINT('',(-0.7,-1.15,0.725));
#6042 = VECTOR('',#6043,1.);
#6043 = DIRECTION('',(1.,9.95799250103E-17,0.));
#6044 = ORIENTED_EDGE('',*,*,#6045,.F.);
#6045 = EDGE_CURVE('',#6014,#6038,#6046,.T.);
#6046 = LINE('',#6047,#6048);
#6047 = CARTESIAN_POINT('',(-0.675,-1.3925,0.725));
#6048 = VECTOR('',#6049,1.);
#6049 = DIRECTION('',(-2.22044604925E-16,1.,0.));
#6050 = B_SPLINE_SURFACE_WITH_KNOTS('',1,1,(
    (#6051,#6052)
    ,(#6053,#6054
    )),.UNSPECIFIED.,.F.,.F.,.F.,(2,2),(2,2),(0.,2.81),(0.,1.),
  .PIECEWISE_BEZIER_KNOTS.);
#6051 = CARTESIAN_POINT('',(-0.7,-1.405,0.725));
#6052 = CARTESIAN_POINT('',(-0.675,-1.3925,0.725));
#6053 = CARTESIAN_POINT('',(-0.7,1.405,0.725));
#6054 = CARTESIAN_POINT('',(-0.675,1.3925,0.725));
#6055 = ADVANCED_FACE('',(#6056),#6125,.F.);
#6056 = FACE_BOUND('',#6057,.F.);
#6057 = EDGE_LOOP('',(#6058,#6059,#6060,#6068,#6077,#6085,#6093,#6101,
    #6110,#6118));
#6058 = ORIENTED_EDGE('',*,*,#5527,.F.);
#6059 = ORIENTED_EDGE('',*,*,#5591,.T.);
#6060 = ORIENTED_EDGE('',*,*,#6061,.T.);
#6061 = EDGE_CURVE('',#5584,#6062,#6064,.T.);
#6062 = VERTEX_POINT('',#6063);
#6063 = CARTESIAN_POINT('',(-0.8,-1.15,0.25));
#6064 = LINE('',#6065,#6066);
#6065 = CARTESIAN_POINT('',(-0.8,-1.15,0.475));
#6066 = VECTOR('',#6067,1.);
#6067 = DIRECTION('',(-0.,0.,-1.));
#6068 = ORIENTED_EDGE('',*,*,#6069,.T.);
#6069 = EDGE_CURVE('',#6062,#6070,#6072,.T.);
#6070 = VERTEX_POINT('',#6071);
#6071 = CARTESIAN_POINT('',(-1.05,-1.15,0.));
#6072 = CIRCLE('',#6073,0.25);
#6073 = AXIS2_PLACEMENT_3D('',#6074,#6075,#6076);
#6074 = CARTESIAN_POINT('',(-1.05,-1.15,0.25));
#6075 = DIRECTION('',(-9.95799250103E-17,1.,0.));
#6076 = DIRECTION('',(1.,9.95799250103E-17,-4.440892098501E-16));
#6077 = ORIENTED_EDGE('',*,*,#6078,.T.);
#6078 = EDGE_CURVE('',#6070,#6079,#6081,.T.);
#6079 = VERTEX_POINT('',#6080);
#6080 = CARTESIAN_POINT('',(-1.25,-1.15,0.));
#6081 = LINE('',#6082,#6083);
#6082 = CARTESIAN_POINT('',(-1.05,-1.15,0.));
#6083 = VECTOR('',#6084,1.);
#6084 = DIRECTION('',(-1.,-9.95799250103E-17,0.));
#6085 = ORIENTED_EDGE('',*,*,#6086,.T.);
#6086 = EDGE_CURVE('',#6079,#6087,#6089,.T.);
#6087 = VERTEX_POINT('',#6088);
#6088 = CARTESIAN_POINT('',(-1.25,-1.15,0.15));
#6089 = LINE('',#6090,#6091);
#6090 = CARTESIAN_POINT('',(-1.25,-1.15,0.));
#6091 = VECTOR('',#6092,1.);
#6092 = DIRECTION('',(0.,0.,1.));
#6093 = ORIENTED_EDGE('',*,*,#6094,.T.);
#6094 = EDGE_CURVE('',#6087,#6095,#6097,.T.);
#6095 = VERTEX_POINT('',#6096);
#6096 = CARTESIAN_POINT('',(-1.05,-1.15,0.15));
#6097 = LINE('',#6098,#6099);
#6098 = CARTESIAN_POINT('',(-1.25,-1.15,0.15));
#6099 = VECTOR('',#6100,1.);
#6100 = DIRECTION('',(1.,9.95799250103E-17,0.));
#6101 = ORIENTED_EDGE('',*,*,#6102,.T.);
#6102 = EDGE_CURVE('',#6095,#6103,#6105,.T.);
#6103 = VERTEX_POINT('',#6104);
#6104 = CARTESIAN_POINT('',(-0.95,-1.15,0.25));
#6105 = CIRCLE('',#6106,0.1);
#6106 = AXIS2_PLACEMENT_3D('',#6107,#6108,#6109);
#6107 = CARTESIAN_POINT('',(-1.05,-1.15,0.25));
#6108 = DIRECTION('',(9.95799250103E-17,-1.,0.));
#6109 = DIRECTION('',(2.22044604925E-15,2.211118510737E-31,-1.));
#6110 = ORIENTED_EDGE('',*,*,#6111,.T.);
#6111 = EDGE_CURVE('',#6103,#6112,#6114,.T.);
#6112 = VERTEX_POINT('',#6113);
#6113 = CARTESIAN_POINT('',(-0.95,-1.15,0.475));
#6114 = LINE('',#6115,#6116);
#6115 = CARTESIAN_POINT('',(-0.95,-1.15,0.25));
#6116 = VECTOR('',#6117,1.);
#6117 = DIRECTION('',(0.,0.,1.));
#6118 = ORIENTED_EDGE('',*,*,#6119,.T.);
#6119 = EDGE_CURVE('',#6112,#5528,#6120,.T.);
#6120 = CIRCLE('',#6121,0.25);
#6121 = AXIS2_PLACEMENT_3D('',#6122,#6123,#6124);
#6122 = CARTESIAN_POINT('',(-0.7,-1.15,0.475));
#6123 = DIRECTION('',(-9.95799250103E-17,1.,0.));
#6124 = DIRECTION('',(-1.,-9.95799250103E-17,0.));
#6125 = PLANE('',#6126);
#6126 = AXIS2_PLACEMENT_3D('',#6127,#6128,#6129);
#6127 = CARTESIAN_POINT('',(-0.923137815574,-1.15,0.325594341393));
#6128 = DIRECTION('',(-9.95799250103E-17,1.,0.));
#6129 = DIRECTION('',(0.,0.,1.));
#6130 = ADVANCED_FACE('',(#6131),#6200,.T.);
#6131 = FACE_BOUND('',#6132,.T.);
#6132 = EDGE_LOOP('',(#6133,#6134,#6135,#6143,#6152,#6160,#6168,#6176,
    #6185,#6193));
#6133 = ORIENTED_EDGE('',*,*,#5549,.F.);
#6134 = ORIENTED_EDGE('',*,*,#5607,.T.);
#6135 = ORIENTED_EDGE('',*,*,#6136,.T.);
#6136 = EDGE_CURVE('',#5608,#6137,#6139,.T.);
#6137 = VERTEX_POINT('',#6138);
#6138 = CARTESIAN_POINT('',(-0.8,1.15,0.25));
#6139 = LINE('',#6140,#6141);
#6140 = CARTESIAN_POINT('',(-0.8,1.15,0.475));
#6141 = VECTOR('',#6142,1.);
#6142 = DIRECTION('',(-0.,0.,-1.));
#6143 = ORIENTED_EDGE('',*,*,#6144,.T.);
#6144 = EDGE_CURVE('',#6137,#6145,#6147,.T.);
#6145 = VERTEX_POINT('',#6146);
#6146 = CARTESIAN_POINT('',(-1.05,1.15,0.));
#6147 = CIRCLE('',#6148,0.25);
#6148 = AXIS2_PLACEMENT_3D('',#6149,#6150,#6151);
#6149 = CARTESIAN_POINT('',(-1.05,1.15,0.25));
#6150 = DIRECTION('',(-9.95799250103E-17,1.,0.));
#6151 = DIRECTION('',(1.,9.95799250103E-17,-4.440892098501E-16));
#6152 = ORIENTED_EDGE('',*,*,#6153,.T.);
#6153 = EDGE_CURVE('',#6145,#6154,#6156,.T.);
#6154 = VERTEX_POINT('',#6155);
#6155 = CARTESIAN_POINT('',(-1.25,1.15,0.));
#6156 = LINE('',#6157,#6158);
#6157 = CARTESIAN_POINT('',(-1.05,1.15,0.));
#6158 = VECTOR('',#6159,1.);
#6159 = DIRECTION('',(-1.,-9.95799250103E-17,0.));
#6160 = ORIENTED_EDGE('',*,*,#6161,.T.);
#6161 = EDGE_CURVE('',#6154,#6162,#6164,.T.);
#6162 = VERTEX_POINT('',#6163);
#6163 = CARTESIAN_POINT('',(-1.25,1.15,0.15));
#6164 = LINE('',#6165,#6166);
#6165 = CARTESIAN_POINT('',(-1.25,1.15,0.));
#6166 = VECTOR('',#6167,1.);
#6167 = DIRECTION('',(0.,0.,1.));
#6168 = ORIENTED_EDGE('',*,*,#6169,.T.);
#6169 = EDGE_CURVE('',#6162,#6170,#6172,.T.);
#6170 = VERTEX_POINT('',#6171);
#6171 = CARTESIAN_POINT('',(-1.05,1.15,0.15));
#6172 = LINE('',#6173,#6174);
#6173 = CARTESIAN_POINT('',(-1.25,1.15,0.15));
#6174 = VECTOR('',#6175,1.);
#6175 = DIRECTION('',(1.,9.95799250103E-17,0.));
#6176 = ORIENTED_EDGE('',*,*,#6177,.T.);
#6177 = EDGE_CURVE('',#6170,#6178,#6180,.T.);
#6178 = VERTEX_POINT('',#6179);
#6179 = CARTESIAN_POINT('',(-0.95,1.15,0.25));
#6180 = CIRCLE('',#6181,0.1);
#6181 = AXIS2_PLACEMENT_3D('',#6182,#6183,#6184);
#6182 = CARTESIAN_POINT('',(-1.05,1.15,0.25));
#6183 = DIRECTION('',(9.95799250103E-17,-1.,0.));
#6184 = DIRECTION('',(2.22044604925E-15,2.211118510737E-31,-1.));
#6185 = ORIENTED_EDGE('',*,*,#6186,.T.);
#6186 = EDGE_CURVE('',#6178,#6187,#6189,.T.);
#6187 = VERTEX_POINT('',#6188);
#6188 = CARTESIAN_POINT('',(-0.95,1.15,0.475));
#6189 = LINE('',#6190,#6191);
#6190 = CARTESIAN_POINT('',(-0.95,1.15,0.25));
#6191 = VECTOR('',#6192,1.);
#6192 = DIRECTION('',(0.,0.,1.));
#6193 = ORIENTED_EDGE('',*,*,#6194,.T.);
#6194 = EDGE_CURVE('',#6187,#5550,#6195,.T.);
#6195 = CIRCLE('',#6196,0.25);
#6196 = AXIS2_PLACEMENT_3D('',#6197,#6198,#6199);
#6197 = CARTESIAN_POINT('',(-0.7,1.15,0.475));
#6198 = DIRECTION('',(-9.95799250103E-17,1.,0.));
#6199 = DIRECTION('',(-1.,-9.95799250103E-17,0.));
#6200 = PLANE('',#6201);
#6201 = AXIS2_PLACEMENT_3D('',#6202,#6203,#6204);
#6202 = CARTESIAN_POINT('',(-0.923137815574,1.15,0.325594341393));
#6203 = DIRECTION('',(-9.95799250103E-17,1.,0.));
#6204 = DIRECTION('',(0.,0.,1.));
#6205 = ADVANCED_FACE('',(#6206),#6224,.F.);
#6206 = FACE_BOUND('',#6207,.F.);
#6207 = EDGE_LOOP('',(#6208,#6216,#6217,#6218));
#6208 = ORIENTED_EDGE('',*,*,#6209,.F.);
#6209 = EDGE_CURVE('',#5550,#6210,#6212,.T.);
#6210 = VERTEX_POINT('',#6211);
#6211 = CARTESIAN_POINT('',(-0.675,1.15,0.725));
#6212 = LINE('',#6213,#6214);
#6213 = CARTESIAN_POINT('',(-0.7,1.15,0.725));
#6214 = VECTOR('',#6215,1.);
#6215 = DIRECTION('',(1.,9.95799250103E-17,0.));
#6216 = ORIENTED_EDGE('',*,*,#5559,.T.);
#6217 = ORIENTED_EDGE('',*,*,#5732,.T.);
#6218 = ORIENTED_EDGE('',*,*,#6219,.F.);
#6219 = EDGE_CURVE('',#6210,#5725,#6220,.T.);
#6220 = LINE('',#6221,#6222);
#6221 = CARTESIAN_POINT('',(-0.675,-1.3925,0.725));
#6222 = VECTOR('',#6223,1.);
#6223 = DIRECTION('',(-2.22044604925E-16,1.,0.));
#6224 = B_SPLINE_SURFACE_WITH_KNOTS('',1,1,(
    (#6225,#6226)
    ,(#6227,#6228
    )),.UNSPECIFIED.,.F.,.F.,.F.,(2,2),(2,2),(0.,2.81),(0.,1.),
  .PIECEWISE_BEZIER_KNOTS.);
#6225 = CARTESIAN_POINT('',(-0.7,-1.405,0.725));
#6226 = CARTESIAN_POINT('',(-0.675,-1.3925,0.725));
#6227 = CARTESIAN_POINT('',(-0.7,1.405,0.725));
#6228 = CARTESIAN_POINT('',(-0.675,1.3925,0.725));
#6229 = ADVANCED_FACE('',(#6230),#6299,.T.);
#6230 = FACE_BOUND('',#6231,.T.);
#6231 = EDGE_LOOP('',(#6232,#6233,#6234,#6242,#6251,#6259,#6267,#6275,
    #6284,#6292));
#6232 = ORIENTED_EDGE('',*,*,#5639,.F.);
#6233 = ORIENTED_EDGE('',*,*,#5574,.T.);
#6234 = ORIENTED_EDGE('',*,*,#6235,.T.);
#6235 = EDGE_CURVE('',#5575,#6236,#6238,.T.);
#6236 = VERTEX_POINT('',#6237);
#6237 = CARTESIAN_POINT('',(-0.8,-0.75,0.25));
#6238 = LINE('',#6239,#6240);
#6239 = CARTESIAN_POINT('',(-0.8,-0.75,0.475));
#6240 = VECTOR('',#6241,1.);
#6241 = DIRECTION('',(-0.,0.,-1.));
#6242 = ORIENTED_EDGE('',*,*,#6243,.T.);
#6243 = EDGE_CURVE('',#6236,#6244,#6246,.T.);
#6244 = VERTEX_POINT('',#6245);
#6245 = CARTESIAN_POINT('',(-1.05,-0.75,0.));
#6246 = CIRCLE('',#6247,0.25);
#6247 = AXIS2_PLACEMENT_3D('',#6248,#6249,#6250);
#6248 = CARTESIAN_POINT('',(-1.05,-0.75,0.25));
#6249 = DIRECTION('',(-9.95799250103E-17,1.,0.));
#6250 = DIRECTION('',(1.,9.95799250103E-17,-4.440892098501E-16));
#6251 = ORIENTED_EDGE('',*,*,#6252,.T.);
#6252 = EDGE_CURVE('',#6244,#6253,#6255,.T.);
#6253 = VERTEX_POINT('',#6254);
#6254 = CARTESIAN_POINT('',(-1.25,-0.75,0.));
#6255 = LINE('',#6256,#6257);
#6256 = CARTESIAN_POINT('',(-1.05,-0.75,0.));
#6257 = VECTOR('',#6258,1.);
#6258 = DIRECTION('',(-1.,-9.95799250103E-17,0.));
#6259 = ORIENTED_EDGE('',*,*,#6260,.T.);
#6260 = EDGE_CURVE('',#6253,#6261,#6263,.T.);
#6261 = VERTEX_POINT('',#6262);
#6262 = CARTESIAN_POINT('',(-1.25,-0.75,0.15));
#6263 = LINE('',#6264,#6265);
#6264 = CARTESIAN_POINT('',(-1.25,-0.75,0.));
#6265 = VECTOR('',#6266,1.);
#6266 = DIRECTION('',(0.,0.,1.));
#6267 = ORIENTED_EDGE('',*,*,#6268,.T.);
#6268 = EDGE_CURVE('',#6261,#6269,#6271,.T.);
#6269 = VERTEX_POINT('',#6270);
#6270 = CARTESIAN_POINT('',(-1.05,-0.75,0.15));
#6271 = LINE('',#6272,#6273);
#6272 = CARTESIAN_POINT('',(-1.25,-0.75,0.15));
#6273 = VECTOR('',#6274,1.);
#6274 = DIRECTION('',(1.,9.95799250103E-17,0.));
#6275 = ORIENTED_EDGE('',*,*,#6276,.T.);
#6276 = EDGE_CURVE('',#6269,#6277,#6279,.T.);
#6277 = VERTEX_POINT('',#6278);
#6278 = CARTESIAN_POINT('',(-0.95,-0.75,0.25));
#6279 = CIRCLE('',#6280,0.1);
#6280 = AXIS2_PLACEMENT_3D('',#6281,#6282,#6283);
#6281 = CARTESIAN_POINT('',(-1.05,-0.75,0.25));
#6282 = DIRECTION('',(9.95799250103E-17,-1.,0.));
#6283 = DIRECTION('',(2.22044604925E-15,2.211118510737E-31,-1.));
#6284 = ORIENTED_EDGE('',*,*,#6285,.T.);
#6285 = EDGE_CURVE('',#6277,#6286,#6288,.T.);
#6286 = VERTEX_POINT('',#6287);
#6287 = CARTESIAN_POINT('',(-0.95,-0.75,0.475));
#6288 = LINE('',#6289,#6290);
#6289 = CARTESIAN_POINT('',(-0.95,-0.75,0.25));
#6290 = VECTOR('',#6291,1.);
#6291 = DIRECTION('',(0.,0.,1.));
#6292 = ORIENTED_EDGE('',*,*,#6293,.T.);
#6293 = EDGE_CURVE('',#6286,#5640,#6294,.T.);
#6294 = CIRCLE('',#6295,0.25);
#6295 = AXIS2_PLACEMENT_3D('',#6296,#6297,#6298);
#6296 = CARTESIAN_POINT('',(-0.7,-0.75,0.475));
#6297 = DIRECTION('',(-9.95799250103E-17,1.,0.));
#6298 = DIRECTION('',(-1.,-9.95799250103E-17,0.));
#6299 = PLANE('',#6300);
#6300 = AXIS2_PLACEMENT_3D('',#6301,#6302,#6303);
#6301 = CARTESIAN_POINT('',(-0.923137815574,-0.75,0.325594341393));
#6302 = DIRECTION('',(-9.95799250103E-17,1.,0.));
#6303 = DIRECTION('',(0.,0.,1.));
#6304 = ADVANCED_FACE('',(#6305),#6316,.F.);
#6305 = FACE_BOUND('',#6306,.F.);
#6306 = EDGE_LOOP('',(#6307,#6308,#6309,#6315));
#6307 = ORIENTED_EDGE('',*,*,#5583,.T.);
#6308 = ORIENTED_EDGE('',*,*,#6235,.T.);
#6309 = ORIENTED_EDGE('',*,*,#6310,.F.);
#6310 = EDGE_CURVE('',#6062,#6236,#6311,.T.);
#6311 = LINE('',#6312,#6313);
#6312 = CARTESIAN_POINT('',(-0.8,-1.15,0.25));
#6313 = VECTOR('',#6314,1.);
#6314 = DIRECTION('',(-9.95799250103E-17,1.,0.));
#6315 = ORIENTED_EDGE('',*,*,#6061,.F.);
#6316 = PLANE('',#6317);
#6317 = AXIS2_PLACEMENT_3D('',#6318,#6319,#6320);
#6318 = CARTESIAN_POINT('',(-0.8,-1.15,0.475));
#6319 = DIRECTION('',(-1.,-9.95799250103E-17,0.));
#6320 = DIRECTION('',(-0.,0.,-1.));
#6321 = ADVANCED_FACE('',(#6322),#6391,.F.);
#6322 = FACE_BOUND('',#6323,.F.);
#6323 = EDGE_LOOP('',(#6324,#6325,#6326,#6334,#6343,#6351,#6359,#6367,
    #6376,#6384));
#6324 = ORIENTED_EDGE('',*,*,#5648,.F.);
#6325 = ORIENTED_EDGE('',*,*,#5624,.T.);
#6326 = ORIENTED_EDGE('',*,*,#6327,.T.);
#6327 = EDGE_CURVE('',#5617,#6328,#6330,.T.);
#6328 = VERTEX_POINT('',#6329);
#6329 = CARTESIAN_POINT('',(-0.8,0.75,0.25));
#6330 = LINE('',#6331,#6332);
#6331 = CARTESIAN_POINT('',(-0.8,0.75,0.475));
#6332 = VECTOR('',#6333,1.);
#6333 = DIRECTION('',(-0.,0.,-1.));
#6334 = ORIENTED_EDGE('',*,*,#6335,.T.);
#6335 = EDGE_CURVE('',#6328,#6336,#6338,.T.);
#6336 = VERTEX_POINT('',#6337);
#6337 = CARTESIAN_POINT('',(-1.05,0.75,0.));
#6338 = CIRCLE('',#6339,0.25);
#6339 = AXIS2_PLACEMENT_3D('',#6340,#6341,#6342);
#6340 = CARTESIAN_POINT('',(-1.05,0.75,0.25));
#6341 = DIRECTION('',(-9.95799250103E-17,1.,0.));
#6342 = DIRECTION('',(1.,9.95799250103E-17,-4.440892098501E-16));
#6343 = ORIENTED_EDGE('',*,*,#6344,.T.);
#6344 = EDGE_CURVE('',#6336,#6345,#6347,.T.);
#6345 = VERTEX_POINT('',#6346);
#6346 = CARTESIAN_POINT('',(-1.25,0.75,0.));
#6347 = LINE('',#6348,#6349);
#6348 = CARTESIAN_POINT('',(-1.05,0.75,0.));
#6349 = VECTOR('',#6350,1.);
#6350 = DIRECTION('',(-1.,-9.95799250103E-17,0.));
#6351 = ORIENTED_EDGE('',*,*,#6352,.T.);
#6352 = EDGE_CURVE('',#6345,#6353,#6355,.T.);
#6353 = VERTEX_POINT('',#6354);
#6354 = CARTESIAN_POINT('',(-1.25,0.75,0.15));
#6355 = LINE('',#6356,#6357);
#6356 = CARTESIAN_POINT('',(-1.25,0.75,0.));
#6357 = VECTOR('',#6358,1.);
#6358 = DIRECTION('',(0.,0.,1.));
#6359 = ORIENTED_EDGE('',*,*,#6360,.T.);
#6360 = EDGE_CURVE('',#6353,#6361,#6363,.T.);
#6361 = VERTEX_POINT('',#6362);
#6362 = CARTESIAN_POINT('',(-1.05,0.75,0.15));
#6363 = LINE('',#6364,#6365);
#6364 = CARTESIAN_POINT('',(-1.25,0.75,0.15));
#6365 = VECTOR('',#6366,1.);
#6366 = DIRECTION('',(1.,9.95799250103E-17,0.));
#6367 = ORIENTED_EDGE('',*,*,#6368,.T.);
#6368 = EDGE_CURVE('',#6361,#6369,#6371,.T.);
#6369 = VERTEX_POINT('',#6370);
#6370 = CARTESIAN_POINT('',(-0.95,0.75,0.25));
#6371 = CIRCLE('',#6372,0.1);
#6372 = AXIS2_PLACEMENT_3D('',#6373,#6374,#6375);
#6373 = CARTESIAN_POINT('',(-1.05,0.75,0.25));
#6374 = DIRECTION('',(9.95799250103E-17,-1.,0.));
#6375 = DIRECTION('',(2.22044604925E-15,2.211118510737E-31,-1.));
#6376 = ORIENTED_EDGE('',*,*,#6377,.T.);
#6377 = EDGE_CURVE('',#6369,#6378,#6380,.T.);
#6378 = VERTEX_POINT('',#6379);
#6379 = CARTESIAN_POINT('',(-0.95,0.75,0.475));
#6380 = LINE('',#6381,#6382);
#6381 = CARTESIAN_POINT('',(-0.95,0.75,0.25));
#6382 = VECTOR('',#6383,1.);
#6383 = DIRECTION('',(0.,0.,1.));
#6384 = ORIENTED_EDGE('',*,*,#6385,.T.);
#6385 = EDGE_CURVE('',#6378,#5649,#6386,.T.);
#6386 = CIRCLE('',#6387,0.25);
#6387 = AXIS2_PLACEMENT_3D('',#6388,#6389,#6390);
#6388 = CARTESIAN_POINT('',(-0.7,0.75,0.475));
#6389 = DIRECTION('',(-9.95799250103E-17,1.,0.));
#6390 = DIRECTION('',(-1.,-9.95799250103E-17,0.));
#6391 = PLANE('',#6392);
#6392 = AXIS2_PLACEMENT_3D('',#6393,#6394,#6395);
#6393 = CARTESIAN_POINT('',(-0.923137815574,0.75,0.325594341393));
#6394 = DIRECTION('',(-9.95799250103E-17,1.,0.));
#6395 = DIRECTION('',(0.,0.,1.));
#6396 = ADVANCED_FACE('',(#6397),#6408,.F.);
#6397 = FACE_BOUND('',#6398,.F.);
#6398 = EDGE_LOOP('',(#6399,#6400,#6401,#6407));
#6399 = ORIENTED_EDGE('',*,*,#5616,.T.);
#6400 = ORIENTED_EDGE('',*,*,#6136,.T.);
#6401 = ORIENTED_EDGE('',*,*,#6402,.F.);
#6402 = EDGE_CURVE('',#6328,#6137,#6403,.T.);
#6403 = LINE('',#6404,#6405);
#6404 = CARTESIAN_POINT('',(-0.8,0.75,0.25));
#6405 = VECTOR('',#6406,1.);
#6406 = DIRECTION('',(-9.95799250103E-17,1.,0.));
#6407 = ORIENTED_EDGE('',*,*,#6327,.F.);
#6408 = PLANE('',#6409);
#6409 = AXIS2_PLACEMENT_3D('',#6410,#6411,#6412);
#6410 = CARTESIAN_POINT('',(-0.8,0.75,0.475));
#6411 = DIRECTION('',(-1.,-9.95799250103E-17,0.));
#6412 = DIRECTION('',(-0.,0.,-1.));
#6413 = ADVANCED_FACE('',(#6414),#6439,.F.);
#6414 = FACE_BOUND('',#6415,.F.);
#6415 = EDGE_LOOP('',(#6416,#6424,#6425,#6433));
#6416 = ORIENTED_EDGE('',*,*,#6417,.F.);
#6417 = EDGE_CURVE('',#5640,#6418,#6420,.T.);
#6418 = VERTEX_POINT('',#6419);
#6419 = CARTESIAN_POINT('',(-0.675,-0.75,0.725));
#6420 = LINE('',#6421,#6422);
#6421 = CARTESIAN_POINT('',(-0.7,-0.75,0.725));
#6422 = VECTOR('',#6423,1.);
#6423 = DIRECTION('',(1.,9.95799250103E-17,0.));
#6424 = ORIENTED_EDGE('',*,*,#5656,.T.);
#6425 = ORIENTED_EDGE('',*,*,#6426,.T.);
#6426 = EDGE_CURVE('',#5649,#6427,#6429,.T.);
#6427 = VERTEX_POINT('',#6428);
#6428 = CARTESIAN_POINT('',(-0.675,0.75,0.725));
#6429 = LINE('',#6430,#6431);
#6430 = CARTESIAN_POINT('',(-0.7,0.75,0.725));
#6431 = VECTOR('',#6432,1.);
#6432 = DIRECTION('',(1.,9.95799250103E-17,0.));
#6433 = ORIENTED_EDGE('',*,*,#6434,.F.);
#6434 = EDGE_CURVE('',#6418,#6427,#6435,.T.);
#6435 = LINE('',#6436,#6437);
#6436 = CARTESIAN_POINT('',(-0.675,-1.3925,0.725));
#6437 = VECTOR('',#6438,1.);
#6438 = DIRECTION('',(-2.22044604925E-16,1.,0.));
#6439 = B_SPLINE_SURFACE_WITH_KNOTS('',1,1,(
    (#6440,#6441)
    ,(#6442,#6443
    )),.UNSPECIFIED.,.F.,.F.,.F.,(2,2),(2,2),(0.,2.81),(0.,1.),
  .PIECEWISE_BEZIER_KNOTS.);
#6440 = CARTESIAN_POINT('',(-0.7,-1.405,0.725));
#6441 = CARTESIAN_POINT('',(-0.675,-1.3925,0.725));
#6442 = CARTESIAN_POINT('',(-0.7,1.405,0.725));
#6443 = CARTESIAN_POINT('',(-0.675,1.3925,0.725));
#6444 = ADVANCED_FACE('',(#6445),#6462,.F.);
#6445 = FACE_BOUND('',#6446,.F.);
#6446 = EDGE_LOOP('',(#6447,#6448,#6455,#6461));
#6447 = ORIENTED_EDGE('',*,*,#5678,.T.);
#6448 = ORIENTED_EDGE('',*,*,#6449,.T.);
#6449 = EDGE_CURVE('',#5672,#6450,#6452,.T.);
#6450 = VERTEX_POINT('',#6451);
#6451 = CARTESIAN_POINT('',(0.608243103516,1.359121551758,1.2));
#6452 = B_SPLINE_CURVE_WITH_KNOTS('',1,(#6453,#6454),.UNSPECIFIED.,.F.,
  .F.,(2,2),(0.,1.),.PIECEWISE_BEZIER_KNOTS.);
#6453 = CARTESIAN_POINT('',(0.675,1.3925,0.725));
#6454 = CARTESIAN_POINT('',(0.608243103516,1.359121551758,1.2));
#6455 = ORIENTED_EDGE('',*,*,#6456,.F.);
#6456 = EDGE_CURVE('',#5695,#6450,#6457,.T.);
#6457 = LINE('',#6458,#6459);
#6458 = CARTESIAN_POINT('',(0.559121551758,1.408243103516,1.2));
#6459 = VECTOR('',#6460,1.);
#6460 = DIRECTION('',(0.707106781187,-0.707106781187,0.));
#6461 = ORIENTED_EDGE('',*,*,#5694,.F.);
#6462 = B_SPLINE_SURFACE_WITH_KNOTS('',1,1,(
    (#6463,#6464)
    ,(#6465,#6466
    )),.UNSPECIFIED.,.F.,.F.,.F.,(2,2),(2,2),(0.,0.116672618896),(0.,1.)
  ,.PIECEWISE_BEZIER_KNOTS.);
#6463 = CARTESIAN_POINT('',(0.5925,1.475,0.725));
#6464 = CARTESIAN_POINT('',(0.559121551758,1.408243103516,1.2));
#6465 = CARTESIAN_POINT('',(0.675,1.3925,0.725));
#6466 = CARTESIAN_POINT('',(0.608243103516,1.359121551758,1.2));
#6467 = ADVANCED_FACE('',(#6468),#6518,.T.);
#6468 = FACE_BOUND('',#6469,.F.);
#6469 = EDGE_LOOP('',(#6470,#6471,#6472,#6480,#6488,#6496,#6504,#6512));
#6470 = ORIENTED_EDGE('',*,*,#5701,.T.);
#6471 = ORIENTED_EDGE('',*,*,#6456,.T.);
#6472 = ORIENTED_EDGE('',*,*,#6473,.T.);
#6473 = EDGE_CURVE('',#6450,#6474,#6476,.T.);
#6474 = VERTEX_POINT('',#6475);
#6475 = CARTESIAN_POINT('',(0.608243103516,-1.359121551758,1.2));
#6476 = LINE('',#6477,#6478);
#6477 = CARTESIAN_POINT('',(0.608243103516,1.359121551758,1.2));
#6478 = VECTOR('',#6479,1.);
#6479 = DIRECTION('',(2.22044604925E-16,-1.,0.));
#6480 = ORIENTED_EDGE('',*,*,#6481,.T.);
#6481 = EDGE_CURVE('',#6474,#6482,#6484,.T.);
#6482 = VERTEX_POINT('',#6483);
#6483 = CARTESIAN_POINT('',(0.559121551758,-1.408243103516,1.2));
#6484 = LINE('',#6485,#6486);
#6485 = CARTESIAN_POINT('',(0.608243103516,-1.359121551758,1.2));
#6486 = VECTOR('',#6487,1.);
#6487 = DIRECTION('',(-0.707106781187,-0.707106781187,0.));
#6488 = ORIENTED_EDGE('',*,*,#6489,.T.);
#6489 = EDGE_CURVE('',#6482,#6490,#6492,.T.);
#6490 = VERTEX_POINT('',#6491);
#6491 = CARTESIAN_POINT('',(-0.559121551758,-1.408243103516,1.2));
#6492 = LINE('',#6493,#6494);
#6493 = CARTESIAN_POINT('',(0.559121551758,-1.408243103516,1.2));
#6494 = VECTOR('',#6495,1.);
#6495 = DIRECTION('',(-1.,-2.22044604925E-16,0.));
#6496 = ORIENTED_EDGE('',*,*,#6497,.T.);
#6497 = EDGE_CURVE('',#6490,#6498,#6500,.T.);
#6498 = VERTEX_POINT('',#6499);
#6499 = CARTESIAN_POINT('',(-0.608243103516,-1.359121551758,1.2));
#6500 = LINE('',#6501,#6502);
#6501 = CARTESIAN_POINT('',(-0.559121551758,-1.408243103516,1.2));
#6502 = VECTOR('',#6503,1.);
#6503 = DIRECTION('',(-0.707106781187,0.707106781187,0.));
#6504 = ORIENTED_EDGE('',*,*,#6505,.T.);
#6505 = EDGE_CURVE('',#6498,#6506,#6508,.T.);
#6506 = VERTEX_POINT('',#6507);
#6507 = CARTESIAN_POINT('',(-0.608243103516,1.359121551758,1.2));
#6508 = LINE('',#6509,#6510);
#6509 = CARTESIAN_POINT('',(-0.608243103516,-1.359121551758,1.2));
#6510 = VECTOR('',#6511,1.);
#6511 = DIRECTION('',(-2.22044604925E-16,1.,0.));
#6512 = ORIENTED_EDGE('',*,*,#6513,.T.);
#6513 = EDGE_CURVE('',#6506,#5702,#6514,.T.);
#6514 = LINE('',#6515,#6516);
#6515 = CARTESIAN_POINT('',(-0.608243103516,1.359121551758,1.2));
#6516 = VECTOR('',#6517,1.);
#6517 = DIRECTION('',(0.707106781187,0.707106781187,0.));
#6518 = PLANE('',#6519);
#6519 = AXIS2_PLACEMENT_3D('',#6520,#6521,#6522);
#6520 = CARTESIAN_POINT('',(-0.559121551758,1.408243103516,1.2));
#6521 = DIRECTION('',(0.,0.,1.));
#6522 = DIRECTION('',(0.369013679242,-0.929423963825,0.));
#6523 = ADVANCED_FACE('',(#6524),#6534,.F.);
#6524 = FACE_BOUND('',#6525,.F.);
#6525 = EDGE_LOOP('',(#6526,#6527,#6528,#6529));
#6526 = ORIENTED_EDGE('',*,*,#5724,.T.);
#6527 = ORIENTED_EDGE('',*,*,#5709,.T.);
#6528 = ORIENTED_EDGE('',*,*,#6513,.F.);
#6529 = ORIENTED_EDGE('',*,*,#6530,.F.);
#6530 = EDGE_CURVE('',#5725,#6506,#6531,.T.);
#6531 = B_SPLINE_CURVE_WITH_KNOTS('',1,(#6532,#6533),.UNSPECIFIED.,.F.,
  .F.,(2,2),(0.,1.),.PIECEWISE_BEZIER_KNOTS.);
#6532 = CARTESIAN_POINT('',(-0.675,1.3925,0.725));
#6533 = CARTESIAN_POINT('',(-0.608243103516,1.359121551758,1.2));
#6534 = B_SPLINE_SURFACE_WITH_KNOTS('',1,1,(
    (#6535,#6536)
    ,(#6537,#6538
    )),.UNSPECIFIED.,.F.,.F.,.F.,(2,2),(2,2),(0.,0.116672618896),(0.,1.)
  ,.PIECEWISE_BEZIER_KNOTS.);
#6535 = CARTESIAN_POINT('',(-0.675,1.3925,0.725));
#6536 = CARTESIAN_POINT('',(-0.608243103516,1.359121551758,1.2));
#6537 = CARTESIAN_POINT('',(-0.5925,1.475,0.725));
#6538 = CARTESIAN_POINT('',(-0.559121551758,1.408243103516,1.2));
#6539 = ADVANCED_FACE('',(#6540),#6557,.F.);
#6540 = FACE_BOUND('',#6541,.F.);
#6541 = EDGE_LOOP('',(#6542,#6543,#6549,#6550,#6555,#6556));
#6542 = ORIENTED_EDGE('',*,*,#5755,.T.);
#6543 = ORIENTED_EDGE('',*,*,#6544,.T.);
#6544 = EDGE_CURVE('',#5748,#5920,#6545,.T.);
#6545 = LINE('',#6546,#6547);
#6546 = CARTESIAN_POINT('',(0.675,1.3925,0.725));
#6547 = VECTOR('',#6548,1.);
#6548 = DIRECTION('',(2.22044604925E-16,-1.,0.));
#6549 = ORIENTED_EDGE('',*,*,#5935,.T.);
#6550 = ORIENTED_EDGE('',*,*,#6551,.T.);
#6551 = EDGE_CURVE('',#5929,#6474,#6552,.T.);
#6552 = B_SPLINE_CURVE_WITH_KNOTS('',1,(#6553,#6554),.UNSPECIFIED.,.F.,
  .F.,(2,2),(0.,1.),.PIECEWISE_BEZIER_KNOTS.);
#6553 = CARTESIAN_POINT('',(0.675,-1.3925,0.725));
#6554 = CARTESIAN_POINT('',(0.608243103516,-1.359121551758,1.2));
#6555 = ORIENTED_EDGE('',*,*,#6473,.F.);
#6556 = ORIENTED_EDGE('',*,*,#6449,.F.);
#6557 = B_SPLINE_SURFACE_WITH_KNOTS('',1,1,(
    (#6558,#6559)
    ,(#6560,#6561
    )),.UNSPECIFIED.,.F.,.F.,.F.,(2,2),(2,2),(0.,2.785),(0.,1.),
  .PIECEWISE_BEZIER_KNOTS.);
#6558 = CARTESIAN_POINT('',(0.675,1.3925,0.725));
#6559 = CARTESIAN_POINT('',(0.608243103516,1.359121551758,1.2));
#6560 = CARTESIAN_POINT('',(0.675,-1.3925,0.725));
#6561 = CARTESIAN_POINT('',(0.608243103516,-1.359121551758,1.2));
#6562 = ADVANCED_FACE('',(#6563),#6574,.F.);
#6563 = FACE_BOUND('',#6564,.F.);
#6564 = EDGE_LOOP('',(#6565,#6566,#6572,#6573));
#6565 = ORIENTED_EDGE('',*,*,#5747,.F.);
#6566 = ORIENTED_EDGE('',*,*,#6567,.T.);
#6567 = EDGE_CURVE('',#5372,#5394,#6568,.T.);
#6568 = LINE('',#6569,#6570);
#6569 = CARTESIAN_POINT('',(0.7,0.2,0.725));
#6570 = VECTOR('',#6571,1.);
#6571 = DIRECTION('',(2.22044604925E-16,-1.,0.));
#6572 = ORIENTED_EDGE('',*,*,#5919,.T.);
#6573 = ORIENTED_EDGE('',*,*,#6544,.F.);
#6574 = PLANE('',#6575);
#6575 = AXIS2_PLACEMENT_3D('',#6576,#6577,#6578);
#6576 = CARTESIAN_POINT('',(0.7,0.2,0.725));
#6577 = DIRECTION('',(0.,0.,-1.));
#6578 = DIRECTION('',(-1.,-2.22044604925E-16,-0.));
#6579 = ADVANCED_FACE('',(#6580),#6591,.T.);
#6580 = FACE_BOUND('',#6581,.T.);
#6581 = EDGE_LOOP('',(#6582,#6583,#6584,#6585));
#6582 = ORIENTED_EDGE('',*,*,#5829,.T.);
#6583 = ORIENTED_EDGE('',*,*,#6567,.T.);
#6584 = ORIENTED_EDGE('',*,*,#5904,.F.);
#6585 = ORIENTED_EDGE('',*,*,#6586,.F.);
#6586 = EDGE_CURVE('',#5822,#5897,#6587,.T.);
#6587 = LINE('',#6588,#6589);
#6588 = CARTESIAN_POINT('',(0.95,0.2,0.475));
#6589 = VECTOR('',#6590,1.);
#6590 = DIRECTION('',(2.22044604925E-16,-1.,0.));
#6591 = CYLINDRICAL_SURFACE('',#6592,0.25);
#6592 = AXIS2_PLACEMENT_3D('',#6593,#6594,#6595);
#6593 = CARTESIAN_POINT('',(0.7,0.2,0.475));
#6594 = DIRECTION('',(-2.22044604925E-16,1.,-0.));
#6595 = DIRECTION('',(1.,2.22044604925E-16,0.));
#6596 = ADVANCED_FACE('',(#6597),#6608,.F.);
#6597 = FACE_BOUND('',#6598,.F.);
#6598 = EDGE_LOOP('',(#6599,#6605,#6606,#6607));
#6599 = ORIENTED_EDGE('',*,*,#6600,.T.);
#6600 = EDGE_CURVE('',#5813,#5888,#6601,.T.);
#6601 = LINE('',#6602,#6603);
#6602 = CARTESIAN_POINT('',(0.95,0.2,0.25));
#6603 = VECTOR('',#6604,1.);
#6604 = DIRECTION('',(2.22044604925E-16,-1.,0.));
#6605 = ORIENTED_EDGE('',*,*,#5896,.T.);
#6606 = ORIENTED_EDGE('',*,*,#6586,.F.);
#6607 = ORIENTED_EDGE('',*,*,#5821,.F.);
#6608 = PLANE('',#6609);
#6609 = AXIS2_PLACEMENT_3D('',#6610,#6611,#6612);
#6610 = CARTESIAN_POINT('',(0.95,0.2,0.25));
#6611 = DIRECTION('',(-1.,-2.22044604925E-16,0.));
#6612 = DIRECTION('',(0.,0.,1.));
#6613 = ADVANCED_FACE('',(#6614),#6625,.F.);
#6614 = FACE_BOUND('',#6615,.F.);
#6615 = EDGE_LOOP('',(#6616,#6622,#6623,#6624));
#6616 = ORIENTED_EDGE('',*,*,#6617,.T.);
#6617 = EDGE_CURVE('',#5805,#5880,#6618,.T.);
#6618 = LINE('',#6619,#6620);
#6619 = CARTESIAN_POINT('',(1.05,0.2,0.15));
#6620 = VECTOR('',#6621,1.);
#6621 = DIRECTION('',(2.22044604925E-16,-1.,0.));
#6622 = ORIENTED_EDGE('',*,*,#5887,.T.);
#6623 = ORIENTED_EDGE('',*,*,#6600,.F.);
#6624 = ORIENTED_EDGE('',*,*,#5812,.F.);
#6625 = CYLINDRICAL_SURFACE('',#6626,0.1);
#6626 = AXIS2_PLACEMENT_3D('',#6627,#6628,#6629);
#6627 = CARTESIAN_POINT('',(1.05,0.2,0.25));
#6628 = DIRECTION('',(-2.22044604925E-16,1.,0.));
#6629 = DIRECTION('',(-2.22044604925E-15,-4.93038065763E-31,-1.));
#6630 = ADVANCED_FACE('',(#6631),#6642,.F.);
#6631 = FACE_BOUND('',#6632,.F.);
#6632 = EDGE_LOOP('',(#6633,#6639,#6640,#6641));
#6633 = ORIENTED_EDGE('',*,*,#6634,.T.);
#6634 = EDGE_CURVE('',#5797,#5872,#6635,.T.);
#6635 = LINE('',#6636,#6637);
#6636 = CARTESIAN_POINT('',(1.25,0.2,0.15));
#6637 = VECTOR('',#6638,1.);
#6638 = DIRECTION('',(2.22044604925E-16,-1.,0.));
#6639 = ORIENTED_EDGE('',*,*,#5879,.T.);
#6640 = ORIENTED_EDGE('',*,*,#6617,.F.);
#6641 = ORIENTED_EDGE('',*,*,#5804,.F.);
#6642 = PLANE('',#6643);
#6643 = AXIS2_PLACEMENT_3D('',#6644,#6645,#6646);
#6644 = CARTESIAN_POINT('',(1.25,0.2,0.15));
#6645 = DIRECTION('',(0.,0.,-1.));
#6646 = DIRECTION('',(-1.,-2.22044604925E-16,-0.));
#6647 = ADVANCED_FACE('',(#6648),#6659,.F.);
#6648 = FACE_BOUND('',#6649,.F.);
#6649 = EDGE_LOOP('',(#6650,#6656,#6657,#6658));
#6650 = ORIENTED_EDGE('',*,*,#6651,.T.);
#6651 = EDGE_CURVE('',#5789,#5864,#6652,.T.);
#6652 = LINE('',#6653,#6654);
#6653 = CARTESIAN_POINT('',(1.25,0.2,0.));
#6654 = VECTOR('',#6655,1.);
#6655 = DIRECTION('',(2.22044604925E-16,-1.,0.));
#6656 = ORIENTED_EDGE('',*,*,#5871,.T.);
#6657 = ORIENTED_EDGE('',*,*,#6634,.F.);
#6658 = ORIENTED_EDGE('',*,*,#5796,.F.);
#6659 = PLANE('',#6660);
#6660 = AXIS2_PLACEMENT_3D('',#6661,#6662,#6663);
#6661 = CARTESIAN_POINT('',(1.25,0.2,0.));
#6662 = DIRECTION('',(-1.,-2.22044604925E-16,0.));
#6663 = DIRECTION('',(0.,0.,1.));
#6664 = ADVANCED_FACE('',(#6665),#6676,.F.);
#6665 = FACE_BOUND('',#6666,.F.);
#6666 = EDGE_LOOP('',(#6667,#6673,#6674,#6675));
#6667 = ORIENTED_EDGE('',*,*,#6668,.T.);
#6668 = EDGE_CURVE('',#5780,#5855,#6669,.T.);
#6669 = LINE('',#6670,#6671);
#6670 = CARTESIAN_POINT('',(1.05,0.2,0.));
#6671 = VECTOR('',#6672,1.);
#6672 = DIRECTION('',(2.22044604925E-16,-1.,0.));
#6673 = ORIENTED_EDGE('',*,*,#5863,.T.);
#6674 = ORIENTED_EDGE('',*,*,#6651,.F.);
#6675 = ORIENTED_EDGE('',*,*,#5788,.F.);
#6676 = PLANE('',#6677);
#6677 = AXIS2_PLACEMENT_3D('',#6678,#6679,#6680);
#6678 = CARTESIAN_POINT('',(1.05,0.2,0.));
#6679 = DIRECTION('',(0.,0.,1.));
#6680 = DIRECTION('',(1.,2.22044604925E-16,-0.));
#6681 = ADVANCED_FACE('',(#6682),#6688,.T.);
#6682 = FACE_BOUND('',#6683,.T.);
#6683 = EDGE_LOOP('',(#6684,#6685,#6686,#6687));
#6684 = ORIENTED_EDGE('',*,*,#5779,.T.);
#6685 = ORIENTED_EDGE('',*,*,#6668,.T.);
#6686 = ORIENTED_EDGE('',*,*,#5854,.F.);
#6687 = ORIENTED_EDGE('',*,*,#5951,.F.);
#6688 = CYLINDRICAL_SURFACE('',#6689,0.25);
#6689 = AXIS2_PLACEMENT_3D('',#6690,#6691,#6692);
#6690 = CARTESIAN_POINT('',(1.05,0.2,0.25));
#6691 = DIRECTION('',(-2.22044604925E-16,1.,-0.));
#6692 = DIRECTION('',(-1.,-2.22044604925E-16,-4.440892098501E-16));
#6693 = ADVANCED_FACE('',(#6694),#6704,.F.);
#6694 = FACE_BOUND('',#6695,.F.);
#6695 = EDGE_LOOP('',(#6696,#6697,#6702,#6703));
#6696 = ORIENTED_EDGE('',*,*,#5974,.T.);
#6697 = ORIENTED_EDGE('',*,*,#6698,.T.);
#6698 = EDGE_CURVE('',#5968,#6482,#6699,.T.);
#6699 = B_SPLINE_CURVE_WITH_KNOTS('',1,(#6700,#6701),.UNSPECIFIED.,.F.,
  .F.,(2,2),(0.,1.),.PIECEWISE_BEZIER_KNOTS.);
#6700 = CARTESIAN_POINT('',(0.5925,-1.475,0.725));
#6701 = CARTESIAN_POINT('',(0.559121551758,-1.408243103516,1.2));
#6702 = ORIENTED_EDGE('',*,*,#6481,.F.);
#6703 = ORIENTED_EDGE('',*,*,#6551,.F.);
#6704 = B_SPLINE_SURFACE_WITH_KNOTS('',1,1,(
    (#6705,#6706)
    ,(#6707,#6708
    )),.UNSPECIFIED.,.F.,.F.,.F.,(2,2),(2,2),(0.,0.116672618896),(0.,1.)
  ,.PIECEWISE_BEZIER_KNOTS.);
#6705 = CARTESIAN_POINT('',(0.675,-1.3925,0.725));
#6706 = CARTESIAN_POINT('',(0.608243103516,-1.359121551758,1.2));
#6707 = CARTESIAN_POINT('',(0.5925,-1.475,0.725));
#6708 = CARTESIAN_POINT('',(0.559121551758,-1.408243103516,1.2));
#6709 = ADVANCED_FACE('',(#6710),#6720,.F.);
#6710 = FACE_BOUND('',#6711,.F.);
#6711 = EDGE_LOOP('',(#6712,#6713,#6718,#6719));
#6712 = ORIENTED_EDGE('',*,*,#5997,.T.);
#6713 = ORIENTED_EDGE('',*,*,#6714,.T.);
#6714 = EDGE_CURVE('',#5991,#6490,#6715,.T.);
#6715 = B_SPLINE_CURVE_WITH_KNOTS('',1,(#6716,#6717),.UNSPECIFIED.,.F.,
  .F.,(2,2),(0.,1.),.PIECEWISE_BEZIER_KNOTS.);
#6716 = CARTESIAN_POINT('',(-0.5925,-1.475,0.725));
#6717 = CARTESIAN_POINT('',(-0.559121551758,-1.408243103516,1.2));
#6718 = ORIENTED_EDGE('',*,*,#6489,.F.);
#6719 = ORIENTED_EDGE('',*,*,#6698,.F.);
#6720 = B_SPLINE_SURFACE_WITH_KNOTS('',1,1,(
    (#6721,#6722)
    ,(#6723,#6724
    )),.UNSPECIFIED.,.F.,.F.,.F.,(2,2),(2,2),(0.,1.185),(0.,1.),
  .PIECEWISE_BEZIER_KNOTS.);
#6721 = CARTESIAN_POINT('',(0.5925,-1.475,0.725));
#6722 = CARTESIAN_POINT('',(0.559121551758,-1.408243103516,1.2));
#6723 = CARTESIAN_POINT('',(-0.5925,-1.475,0.725));
#6724 = CARTESIAN_POINT('',(-0.559121551758,-1.408243103516,1.2));
#6725 = ADVANCED_FACE('',(#6726),#6736,.F.);
#6726 = FACE_BOUND('',#6727,.F.);
#6727 = EDGE_LOOP('',(#6728,#6729,#6734,#6735));
#6728 = ORIENTED_EDGE('',*,*,#6020,.T.);
#6729 = ORIENTED_EDGE('',*,*,#6730,.T.);
#6730 = EDGE_CURVE('',#6014,#6498,#6731,.T.);
#6731 = B_SPLINE_CURVE_WITH_KNOTS('',1,(#6732,#6733),.UNSPECIFIED.,.F.,
  .F.,(2,2),(0.,1.),.PIECEWISE_BEZIER_KNOTS.);
#6732 = CARTESIAN_POINT('',(-0.675,-1.3925,0.725));
#6733 = CARTESIAN_POINT('',(-0.608243103516,-1.359121551758,1.2));
#6734 = ORIENTED_EDGE('',*,*,#6497,.F.);
#6735 = ORIENTED_EDGE('',*,*,#6714,.F.);
#6736 = B_SPLINE_SURFACE_WITH_KNOTS('',1,1,(
    (#6737,#6738)
    ,(#6739,#6740
    )),.UNSPECIFIED.,.F.,.F.,.F.,(2,2),(2,2),(0.,0.116672618896),(0.,1.)
  ,.PIECEWISE_BEZIER_KNOTS.);
#6737 = CARTESIAN_POINT('',(-0.5925,-1.475,0.725));
#6738 = CARTESIAN_POINT('',(-0.559121551758,-1.408243103516,1.2));
#6739 = CARTESIAN_POINT('',(-0.675,-1.3925,0.725));
#6740 = CARTESIAN_POINT('',(-0.608243103516,-1.359121551758,1.2));
#6741 = ADVANCED_FACE('',(#6742),#6762,.F.);
#6742 = FACE_BOUND('',#6743,.F.);
#6743 = EDGE_LOOP('',(#6744,#6745,#6751,#6752,#6758,#6759,#6760,#6761));
#6744 = ORIENTED_EDGE('',*,*,#6045,.T.);
#6745 = ORIENTED_EDGE('',*,*,#6746,.T.);
#6746 = EDGE_CURVE('',#6038,#6418,#6747,.T.);
#6747 = LINE('',#6748,#6749);
#6748 = CARTESIAN_POINT('',(-0.675,-1.3925,0.725));
#6749 = VECTOR('',#6750,1.);
#6750 = DIRECTION('',(-2.22044604925E-16,1.,0.));
#6751 = ORIENTED_EDGE('',*,*,#6434,.T.);
#6752 = ORIENTED_EDGE('',*,*,#6753,.T.);
#6753 = EDGE_CURVE('',#6427,#6210,#6754,.T.);
#6754 = LINE('',#6755,#6756);
#6755 = CARTESIAN_POINT('',(-0.675,-1.3925,0.725));
#6756 = VECTOR('',#6757,1.);
#6757 = DIRECTION('',(-2.22044604925E-16,1.,0.));
#6758 = ORIENTED_EDGE('',*,*,#6219,.T.);
#6759 = ORIENTED_EDGE('',*,*,#6530,.T.);
#6760 = ORIENTED_EDGE('',*,*,#6505,.F.);
#6761 = ORIENTED_EDGE('',*,*,#6730,.F.);
#6762 = B_SPLINE_SURFACE_WITH_KNOTS('',1,1,(
    (#6763,#6764)
    ,(#6765,#6766
    )),.UNSPECIFIED.,.F.,.F.,.F.,(2,2),(2,2),(0.,2.785),(0.,1.),
  .PIECEWISE_BEZIER_KNOTS.);
#6763 = CARTESIAN_POINT('',(-0.675,-1.3925,0.725));
#6764 = CARTESIAN_POINT('',(-0.608243103516,-1.359121551758,1.2));
#6765 = CARTESIAN_POINT('',(-0.675,1.3925,0.725));
#6766 = CARTESIAN_POINT('',(-0.608243103516,1.359121551758,1.2));
#6767 = ADVANCED_FACE('',(#6768),#6779,.F.);
#6768 = FACE_BOUND('',#6769,.F.);
#6769 = EDGE_LOOP('',(#6770,#6771,#6777,#6778));
#6770 = ORIENTED_EDGE('',*,*,#6037,.F.);
#6771 = ORIENTED_EDGE('',*,*,#6772,.T.);
#6772 = EDGE_CURVE('',#5528,#5640,#6773,.T.);
#6773 = LINE('',#6774,#6775);
#6774 = CARTESIAN_POINT('',(-0.7,-1.15,0.725));
#6775 = VECTOR('',#6776,1.);
#6776 = DIRECTION('',(-9.95799250103E-17,1.,0.));
#6777 = ORIENTED_EDGE('',*,*,#6417,.T.);
#6778 = ORIENTED_EDGE('',*,*,#6746,.F.);
#6779 = PLANE('',#6780);
#6780 = AXIS2_PLACEMENT_3D('',#6781,#6782,#6783);
#6781 = CARTESIAN_POINT('',(-0.7,-1.15,0.725));
#6782 = DIRECTION('',(-0.,0.,-1.));
#6783 = DIRECTION('',(1.,9.95799250103E-17,0.));
#6784 = ADVANCED_FACE('',(#6785),#6796,.T.);
#6785 = FACE_BOUND('',#6786,.T.);
#6786 = EDGE_LOOP('',(#6787,#6788,#6789,#6790));
#6787 = ORIENTED_EDGE('',*,*,#6119,.T.);
#6788 = ORIENTED_EDGE('',*,*,#6772,.T.);
#6789 = ORIENTED_EDGE('',*,*,#6293,.F.);
#6790 = ORIENTED_EDGE('',*,*,#6791,.F.);
#6791 = EDGE_CURVE('',#6112,#6286,#6792,.T.);
#6792 = LINE('',#6793,#6794);
#6793 = CARTESIAN_POINT('',(-0.95,-1.15,0.475));
#6794 = VECTOR('',#6795,1.);
#6795 = DIRECTION('',(-9.95799250103E-17,1.,0.));
#6796 = CYLINDRICAL_SURFACE('',#6797,0.25);
#6797 = AXIS2_PLACEMENT_3D('',#6798,#6799,#6800);
#6798 = CARTESIAN_POINT('',(-0.7,-1.15,0.475));
#6799 = DIRECTION('',(9.95799250103E-17,-1.,-0.));
#6800 = DIRECTION('',(-1.,-9.95799250103E-17,0.));
#6801 = ADVANCED_FACE('',(#6802),#6813,.F.);
#6802 = FACE_BOUND('',#6803,.F.);
#6803 = EDGE_LOOP('',(#6804,#6810,#6811,#6812));
#6804 = ORIENTED_EDGE('',*,*,#6805,.T.);
#6805 = EDGE_CURVE('',#6103,#6277,#6806,.T.);
#6806 = LINE('',#6807,#6808);
#6807 = CARTESIAN_POINT('',(-0.95,-1.15,0.25));
#6808 = VECTOR('',#6809,1.);
#6809 = DIRECTION('',(-9.95799250103E-17,1.,0.));
#6810 = ORIENTED_EDGE('',*,*,#6285,.T.);
#6811 = ORIENTED_EDGE('',*,*,#6791,.F.);
#6812 = ORIENTED_EDGE('',*,*,#6111,.F.);
#6813 = PLANE('',#6814);
#6814 = AXIS2_PLACEMENT_3D('',#6815,#6816,#6817);
#6815 = CARTESIAN_POINT('',(-0.95,-1.15,0.25));
#6816 = DIRECTION('',(1.,9.95799250103E-17,0.));
#6817 = DIRECTION('',(0.,-0.,1.));
#6818 = ADVANCED_FACE('',(#6819),#6830,.F.);
#6819 = FACE_BOUND('',#6820,.F.);
#6820 = EDGE_LOOP('',(#6821,#6827,#6828,#6829));
#6821 = ORIENTED_EDGE('',*,*,#6822,.T.);
#6822 = EDGE_CURVE('',#6095,#6269,#6823,.T.);
#6823 = LINE('',#6824,#6825);
#6824 = CARTESIAN_POINT('',(-1.05,-1.15,0.15));
#6825 = VECTOR('',#6826,1.);
#6826 = DIRECTION('',(-9.95799250103E-17,1.,0.));
#6827 = ORIENTED_EDGE('',*,*,#6276,.T.);
#6828 = ORIENTED_EDGE('',*,*,#6805,.F.);
#6829 = ORIENTED_EDGE('',*,*,#6102,.F.);
#6830 = CYLINDRICAL_SURFACE('',#6831,0.1);
#6831 = AXIS2_PLACEMENT_3D('',#6832,#6833,#6834);
#6832 = CARTESIAN_POINT('',(-1.05,-1.15,0.25));
#6833 = DIRECTION('',(9.95799250103E-17,-1.,0.));
#6834 = DIRECTION('',(2.22044604925E-15,2.211118510737E-31,-1.));
#6835 = ADVANCED_FACE('',(#6836),#6847,.F.);
#6836 = FACE_BOUND('',#6837,.F.);
#6837 = EDGE_LOOP('',(#6838,#6844,#6845,#6846));
#6838 = ORIENTED_EDGE('',*,*,#6839,.T.);
#6839 = EDGE_CURVE('',#6087,#6261,#6840,.T.);
#6840 = LINE('',#6841,#6842);
#6841 = CARTESIAN_POINT('',(-1.25,-1.15,0.15));
#6842 = VECTOR('',#6843,1.);
#6843 = DIRECTION('',(-9.95799250103E-17,1.,0.));
#6844 = ORIENTED_EDGE('',*,*,#6268,.T.);
#6845 = ORIENTED_EDGE('',*,*,#6822,.F.);
#6846 = ORIENTED_EDGE('',*,*,#6094,.F.);
#6847 = PLANE('',#6848);
#6848 = AXIS2_PLACEMENT_3D('',#6849,#6850,#6851);
#6849 = CARTESIAN_POINT('',(-1.25,-1.15,0.15));
#6850 = DIRECTION('',(-0.,0.,-1.));
#6851 = DIRECTION('',(1.,9.95799250103E-17,0.));
#6852 = ADVANCED_FACE('',(#6853),#6864,.F.);
#6853 = FACE_BOUND('',#6854,.F.);
#6854 = EDGE_LOOP('',(#6855,#6861,#6862,#6863));
#6855 = ORIENTED_EDGE('',*,*,#6856,.T.);
#6856 = EDGE_CURVE('',#6079,#6253,#6857,.T.);
#6857 = LINE('',#6858,#6859);
#6858 = CARTESIAN_POINT('',(-1.25,-1.15,0.));
#6859 = VECTOR('',#6860,1.);
#6860 = DIRECTION('',(-9.95799250103E-17,1.,0.));
#6861 = ORIENTED_EDGE('',*,*,#6260,.T.);
#6862 = ORIENTED_EDGE('',*,*,#6839,.F.);
#6863 = ORIENTED_EDGE('',*,*,#6086,.F.);
#6864 = PLANE('',#6865);
#6865 = AXIS2_PLACEMENT_3D('',#6866,#6867,#6868);
#6866 = CARTESIAN_POINT('',(-1.25,-1.15,0.));
#6867 = DIRECTION('',(1.,9.95799250103E-17,0.));
#6868 = DIRECTION('',(0.,-0.,1.));
#6869 = ADVANCED_FACE('',(#6870),#6881,.F.);
#6870 = FACE_BOUND('',#6871,.F.);
#6871 = EDGE_LOOP('',(#6872,#6878,#6879,#6880));
#6872 = ORIENTED_EDGE('',*,*,#6873,.T.);
#6873 = EDGE_CURVE('',#6070,#6244,#6874,.T.);
#6874 = LINE('',#6875,#6876);
#6875 = CARTESIAN_POINT('',(-1.05,-1.15,0.));
#6876 = VECTOR('',#6877,1.);
#6877 = DIRECTION('',(-9.95799250103E-17,1.,0.));
#6878 = ORIENTED_EDGE('',*,*,#6252,.T.);
#6879 = ORIENTED_EDGE('',*,*,#6856,.F.);
#6880 = ORIENTED_EDGE('',*,*,#6078,.F.);
#6881 = PLANE('',#6882);
#6882 = AXIS2_PLACEMENT_3D('',#6883,#6884,#6885);
#6883 = CARTESIAN_POINT('',(-1.05,-1.15,0.));
#6884 = DIRECTION('',(0.,0.,1.));
#6885 = DIRECTION('',(-1.,-9.95799250103E-17,0.));
#6886 = ADVANCED_FACE('',(#6887),#6893,.T.);
#6887 = FACE_BOUND('',#6888,.T.);
#6888 = EDGE_LOOP('',(#6889,#6890,#6891,#6892));
#6889 = ORIENTED_EDGE('',*,*,#6069,.T.);
#6890 = ORIENTED_EDGE('',*,*,#6873,.T.);
#6891 = ORIENTED_EDGE('',*,*,#6243,.F.);
#6892 = ORIENTED_EDGE('',*,*,#6310,.F.);
#6893 = CYLINDRICAL_SURFACE('',#6894,0.25);
#6894 = AXIS2_PLACEMENT_3D('',#6895,#6896,#6897);
#6895 = CARTESIAN_POINT('',(-1.05,-1.15,0.25));
#6896 = DIRECTION('',(9.95799250103E-17,-1.,-0.));
#6897 = DIRECTION('',(1.,9.95799250103E-17,-4.440892098501E-16));
#6898 = ADVANCED_FACE('',(#6899),#6915,.T.);
#6899 = FACE_BOUND('',#6900,.T.);
#6900 = EDGE_LOOP('',(#6901,#6902,#6908,#6909));
#6901 = ORIENTED_EDGE('',*,*,#6385,.T.);
#6902 = ORIENTED_EDGE('',*,*,#6903,.T.);
#6903 = EDGE_CURVE('',#5649,#5550,#6904,.T.);
#6904 = LINE('',#6905,#6906);
#6905 = CARTESIAN_POINT('',(-0.7,0.75,0.725));
#6906 = VECTOR('',#6907,1.);
#6907 = DIRECTION('',(-9.95799250103E-17,1.,0.));
#6908 = ORIENTED_EDGE('',*,*,#6194,.F.);
#6909 = ORIENTED_EDGE('',*,*,#6910,.F.);
#6910 = EDGE_CURVE('',#6378,#6187,#6911,.T.);
#6911 = LINE('',#6912,#6913);
#6912 = CARTESIAN_POINT('',(-0.95,0.75,0.475));
#6913 = VECTOR('',#6914,1.);
#6914 = DIRECTION('',(-9.95799250103E-17,1.,0.));
#6915 = CYLINDRICAL_SURFACE('',#6916,0.25);
#6916 = AXIS2_PLACEMENT_3D('',#6917,#6918,#6919);
#6917 = CARTESIAN_POINT('',(-0.7,0.75,0.475));
#6918 = DIRECTION('',(9.95799250103E-17,-1.,-0.));
#6919 = DIRECTION('',(-1.,-9.95799250103E-17,0.));
#6920 = ADVANCED_FACE('',(#6921),#6932,.F.);
#6921 = FACE_BOUND('',#6922,.F.);
#6922 = EDGE_LOOP('',(#6923,#6929,#6930,#6931));
#6923 = ORIENTED_EDGE('',*,*,#6924,.T.);
#6924 = EDGE_CURVE('',#6369,#6178,#6925,.T.);
#6925 = LINE('',#6926,#6927);
#6926 = CARTESIAN_POINT('',(-0.95,0.75,0.25));
#6927 = VECTOR('',#6928,1.);
#6928 = DIRECTION('',(-9.95799250103E-17,1.,0.));
#6929 = ORIENTED_EDGE('',*,*,#6186,.T.);
#6930 = ORIENTED_EDGE('',*,*,#6910,.F.);
#6931 = ORIENTED_EDGE('',*,*,#6377,.F.);
#6932 = PLANE('',#6933);
#6933 = AXIS2_PLACEMENT_3D('',#6934,#6935,#6936);
#6934 = CARTESIAN_POINT('',(-0.95,0.75,0.25));
#6935 = DIRECTION('',(1.,9.95799250103E-17,0.));
#6936 = DIRECTION('',(0.,-0.,1.));
#6937 = ADVANCED_FACE('',(#6938),#6949,.F.);
#6938 = FACE_BOUND('',#6939,.F.);
#6939 = EDGE_LOOP('',(#6940,#6946,#6947,#6948));
#6940 = ORIENTED_EDGE('',*,*,#6941,.T.);
#6941 = EDGE_CURVE('',#6361,#6170,#6942,.T.);
#6942 = LINE('',#6943,#6944);
#6943 = CARTESIAN_POINT('',(-1.05,0.75,0.15));
#6944 = VECTOR('',#6945,1.);
#6945 = DIRECTION('',(-9.95799250103E-17,1.,0.));
#6946 = ORIENTED_EDGE('',*,*,#6177,.T.);
#6947 = ORIENTED_EDGE('',*,*,#6924,.F.);
#6948 = ORIENTED_EDGE('',*,*,#6368,.F.);
#6949 = CYLINDRICAL_SURFACE('',#6950,0.1);
#6950 = AXIS2_PLACEMENT_3D('',#6951,#6952,#6953);
#6951 = CARTESIAN_POINT('',(-1.05,0.75,0.25));
#6952 = DIRECTION('',(9.95799250103E-17,-1.,0.));
#6953 = DIRECTION('',(2.22044604925E-15,2.211118510737E-31,-1.));
#6954 = ADVANCED_FACE('',(#6955),#6966,.F.);
#6955 = FACE_BOUND('',#6956,.F.);
#6956 = EDGE_LOOP('',(#6957,#6963,#6964,#6965));
#6957 = ORIENTED_EDGE('',*,*,#6958,.T.);
#6958 = EDGE_CURVE('',#6353,#6162,#6959,.T.);
#6959 = LINE('',#6960,#6961);
#6960 = CARTESIAN_POINT('',(-1.25,0.75,0.15));
#6961 = VECTOR('',#6962,1.);
#6962 = DIRECTION('',(-9.95799250103E-17,1.,0.));
#6963 = ORIENTED_EDGE('',*,*,#6169,.T.);
#6964 = ORIENTED_EDGE('',*,*,#6941,.F.);
#6965 = ORIENTED_EDGE('',*,*,#6360,.F.);
#6966 = PLANE('',#6967);
#6967 = AXIS2_PLACEMENT_3D('',#6968,#6969,#6970);
#6968 = CARTESIAN_POINT('',(-1.25,0.75,0.15));
#6969 = DIRECTION('',(-0.,0.,-1.));
#6970 = DIRECTION('',(1.,9.95799250103E-17,0.));
#6971 = ADVANCED_FACE('',(#6972),#6983,.F.);
#6972 = FACE_BOUND('',#6973,.F.);
#6973 = EDGE_LOOP('',(#6974,#6980,#6981,#6982));
#6974 = ORIENTED_EDGE('',*,*,#6975,.T.);
#6975 = EDGE_CURVE('',#6345,#6154,#6976,.T.);
#6976 = LINE('',#6977,#6978);
#6977 = CARTESIAN_POINT('',(-1.25,0.75,0.));
#6978 = VECTOR('',#6979,1.);
#6979 = DIRECTION('',(-9.95799250103E-17,1.,0.));
#6980 = ORIENTED_EDGE('',*,*,#6161,.T.);
#6981 = ORIENTED_EDGE('',*,*,#6958,.F.);
#6982 = ORIENTED_EDGE('',*,*,#6352,.F.);
#6983 = PLANE('',#6984);
#6984 = AXIS2_PLACEMENT_3D('',#6985,#6986,#6987);
#6985 = CARTESIAN_POINT('',(-1.25,0.75,0.));
#6986 = DIRECTION('',(1.,9.95799250103E-17,0.));
#6987 = DIRECTION('',(0.,-0.,1.));
#6988 = ADVANCED_FACE('',(#6989),#7000,.F.);
#6989 = FACE_BOUND('',#6990,.F.);
#6990 = EDGE_LOOP('',(#6991,#6997,#6998,#6999));
#6991 = ORIENTED_EDGE('',*,*,#6992,.T.);
#6992 = EDGE_CURVE('',#6336,#6145,#6993,.T.);
#6993 = LINE('',#6994,#6995);
#6994 = CARTESIAN_POINT('',(-1.05,0.75,0.));
#6995 = VECTOR('',#6996,1.);
#6996 = DIRECTION('',(-9.95799250103E-17,1.,0.));
#6997 = ORIENTED_EDGE('',*,*,#6153,.T.);
#6998 = ORIENTED_EDGE('',*,*,#6975,.F.);
#6999 = ORIENTED_EDGE('',*,*,#6344,.F.);
#7000 = PLANE('',#7001);
#7001 = AXIS2_PLACEMENT_3D('',#7002,#7003,#7004);
#7002 = CARTESIAN_POINT('',(-1.05,0.75,0.));
#7003 = DIRECTION('',(0.,0.,1.));
#7004 = DIRECTION('',(-1.,-9.95799250103E-17,0.));
#7005 = ADVANCED_FACE('',(#7006),#7012,.T.);
#7006 = FACE_BOUND('',#7007,.T.);
#7007 = EDGE_LOOP('',(#7008,#7009,#7010,#7011));
#7008 = ORIENTED_EDGE('',*,*,#6335,.T.);
#7009 = ORIENTED_EDGE('',*,*,#6992,.T.);
#7010 = ORIENTED_EDGE('',*,*,#6144,.F.);
#7011 = ORIENTED_EDGE('',*,*,#6402,.F.);
#7012 = CYLINDRICAL_SURFACE('',#7013,0.25);
#7013 = AXIS2_PLACEMENT_3D('',#7014,#7015,#7016);
#7014 = CARTESIAN_POINT('',(-1.05,0.75,0.25));
#7015 = DIRECTION('',(9.95799250103E-17,-1.,-0.));
#7016 = DIRECTION('',(1.,9.95799250103E-17,-4.440892098501E-16));
#7017 = ADVANCED_FACE('',(#7018),#7024,.F.);
#7018 = FACE_BOUND('',#7019,.F.);
#7019 = EDGE_LOOP('',(#7020,#7021,#7022,#7023));
#7020 = ORIENTED_EDGE('',*,*,#6426,.F.);
#7021 = ORIENTED_EDGE('',*,*,#6903,.T.);
#7022 = ORIENTED_EDGE('',*,*,#6209,.T.);
#7023 = ORIENTED_EDGE('',*,*,#6753,.F.);
#7024 = PLANE('',#7025);
#7025 = AXIS2_PLACEMENT_3D('',#7026,#7027,#7028);
#7026 = CARTESIAN_POINT('',(-0.7,0.75,0.725));
#7027 = DIRECTION('',(-0.,0.,-1.));
#7028 = DIRECTION('',(1.,9.95799250103E-17,0.));
#7029 = ( GEOMETRIC_REPRESENTATION_CONTEXT(3) 
GLOBAL_UNCERTAINTY_ASSIGNED_CONTEXT((#7033)) 
GLOBAL_UNIT_ASSIGNED_CONTEXT((#7030,#7031,#7032)) REPRESENTATION_CONTEXT
('Context #1','3D Context with UNIT and UNCERTAINTY') );
#7030 = ( LENGTH_UNIT() NAMED_UNIT(*) SI_UNIT(.MILLI.,.METRE.) );
#7031 = ( NAMED_UNIT(*) PLANE_ANGLE_UNIT() SI_UNIT($,.RADIAN.) );
#7032 = ( NAMED_UNIT(*) SI_UNIT($,.STERADIAN.) SOLID_ANGLE_UNIT() );
#7033 = UNCERTAINTY_MEASURE_WITH_UNIT(LENGTH_MEASURE(2.E-06),#7030,
  'distance_accuracy_value','confusion accuracy');
#7034 = CONTEXT_DEPENDENT_SHAPE_REPRESENTATION(#7035,#7037);
#7035 = ( REPRESENTATION_RELATIONSHIP('','',#4954,#10) 
REPRESENTATION_RELATIONSHIP_WITH_TRANSFORMATION(#7036) 
SHAPE_REPRESENTATION_RELATIONSHIP() );
#7036 = ITEM_DEFINED_TRANSFORMATION('','',#11,#31);
#7037 = PRODUCT_DEFINITION_SHAPE('Placement','Placement of an item',
  #7038);
#7038 = NEXT_ASSEMBLY_USAGE_OCCURRENCE('5','Q3','',#5,#4949,$);
#7039 = PRODUCT_RELATED_PRODUCT_CATEGORY('part',$,(#4951));
#7040 = SHAPE_DEFINITION_REPRESENTATION(#7041,#7047);
#7041 = PRODUCT_DEFINITION_SHAPE('','',#7042);
#7042 = PRODUCT_DEFINITION('design','',#7043,#7046);
#7043 = PRODUCT_DEFINITION_FORMATION('','',#7044);
#7044 = PRODUCT('R_1206_3216Metric','R_1206_3216Metric','',(#7045));
#7045 = PRODUCT_CONTEXT('',#2,'mechanical');
#7046 = PRODUCT_DEFINITION_CONTEXT('part definition',#2,'design');
#7047 = ADVANCED_BREP_SHAPE_REPRESENTATION('',(#11,#7048),#7838);
#7048 = MANIFOLD_SOLID_BREP('',#7049);
#7049 = CLOSED_SHELL('',(#7050,#7090,#7173,#7198,#7223,#7290,#7307,#7324
    ,#7373,#7390,#7407,#7456,#7473,#7542,#7573,#7597,#7666,#7690,#7707,
    #7724,#7741,#7758,#7775,#7792,#7809,#7826));
#7050 = ADVANCED_FACE('',(#7051),#7085,.F.);
#7051 = FACE_BOUND('',#7052,.F.);
#7052 = EDGE_LOOP('',(#7053,#7063,#7071,#7079));
#7053 = ORIENTED_EDGE('',*,*,#7054,.F.);
#7054 = EDGE_CURVE('',#7055,#7057,#7059,.T.);
#7055 = VERTEX_POINT('',#7056);
#7056 = CARTESIAN_POINT('',(-1.6,-0.8,5.5E-02));
#7057 = VERTEX_POINT('',#7058);
#7058 = CARTESIAN_POINT('',(-1.6,-0.8,0.495));
#7059 = LINE('',#7060,#7061);
#7060 = CARTESIAN_POINT('',(-1.6,-0.8,0.));
#7061 = VECTOR('',#7062,1.);
#7062 = DIRECTION('',(0.,0.,1.));
#7063 = ORIENTED_EDGE('',*,*,#7064,.T.);
#7064 = EDGE_CURVE('',#7055,#7065,#7067,.T.);
#7065 = VERTEX_POINT('',#7066);
#7066 = CARTESIAN_POINT('',(-1.6,0.8,5.5E-02));
#7067 = LINE('',#7068,#7069);
#7068 = CARTESIAN_POINT('',(-1.6,-0.8,5.5E-02));
#7069 = VECTOR('',#7070,1.);
#7070 = DIRECTION('',(0.,1.,0.));
#7071 = ORIENTED_EDGE('',*,*,#7072,.T.);
#7072 = EDGE_CURVE('',#7065,#7073,#7075,.T.);
#7073 = VERTEX_POINT('',#7074);
#7074 = CARTESIAN_POINT('',(-1.6,0.8,0.495));
#7075 = LINE('',#7076,#7077);
#7076 = CARTESIAN_POINT('',(-1.6,0.8,0.));
#7077 = VECTOR('',#7078,1.);
#7078 = DIRECTION('',(0.,0.,1.));
#7079 = ORIENTED_EDGE('',*,*,#7080,.F.);
#7080 = EDGE_CURVE('',#7057,#7073,#7081,.T.);
#7081 = LINE('',#7082,#7083);
#7082 = CARTESIAN_POINT('',(-1.6,-0.8,0.495));
#7083 = VECTOR('',#7084,1.);
#7084 = DIRECTION('',(0.,1.,0.));
#7085 = PLANE('',#7086);
#7086 = AXIS2_PLACEMENT_3D('',#7087,#7088,#7089);
#7087 = CARTESIAN_POINT('',(-1.6,-0.8,0.));
#7088 = DIRECTION('',(1.,0.,0.));
#7089 = DIRECTION('',(0.,0.,1.));
#7090 = ADVANCED_FACE('',(#7091),#7168,.F.);
#7091 = FACE_BOUND('',#7092,.F.);
#7092 = EDGE_LOOP('',(#7093,#7103,#7110,#7111,#7120,#7128,#7137,#7145,
    #7153,#7161));
#7093 = ORIENTED_EDGE('',*,*,#7094,.F.);
#7094 = EDGE_CURVE('',#7095,#7097,#7099,.T.);
#7095 = VERTEX_POINT('',#7096);
#7096 = CARTESIAN_POINT('',(-1.545,-0.8,0.));
#7097 = VERTEX_POINT('',#7098);
#7098 = CARTESIAN_POINT('',(-1.255,-0.8,0.));
#7099 = LINE('',#7100,#7101);
#7100 = CARTESIAN_POINT('',(-1.6,-0.8,0.));
#7101 = VECTOR('',#7102,1.);
#7102 = DIRECTION('',(1.,0.,0.));
#7103 = ORIENTED_EDGE('',*,*,#7104,.F.);
#7104 = EDGE_CURVE('',#7055,#7095,#7105,.T.);
#7105 = CIRCLE('',#7106,5.5E-02);
#7106 = AXIS2_PLACEMENT_3D('',#7107,#7108,#7109);
#7107 = CARTESIAN_POINT('',(-1.545,-0.8,5.5E-02));
#7108 = DIRECTION('',(0.,-1.,0.));
#7109 = DIRECTION('',(0.,0.,1.));
#7110 = ORIENTED_EDGE('',*,*,#7054,.T.);
#7111 = ORIENTED_EDGE('',*,*,#7112,.T.);
#7112 = EDGE_CURVE('',#7057,#7113,#7115,.T.);
#7113 = VERTEX_POINT('',#7114);
#7114 = CARTESIAN_POINT('',(-1.545,-0.8,0.55));
#7115 = CIRCLE('',#7116,5.5E-02);
#7116 = AXIS2_PLACEMENT_3D('',#7117,#7118,#7119);
#7117 = CARTESIAN_POINT('',(-1.545,-0.8,0.495));
#7118 = DIRECTION('',(0.,1.,0.));
#7119 = DIRECTION('',(0.,-0.,1.));
#7120 = ORIENTED_EDGE('',*,*,#7121,.T.);
#7121 = EDGE_CURVE('',#7113,#7122,#7124,.T.);
#7122 = VERTEX_POINT('',#7123);
#7123 = CARTESIAN_POINT('',(-1.255,-0.8,0.55));
#7124 = LINE('',#7125,#7126);
#7125 = CARTESIAN_POINT('',(-1.6,-0.8,0.55));
#7126 = VECTOR('',#7127,1.);
#7127 = DIRECTION('',(1.,0.,0.));
#7128 = ORIENTED_EDGE('',*,*,#7129,.F.);
#7129 = EDGE_CURVE('',#7130,#7122,#7132,.T.);
#7130 = VERTEX_POINT('',#7131);
#7131 = CARTESIAN_POINT('',(-1.2,-0.8,0.495));
#7132 = CIRCLE('',#7133,5.5E-02);
#7133 = AXIS2_PLACEMENT_3D('',#7134,#7135,#7136);
#7134 = CARTESIAN_POINT('',(-1.255,-0.8,0.495));
#7135 = DIRECTION('',(0.,-1.,0.));
#7136 = DIRECTION('',(0.,0.,1.));
#7137 = ORIENTED_EDGE('',*,*,#7138,.F.);
#7138 = EDGE_CURVE('',#7139,#7130,#7141,.T.);
#7139 = VERTEX_POINT('',#7140);
#7140 = CARTESIAN_POINT('',(-1.545,-0.8,0.495));
#7141 = LINE('',#7142,#7143);
#7142 = CARTESIAN_POINT('',(-1.545,-0.8,0.495));
#7143 = VECTOR('',#7144,1.);
#7144 = DIRECTION('',(1.,0.,0.));
#7145 = ORIENTED_EDGE('',*,*,#7146,.F.);
#7146 = EDGE_CURVE('',#7147,#7139,#7149,.T.);
#7147 = VERTEX_POINT('',#7148);
#7148 = CARTESIAN_POINT('',(-1.545,-0.8,5.5E-02));
#7149 = LINE('',#7150,#7151);
#7150 = CARTESIAN_POINT('',(-1.545,-0.8,5.5E-02));
#7151 = VECTOR('',#7152,1.);
#7152 = DIRECTION('',(0.,0.,1.));
#7153 = ORIENTED_EDGE('',*,*,#7154,.T.);
#7154 = EDGE_CURVE('',#7147,#7155,#7157,.T.);
#7155 = VERTEX_POINT('',#7156);
#7156 = CARTESIAN_POINT('',(-1.2,-0.8,5.5E-02));
#7157 = LINE('',#7158,#7159);
#7158 = CARTESIAN_POINT('',(-1.545,-0.8,5.5E-02));
#7159 = VECTOR('',#7160,1.);
#7160 = DIRECTION('',(1.,0.,0.));
#7161 = ORIENTED_EDGE('',*,*,#7162,.T.);
#7162 = EDGE_CURVE('',#7155,#7097,#7163,.T.);
#7163 = CIRCLE('',#7164,5.5E-02);
#7164 = AXIS2_PLACEMENT_3D('',#7165,#7166,#7167);
#7165 = CARTESIAN_POINT('',(-1.255,-0.8,5.5E-02));
#7166 = DIRECTION('',(0.,1.,0.));
#7167 = DIRECTION('',(0.,-0.,1.));
#7168 = PLANE('',#7169);
#7169 = AXIS2_PLACEMENT_3D('',#7170,#7171,#7172);
#7170 = CARTESIAN_POINT('',(-1.6,-0.8,0.));
#7171 = DIRECTION('',(0.,1.,0.));
#7172 = DIRECTION('',(0.,-0.,1.));
#7173 = ADVANCED_FACE('',(#7174),#7193,.T.);
#7174 = FACE_BOUND('',#7175,.T.);
#7175 = EDGE_LOOP('',(#7176,#7177,#7186,#7192));
#7176 = ORIENTED_EDGE('',*,*,#7064,.T.);
#7177 = ORIENTED_EDGE('',*,*,#7178,.T.);
#7178 = EDGE_CURVE('',#7065,#7179,#7181,.T.);
#7179 = VERTEX_POINT('',#7180);
#7180 = CARTESIAN_POINT('',(-1.545,0.8,0.));
#7181 = CIRCLE('',#7182,5.5E-02);
#7182 = AXIS2_PLACEMENT_3D('',#7183,#7184,#7185);
#7183 = CARTESIAN_POINT('',(-1.545,0.8,5.5E-02));
#7184 = DIRECTION('',(0.,-1.,0.));
#7185 = DIRECTION('',(0.,0.,1.));
#7186 = ORIENTED_EDGE('',*,*,#7187,.F.);
#7187 = EDGE_CURVE('',#7095,#7179,#7188,.T.);
#7188 = LINE('',#7189,#7190);
#7189 = CARTESIAN_POINT('',(-1.545,-0.8,0.));
#7190 = VECTOR('',#7191,1.);
#7191 = DIRECTION('',(0.,1.,0.));
#7192 = ORIENTED_EDGE('',*,*,#7104,.F.);
#7193 = CYLINDRICAL_SURFACE('',#7194,5.5E-02);
#7194 = AXIS2_PLACEMENT_3D('',#7195,#7196,#7197);
#7195 = CARTESIAN_POINT('',(-1.545,-0.8,5.5E-02));
#7196 = DIRECTION('',(0.,1.,0.));
#7197 = DIRECTION('',(-1.,0.,0.));
#7198 = ADVANCED_FACE('',(#7199),#7218,.T.);
#7199 = FACE_BOUND('',#7200,.T.);
#7200 = EDGE_LOOP('',(#7201,#7202,#7210,#7217));
#7201 = ORIENTED_EDGE('',*,*,#7112,.T.);
#7202 = ORIENTED_EDGE('',*,*,#7203,.T.);
#7203 = EDGE_CURVE('',#7113,#7204,#7206,.T.);
#7204 = VERTEX_POINT('',#7205);
#7205 = CARTESIAN_POINT('',(-1.545,0.8,0.55));
#7206 = LINE('',#7207,#7208);
#7207 = CARTESIAN_POINT('',(-1.545,-0.8,0.55));
#7208 = VECTOR('',#7209,1.);
#7209 = DIRECTION('',(0.,1.,0.));
#7210 = ORIENTED_EDGE('',*,*,#7211,.F.);
#7211 = EDGE_CURVE('',#7073,#7204,#7212,.T.);
#7212 = CIRCLE('',#7213,5.5E-02);
#7213 = AXIS2_PLACEMENT_3D('',#7214,#7215,#7216);
#7214 = CARTESIAN_POINT('',(-1.545,0.8,0.495));
#7215 = DIRECTION('',(0.,1.,0.));
#7216 = DIRECTION('',(0.,-0.,1.));
#7217 = ORIENTED_EDGE('',*,*,#7080,.F.);
#7218 = CYLINDRICAL_SURFACE('',#7219,5.5E-02);
#7219 = AXIS2_PLACEMENT_3D('',#7220,#7221,#7222);
#7220 = CARTESIAN_POINT('',(-1.545,-0.8,0.495));
#7221 = DIRECTION('',(0.,1.,0.));
#7222 = DIRECTION('',(-1.,0.,0.));
#7223 = ADVANCED_FACE('',(#7224),#7285,.T.);
#7224 = FACE_BOUND('',#7225,.T.);
#7225 = EDGE_LOOP('',(#7226,#7234,#7235,#7236,#7237,#7245,#7254,#7262,
    #7270,#7278));
#7226 = ORIENTED_EDGE('',*,*,#7227,.F.);
#7227 = EDGE_CURVE('',#7179,#7228,#7230,.T.);
#7228 = VERTEX_POINT('',#7229);
#7229 = CARTESIAN_POINT('',(-1.255,0.8,0.));
#7230 = LINE('',#7231,#7232);
#7231 = CARTESIAN_POINT('',(-1.6,0.8,0.));
#7232 = VECTOR('',#7233,1.);
#7233 = DIRECTION('',(1.,0.,0.));
#7234 = ORIENTED_EDGE('',*,*,#7178,.F.);
#7235 = ORIENTED_EDGE('',*,*,#7072,.T.);
#7236 = ORIENTED_EDGE('',*,*,#7211,.T.);
#7237 = ORIENTED_EDGE('',*,*,#7238,.T.);
#7238 = EDGE_CURVE('',#7204,#7239,#7241,.T.);
#7239 = VERTEX_POINT('',#7240);
#7240 = CARTESIAN_POINT('',(-1.255,0.8,0.55));
#7241 = LINE('',#7242,#7243);
#7242 = CARTESIAN_POINT('',(-1.6,0.8,0.55));
#7243 = VECTOR('',#7244,1.);
#7244 = DIRECTION('',(1.,0.,0.));
#7245 = ORIENTED_EDGE('',*,*,#7246,.F.);
#7246 = EDGE_CURVE('',#7247,#7239,#7249,.T.);
#7247 = VERTEX_POINT('',#7248);
#7248 = CARTESIAN_POINT('',(-1.2,0.8,0.495));
#7249 = CIRCLE('',#7250,5.5E-02);
#7250 = AXIS2_PLACEMENT_3D('',#7251,#7252,#7253);
#7251 = CARTESIAN_POINT('',(-1.255,0.8,0.495));
#7252 = DIRECTION('',(0.,-1.,0.));
#7253 = DIRECTION('',(0.,0.,1.));
#7254 = ORIENTED_EDGE('',*,*,#7255,.F.);
#7255 = EDGE_CURVE('',#7256,#7247,#7258,.T.);
#7256 = VERTEX_POINT('',#7257);
#7257 = CARTESIAN_POINT('',(-1.545,0.8,0.495));
#7258 = LINE('',#7259,#7260);
#7259 = CARTESIAN_POINT('',(-1.545,0.8,0.495));
#7260 = VECTOR('',#7261,1.);
#7261 = DIRECTION('',(1.,0.,0.));
#7262 = ORIENTED_EDGE('',*,*,#7263,.F.);
#7263 = EDGE_CURVE('',#7264,#7256,#7266,.T.);
#7264 = VERTEX_POINT('',#7265);
#7265 = CARTESIAN_POINT('',(-1.545,0.8,5.5E-02));
#7266 = LINE('',#7267,#7268);
#7267 = CARTESIAN_POINT('',(-1.545,0.8,5.5E-02));
#7268 = VECTOR('',#7269,1.);
#7269 = DIRECTION('',(0.,0.,1.));
#7270 = ORIENTED_EDGE('',*,*,#7271,.T.);
#7271 = EDGE_CURVE('',#7264,#7272,#7274,.T.);
#7272 = VERTEX_POINT('',#7273);
#7273 = CARTESIAN_POINT('',(-1.2,0.8,5.5E-02));
#7274 = LINE('',#7275,#7276);
#7275 = CARTESIAN_POINT('',(-1.545,0.8,5.5E-02));
#7276 = VECTOR('',#7277,1.);
#7277 = DIRECTION('',(1.,0.,0.));
#7278 = ORIENTED_EDGE('',*,*,#7279,.T.);
#7279 = EDGE_CURVE('',#7272,#7228,#7280,.T.);
#7280 = CIRCLE('',#7281,5.5E-02);
#7281 = AXIS2_PLACEMENT_3D('',#7282,#7283,#7284);
#7282 = CARTESIAN_POINT('',(-1.255,0.8,5.5E-02));
#7283 = DIRECTION('',(0.,1.,0.));
#7284 = DIRECTION('',(0.,-0.,1.));
#7285 = PLANE('',#7286);
#7286 = AXIS2_PLACEMENT_3D('',#7287,#7288,#7289);
#7287 = CARTESIAN_POINT('',(-1.6,0.8,0.));
#7288 = DIRECTION('',(0.,1.,0.));
#7289 = DIRECTION('',(0.,-0.,1.));
#7290 = ADVANCED_FACE('',(#7291),#7302,.F.);
#7291 = FACE_BOUND('',#7292,.F.);
#7292 = EDGE_LOOP('',(#7293,#7294,#7295,#7296));
#7293 = ORIENTED_EDGE('',*,*,#7227,.F.);
#7294 = ORIENTED_EDGE('',*,*,#7187,.F.);
#7295 = ORIENTED_EDGE('',*,*,#7094,.T.);
#7296 = ORIENTED_EDGE('',*,*,#7297,.T.);
#7297 = EDGE_CURVE('',#7097,#7228,#7298,.T.);
#7298 = LINE('',#7299,#7300);
#7299 = CARTESIAN_POINT('',(-1.255,-0.8,0.));
#7300 = VECTOR('',#7301,1.);
#7301 = DIRECTION('',(0.,1.,0.));
#7302 = PLANE('',#7303);
#7303 = AXIS2_PLACEMENT_3D('',#7304,#7305,#7306);
#7304 = CARTESIAN_POINT('',(-1.6,-0.8,0.));
#7305 = DIRECTION('',(0.,0.,1.));
#7306 = DIRECTION('',(1.,0.,-0.));
#7307 = ADVANCED_FACE('',(#7308),#7319,.T.);
#7308 = FACE_BOUND('',#7309,.T.);
#7309 = EDGE_LOOP('',(#7310,#7311,#7312,#7313));
#7310 = ORIENTED_EDGE('',*,*,#7162,.T.);
#7311 = ORIENTED_EDGE('',*,*,#7297,.T.);
#7312 = ORIENTED_EDGE('',*,*,#7279,.F.);
#7313 = ORIENTED_EDGE('',*,*,#7314,.F.);
#7314 = EDGE_CURVE('',#7155,#7272,#7315,.T.);
#7315 = LINE('',#7316,#7317);
#7316 = CARTESIAN_POINT('',(-1.2,-0.8,5.5E-02));
#7317 = VECTOR('',#7318,1.);
#7318 = DIRECTION('',(0.,1.,0.));
#7319 = CYLINDRICAL_SURFACE('',#7320,5.5E-02);
#7320 = AXIS2_PLACEMENT_3D('',#7321,#7322,#7323);
#7321 = CARTESIAN_POINT('',(-1.255,-0.8,5.5E-02));
#7322 = DIRECTION('',(0.,1.,0.));
#7323 = DIRECTION('',(1.,0.,0.));
#7324 = ADVANCED_FACE('',(#7325),#7368,.F.);
#7325 = FACE_BOUND('',#7326,.F.);
#7326 = EDGE_LOOP('',(#7327,#7328,#7329,#7330,#7338,#7346,#7354,#7362));
#7327 = ORIENTED_EDGE('',*,*,#7154,.F.);
#7328 = ORIENTED_EDGE('',*,*,#7146,.T.);
#7329 = ORIENTED_EDGE('',*,*,#7138,.T.);
#7330 = ORIENTED_EDGE('',*,*,#7331,.T.);
#7331 = EDGE_CURVE('',#7130,#7332,#7334,.T.);
#7332 = VERTEX_POINT('',#7333);
#7333 = CARTESIAN_POINT('',(1.2,-0.8,0.495));
#7334 = LINE('',#7335,#7336);
#7335 = CARTESIAN_POINT('',(-1.2,-0.8,0.495));
#7336 = VECTOR('',#7337,1.);
#7337 = DIRECTION('',(1.,0.,0.));
#7338 = ORIENTED_EDGE('',*,*,#7339,.T.);
#7339 = EDGE_CURVE('',#7332,#7340,#7342,.T.);
#7340 = VERTEX_POINT('',#7341);
#7341 = CARTESIAN_POINT('',(1.545,-0.8,0.495));
#7342 = LINE('',#7343,#7344);
#7343 = CARTESIAN_POINT('',(-1.545,-0.8,0.495));
#7344 = VECTOR('',#7345,1.);
#7345 = DIRECTION('',(1.,0.,0.));
#7346 = ORIENTED_EDGE('',*,*,#7347,.F.);
#7347 = EDGE_CURVE('',#7348,#7340,#7350,.T.);
#7348 = VERTEX_POINT('',#7349);
#7349 = CARTESIAN_POINT('',(1.545,-0.8,5.5E-02));
#7350 = LINE('',#7351,#7352);
#7351 = CARTESIAN_POINT('',(1.545,-0.8,5.5E-02));
#7352 = VECTOR('',#7353,1.);
#7353 = DIRECTION('',(0.,0.,1.));
#7354 = ORIENTED_EDGE('',*,*,#7355,.F.);
#7355 = EDGE_CURVE('',#7356,#7348,#7358,.T.);
#7356 = VERTEX_POINT('',#7357);
#7357 = CARTESIAN_POINT('',(1.2,-0.8,5.5E-02));
#7358 = LINE('',#7359,#7360);
#7359 = CARTESIAN_POINT('',(-1.545,-0.8,5.5E-02));
#7360 = VECTOR('',#7361,1.);
#7361 = DIRECTION('',(1.,0.,0.));
#7362 = ORIENTED_EDGE('',*,*,#7363,.F.);
#7363 = EDGE_CURVE('',#7155,#7356,#7364,.T.);
#7364 = LINE('',#7365,#7366);
#7365 = CARTESIAN_POINT('',(-1.545,-0.8,5.5E-02));
#7366 = VECTOR('',#7367,1.);
#7367 = DIRECTION('',(1.,0.,0.));
#7368 = PLANE('',#7369);
#7369 = AXIS2_PLACEMENT_3D('',#7370,#7371,#7372);
#7370 = CARTESIAN_POINT('',(-1.545,-0.8,5.5E-02));
#7371 = DIRECTION('',(0.,1.,0.));
#7372 = DIRECTION('',(0.,-0.,1.));
#7373 = ADVANCED_FACE('',(#7374),#7385,.T.);
#7374 = FACE_BOUND('',#7375,.T.);
#7375 = EDGE_LOOP('',(#7376,#7377,#7378,#7379));
#7376 = ORIENTED_EDGE('',*,*,#7238,.F.);
#7377 = ORIENTED_EDGE('',*,*,#7203,.F.);
#7378 = ORIENTED_EDGE('',*,*,#7121,.T.);
#7379 = ORIENTED_EDGE('',*,*,#7380,.T.);
#7380 = EDGE_CURVE('',#7122,#7239,#7381,.T.);
#7381 = LINE('',#7382,#7383);
#7382 = CARTESIAN_POINT('',(-1.255,-0.8,0.55));
#7383 = VECTOR('',#7384,1.);
#7384 = DIRECTION('',(0.,1.,0.));
#7385 = PLANE('',#7386);
#7386 = AXIS2_PLACEMENT_3D('',#7387,#7388,#7389);
#7387 = CARTESIAN_POINT('',(-1.6,-0.8,0.55));
#7388 = DIRECTION('',(0.,0.,1.));
#7389 = DIRECTION('',(1.,0.,-0.));
#7390 = ADVANCED_FACE('',(#7391),#7402,.T.);
#7391 = FACE_BOUND('',#7392,.T.);
#7392 = EDGE_LOOP('',(#7393,#7399,#7400,#7401));
#7393 = ORIENTED_EDGE('',*,*,#7394,.T.);
#7394 = EDGE_CURVE('',#7130,#7247,#7395,.T.);
#7395 = LINE('',#7396,#7397);
#7396 = CARTESIAN_POINT('',(-1.2,-0.8,0.495));
#7397 = VECTOR('',#7398,1.);
#7398 = DIRECTION('',(0.,1.,0.));
#7399 = ORIENTED_EDGE('',*,*,#7246,.T.);
#7400 = ORIENTED_EDGE('',*,*,#7380,.F.);
#7401 = ORIENTED_EDGE('',*,*,#7129,.F.);
#7402 = CYLINDRICAL_SURFACE('',#7403,5.5E-02);
#7403 = AXIS2_PLACEMENT_3D('',#7404,#7405,#7406);
#7404 = CARTESIAN_POINT('',(-1.255,-0.8,0.495));
#7405 = DIRECTION('',(0.,1.,0.));
#7406 = DIRECTION('',(1.,0.,0.));
#7407 = ADVANCED_FACE('',(#7408),#7451,.T.);
#7408 = FACE_BOUND('',#7409,.T.);
#7409 = EDGE_LOOP('',(#7410,#7411,#7412,#7413,#7421,#7429,#7437,#7445));
#7410 = ORIENTED_EDGE('',*,*,#7271,.F.);
#7411 = ORIENTED_EDGE('',*,*,#7263,.T.);
#7412 = ORIENTED_EDGE('',*,*,#7255,.T.);
#7413 = ORIENTED_EDGE('',*,*,#7414,.T.);
#7414 = EDGE_CURVE('',#7247,#7415,#7417,.T.);
#7415 = VERTEX_POINT('',#7416);
#7416 = CARTESIAN_POINT('',(1.2,0.8,0.495));
#7417 = LINE('',#7418,#7419);
#7418 = CARTESIAN_POINT('',(-1.2,0.8,0.495));
#7419 = VECTOR('',#7420,1.);
#7420 = DIRECTION('',(1.,0.,0.));
#7421 = ORIENTED_EDGE('',*,*,#7422,.T.);
#7422 = EDGE_CURVE('',#7415,#7423,#7425,.T.);
#7423 = VERTEX_POINT('',#7424);
#7424 = CARTESIAN_POINT('',(1.545,0.8,0.495));
#7425 = LINE('',#7426,#7427);
#7426 = CARTESIAN_POINT('',(-1.545,0.8,0.495));
#7427 = VECTOR('',#7428,1.);
#7428 = DIRECTION('',(1.,0.,0.));
#7429 = ORIENTED_EDGE('',*,*,#7430,.F.);
#7430 = EDGE_CURVE('',#7431,#7423,#7433,.T.);
#7431 = VERTEX_POINT('',#7432);
#7432 = CARTESIAN_POINT('',(1.545,0.8,5.5E-02));
#7433 = LINE('',#7434,#7435);
#7434 = CARTESIAN_POINT('',(1.545,0.8,5.5E-02));
#7435 = VECTOR('',#7436,1.);
#7436 = DIRECTION('',(0.,0.,1.));
#7437 = ORIENTED_EDGE('',*,*,#7438,.F.);
#7438 = EDGE_CURVE('',#7439,#7431,#7441,.T.);
#7439 = VERTEX_POINT('',#7440);
#7440 = CARTESIAN_POINT('',(1.2,0.8,5.5E-02));
#7441 = LINE('',#7442,#7443);
#7442 = CARTESIAN_POINT('',(-1.545,0.8,5.5E-02));
#7443 = VECTOR('',#7444,1.);
#7444 = DIRECTION('',(1.,0.,0.));
#7445 = ORIENTED_EDGE('',*,*,#7446,.F.);
#7446 = EDGE_CURVE('',#7272,#7439,#7447,.T.);
#7447 = LINE('',#7448,#7449);
#7448 = CARTESIAN_POINT('',(-1.545,0.8,5.5E-02));
#7449 = VECTOR('',#7450,1.);
#7450 = DIRECTION('',(1.,0.,0.));
#7451 = PLANE('',#7452);
#7452 = AXIS2_PLACEMENT_3D('',#7453,#7454,#7455);
#7453 = CARTESIAN_POINT('',(-1.545,0.8,5.5E-02));
#7454 = DIRECTION('',(0.,1.,0.));
#7455 = DIRECTION('',(0.,-0.,1.));
#7456 = ADVANCED_FACE('',(#7457),#7468,.F.);
#7457 = FACE_BOUND('',#7458,.F.);
#7458 = EDGE_LOOP('',(#7459,#7460,#7461,#7467));
#7459 = ORIENTED_EDGE('',*,*,#7314,.F.);
#7460 = ORIENTED_EDGE('',*,*,#7363,.T.);
#7461 = ORIENTED_EDGE('',*,*,#7462,.T.);
#7462 = EDGE_CURVE('',#7356,#7439,#7463,.T.);
#7463 = LINE('',#7464,#7465);
#7464 = CARTESIAN_POINT('',(1.2,-0.8,5.5E-02));
#7465 = VECTOR('',#7466,1.);
#7466 = DIRECTION('',(0.,1.,0.));
#7467 = ORIENTED_EDGE('',*,*,#7446,.F.);
#7468 = PLANE('',#7469);
#7469 = AXIS2_PLACEMENT_3D('',#7470,#7471,#7472);
#7470 = CARTESIAN_POINT('',(-1.545,-0.8,5.5E-02));
#7471 = DIRECTION('',(0.,0.,1.));
#7472 = DIRECTION('',(1.,0.,-0.));
#7473 = ADVANCED_FACE('',(#7474),#7537,.F.);
#7474 = FACE_BOUND('',#7475,.F.);
#7475 = EDGE_LOOP('',(#7476,#7486,#7493,#7494,#7495,#7496,#7505,#7513,
    #7522,#7530));
#7476 = ORIENTED_EDGE('',*,*,#7477,.F.);
#7477 = EDGE_CURVE('',#7478,#7480,#7482,.T.);
#7478 = VERTEX_POINT('',#7479);
#7479 = CARTESIAN_POINT('',(1.255,-0.8,0.));
#7480 = VERTEX_POINT('',#7481);
#7481 = CARTESIAN_POINT('',(1.545,-0.8,0.));
#7482 = LINE('',#7483,#7484);
#7483 = CARTESIAN_POINT('',(1.2,-0.8,0.));
#7484 = VECTOR('',#7485,1.);
#7485 = DIRECTION('',(1.,0.,0.));
#7486 = ORIENTED_EDGE('',*,*,#7487,.F.);
#7487 = EDGE_CURVE('',#7356,#7478,#7488,.T.);
#7488 = CIRCLE('',#7489,5.5E-02);
#7489 = AXIS2_PLACEMENT_3D('',#7490,#7491,#7492);
#7490 = CARTESIAN_POINT('',(1.255,-0.8,5.5E-02));
#7491 = DIRECTION('',(0.,-1.,0.));
#7492 = DIRECTION('',(0.,0.,1.));
#7493 = ORIENTED_EDGE('',*,*,#7355,.T.);
#7494 = ORIENTED_EDGE('',*,*,#7347,.T.);
#7495 = ORIENTED_EDGE('',*,*,#7339,.F.);
#7496 = ORIENTED_EDGE('',*,*,#7497,.T.);
#7497 = EDGE_CURVE('',#7332,#7498,#7500,.T.);
#7498 = VERTEX_POINT('',#7499);
#7499 = CARTESIAN_POINT('',(1.255,-0.8,0.55));
#7500 = CIRCLE('',#7501,5.5E-02);
#7501 = AXIS2_PLACEMENT_3D('',#7502,#7503,#7504);
#7502 = CARTESIAN_POINT('',(1.255,-0.8,0.495));
#7503 = DIRECTION('',(0.,1.,0.));
#7504 = DIRECTION('',(0.,-0.,1.));
#7505 = ORIENTED_EDGE('',*,*,#7506,.T.);
#7506 = EDGE_CURVE('',#7498,#7507,#7509,.T.);
#7507 = VERTEX_POINT('',#7508);
#7508 = CARTESIAN_POINT('',(1.545,-0.8,0.55));
#7509 = LINE('',#7510,#7511);
#7510 = CARTESIAN_POINT('',(1.2,-0.8,0.55));
#7511 = VECTOR('',#7512,1.);
#7512 = DIRECTION('',(1.,0.,0.));
#7513 = ORIENTED_EDGE('',*,*,#7514,.F.);
#7514 = EDGE_CURVE('',#7515,#7507,#7517,.T.);
#7515 = VERTEX_POINT('',#7516);
#7516 = CARTESIAN_POINT('',(1.6,-0.8,0.495));
#7517 = CIRCLE('',#7518,5.5E-02);
#7518 = AXIS2_PLACEMENT_3D('',#7519,#7520,#7521);
#7519 = CARTESIAN_POINT('',(1.545,-0.8,0.495));
#7520 = DIRECTION('',(0.,-1.,0.));
#7521 = DIRECTION('',(0.,0.,1.));
#7522 = ORIENTED_EDGE('',*,*,#7523,.F.);
#7523 = EDGE_CURVE('',#7524,#7515,#7526,.T.);
#7524 = VERTEX_POINT('',#7525);
#7525 = CARTESIAN_POINT('',(1.6,-0.8,5.5E-02));
#7526 = LINE('',#7527,#7528);
#7527 = CARTESIAN_POINT('',(1.6,-0.8,0.));
#7528 = VECTOR('',#7529,1.);
#7529 = DIRECTION('',(0.,0.,1.));
#7530 = ORIENTED_EDGE('',*,*,#7531,.T.);
#7531 = EDGE_CURVE('',#7524,#7480,#7532,.T.);
#7532 = CIRCLE('',#7533,5.5E-02);
#7533 = AXIS2_PLACEMENT_3D('',#7534,#7535,#7536);
#7534 = CARTESIAN_POINT('',(1.545,-0.8,5.5E-02));
#7535 = DIRECTION('',(0.,1.,0.));
#7536 = DIRECTION('',(0.,-0.,1.));
#7537 = PLANE('',#7538);
#7538 = AXIS2_PLACEMENT_3D('',#7539,#7540,#7541);
#7539 = CARTESIAN_POINT('',(1.2,-0.8,0.));
#7540 = DIRECTION('',(0.,1.,0.));
#7541 = DIRECTION('',(0.,-0.,1.));
#7542 = ADVANCED_FACE('',(#7543),#7568,.F.);
#7543 = FACE_BOUND('',#7544,.F.);
#7544 = EDGE_LOOP('',(#7545,#7546,#7554,#7562));
#7545 = ORIENTED_EDGE('',*,*,#7331,.F.);
#7546 = ORIENTED_EDGE('',*,*,#7547,.T.);
#7547 = EDGE_CURVE('',#7130,#7548,#7550,.T.);
#7548 = VERTEX_POINT('',#7549);
#7549 = CARTESIAN_POINT('',(-1.2,-0.8,0.55));
#7550 = LINE('',#7551,#7552);
#7551 = CARTESIAN_POINT('',(-1.2,-0.8,0.495));
#7552 = VECTOR('',#7553,1.);
#7553 = DIRECTION('',(0.,0.,1.));
#7554 = ORIENTED_EDGE('',*,*,#7555,.T.);
#7555 = EDGE_CURVE('',#7548,#7556,#7558,.T.);
#7556 = VERTEX_POINT('',#7557);
#7557 = CARTESIAN_POINT('',(1.2,-0.8,0.55));
#7558 = LINE('',#7559,#7560);
#7559 = CARTESIAN_POINT('',(-1.2,-0.8,0.55));
#7560 = VECTOR('',#7561,1.);
#7561 = DIRECTION('',(1.,0.,0.));
#7562 = ORIENTED_EDGE('',*,*,#7563,.F.);
#7563 = EDGE_CURVE('',#7332,#7556,#7564,.T.);
#7564 = LINE('',#7565,#7566);
#7565 = CARTESIAN_POINT('',(1.2,-0.8,0.495));
#7566 = VECTOR('',#7567,1.);
#7567 = DIRECTION('',(0.,0.,1.));
#7568 = PLANE('',#7569);
#7569 = AXIS2_PLACEMENT_3D('',#7570,#7571,#7572);
#7570 = CARTESIAN_POINT('',(-1.2,-0.8,0.495));
#7571 = DIRECTION('',(0.,1.,0.));
#7572 = DIRECTION('',(0.,-0.,1.));
#7573 = ADVANCED_FACE('',(#7574),#7592,.F.);
#7574 = FACE_BOUND('',#7575,.F.);
#7575 = EDGE_LOOP('',(#7576,#7577,#7578,#7586));
#7576 = ORIENTED_EDGE('',*,*,#7547,.F.);
#7577 = ORIENTED_EDGE('',*,*,#7394,.T.);
#7578 = ORIENTED_EDGE('',*,*,#7579,.T.);
#7579 = EDGE_CURVE('',#7247,#7580,#7582,.T.);
#7580 = VERTEX_POINT('',#7581);
#7581 = CARTESIAN_POINT('',(-1.2,0.8,0.55));
#7582 = LINE('',#7583,#7584);
#7583 = CARTESIAN_POINT('',(-1.2,0.8,0.495));
#7584 = VECTOR('',#7585,1.);
#7585 = DIRECTION('',(0.,0.,1.));
#7586 = ORIENTED_EDGE('',*,*,#7587,.F.);
#7587 = EDGE_CURVE('',#7548,#7580,#7588,.T.);
#7588 = LINE('',#7589,#7590);
#7589 = CARTESIAN_POINT('',(-1.2,-0.8,0.55));
#7590 = VECTOR('',#7591,1.);
#7591 = DIRECTION('',(0.,1.,0.));
#7592 = PLANE('',#7593);
#7593 = AXIS2_PLACEMENT_3D('',#7594,#7595,#7596);
#7594 = CARTESIAN_POINT('',(-1.2,-0.8,0.495));
#7595 = DIRECTION('',(1.,0.,0.));
#7596 = DIRECTION('',(0.,0.,1.));
#7597 = ADVANCED_FACE('',(#7598),#7661,.T.);
#7598 = FACE_BOUND('',#7599,.T.);
#7599 = EDGE_LOOP('',(#7600,#7610,#7617,#7618,#7619,#7620,#7629,#7637,
    #7646,#7654));
#7600 = ORIENTED_EDGE('',*,*,#7601,.F.);
#7601 = EDGE_CURVE('',#7602,#7604,#7606,.T.);
#7602 = VERTEX_POINT('',#7603);
#7603 = CARTESIAN_POINT('',(1.255,0.8,0.));
#7604 = VERTEX_POINT('',#7605);
#7605 = CARTESIAN_POINT('',(1.545,0.8,0.));
#7606 = LINE('',#7607,#7608);
#7607 = CARTESIAN_POINT('',(1.2,0.8,0.));
#7608 = VECTOR('',#7609,1.);
#7609 = DIRECTION('',(1.,0.,0.));
#7610 = ORIENTED_EDGE('',*,*,#7611,.F.);
#7611 = EDGE_CURVE('',#7439,#7602,#7612,.T.);
#7612 = CIRCLE('',#7613,5.5E-02);
#7613 = AXIS2_PLACEMENT_3D('',#7614,#7615,#7616);
#7614 = CARTESIAN_POINT('',(1.255,0.8,5.5E-02));
#7615 = DIRECTION('',(0.,-1.,0.));
#7616 = DIRECTION('',(0.,0.,1.));
#7617 = ORIENTED_EDGE('',*,*,#7438,.T.);
#7618 = ORIENTED_EDGE('',*,*,#7430,.T.);
#7619 = ORIENTED_EDGE('',*,*,#7422,.F.);
#7620 = ORIENTED_EDGE('',*,*,#7621,.T.);
#7621 = EDGE_CURVE('',#7415,#7622,#7624,.T.);
#7622 = VERTEX_POINT('',#7623);
#7623 = CARTESIAN_POINT('',(1.255,0.8,0.55));
#7624 = CIRCLE('',#7625,5.5E-02);
#7625 = AXIS2_PLACEMENT_3D('',#7626,#7627,#7628);
#7626 = CARTESIAN_POINT('',(1.255,0.8,0.495));
#7627 = DIRECTION('',(0.,1.,0.));
#7628 = DIRECTION('',(0.,-0.,1.));
#7629 = ORIENTED_EDGE('',*,*,#7630,.T.);
#7630 = EDGE_CURVE('',#7622,#7631,#7633,.T.);
#7631 = VERTEX_POINT('',#7632);
#7632 = CARTESIAN_POINT('',(1.545,0.8,0.55));
#7633 = LINE('',#7634,#7635);
#7634 = CARTESIAN_POINT('',(1.2,0.8,0.55));
#7635 = VECTOR('',#7636,1.);
#7636 = DIRECTION('',(1.,0.,0.));
#7637 = ORIENTED_EDGE('',*,*,#7638,.F.);
#7638 = EDGE_CURVE('',#7639,#7631,#7641,.T.);
#7639 = VERTEX_POINT('',#7640);
#7640 = CARTESIAN_POINT('',(1.6,0.8,0.495));
#7641 = CIRCLE('',#7642,5.5E-02);
#7642 = AXIS2_PLACEMENT_3D('',#7643,#7644,#7645);
#7643 = CARTESIAN_POINT('',(1.545,0.8,0.495));
#7644 = DIRECTION('',(0.,-1.,0.));
#7645 = DIRECTION('',(0.,0.,1.));
#7646 = ORIENTED_EDGE('',*,*,#7647,.F.);
#7647 = EDGE_CURVE('',#7648,#7639,#7650,.T.);
#7648 = VERTEX_POINT('',#7649);
#7649 = CARTESIAN_POINT('',(1.6,0.8,5.5E-02));
#7650 = LINE('',#7651,#7652);
#7651 = CARTESIAN_POINT('',(1.6,0.8,0.));
#7652 = VECTOR('',#7653,1.);
#7653 = DIRECTION('',(0.,0.,1.));
#7654 = ORIENTED_EDGE('',*,*,#7655,.T.);
#7655 = EDGE_CURVE('',#7648,#7604,#7656,.T.);
#7656 = CIRCLE('',#7657,5.5E-02);
#7657 = AXIS2_PLACEMENT_3D('',#7658,#7659,#7660);
#7658 = CARTESIAN_POINT('',(1.545,0.8,5.5E-02));
#7659 = DIRECTION('',(0.,1.,0.));
#7660 = DIRECTION('',(0.,-0.,1.));
#7661 = PLANE('',#7662);
#7662 = AXIS2_PLACEMENT_3D('',#7663,#7664,#7665);
#7663 = CARTESIAN_POINT('',(1.2,0.8,0.));
#7664 = DIRECTION('',(0.,1.,0.));
#7665 = DIRECTION('',(0.,-0.,1.));
#7666 = ADVANCED_FACE('',(#7667),#7685,.T.);
#7667 = FACE_BOUND('',#7668,.T.);
#7668 = EDGE_LOOP('',(#7669,#7670,#7671,#7679));
#7669 = ORIENTED_EDGE('',*,*,#7414,.F.);
#7670 = ORIENTED_EDGE('',*,*,#7579,.T.);
#7671 = ORIENTED_EDGE('',*,*,#7672,.T.);
#7672 = EDGE_CURVE('',#7580,#7673,#7675,.T.);
#7673 = VERTEX_POINT('',#7674);
#7674 = CARTESIAN_POINT('',(1.2,0.8,0.55));
#7675 = LINE('',#7676,#7677);
#7676 = CARTESIAN_POINT('',(-1.2,0.8,0.55));
#7677 = VECTOR('',#7678,1.);
#7678 = DIRECTION('',(1.,0.,0.));
#7679 = ORIENTED_EDGE('',*,*,#7680,.F.);
#7680 = EDGE_CURVE('',#7415,#7673,#7681,.T.);
#7681 = LINE('',#7682,#7683);
#7682 = CARTESIAN_POINT('',(1.2,0.8,0.495));
#7683 = VECTOR('',#7684,1.);
#7684 = DIRECTION('',(0.,0.,1.));
#7685 = PLANE('',#7686);
#7686 = AXIS2_PLACEMENT_3D('',#7687,#7688,#7689);
#7687 = CARTESIAN_POINT('',(-1.2,0.8,0.495));
#7688 = DIRECTION('',(0.,1.,0.));
#7689 = DIRECTION('',(0.,-0.,1.));
#7690 = ADVANCED_FACE('',(#7691),#7702,.T.);
#7691 = FACE_BOUND('',#7692,.T.);
#7692 = EDGE_LOOP('',(#7693,#7694,#7695,#7701));
#7693 = ORIENTED_EDGE('',*,*,#7462,.T.);
#7694 = ORIENTED_EDGE('',*,*,#7611,.T.);
#7695 = ORIENTED_EDGE('',*,*,#7696,.F.);
#7696 = EDGE_CURVE('',#7478,#7602,#7697,.T.);
#7697 = LINE('',#7698,#7699);
#7698 = CARTESIAN_POINT('',(1.255,-0.8,0.));
#7699 = VECTOR('',#7700,1.);
#7700 = DIRECTION('',(0.,1.,0.));
#7701 = ORIENTED_EDGE('',*,*,#7487,.F.);
#7702 = CYLINDRICAL_SURFACE('',#7703,5.5E-02);
#7703 = AXIS2_PLACEMENT_3D('',#7704,#7705,#7706);
#7704 = CARTESIAN_POINT('',(1.255,-0.8,5.5E-02));
#7705 = DIRECTION('',(0.,1.,0.));
#7706 = DIRECTION('',(-1.,0.,0.));
#7707 = ADVANCED_FACE('',(#7708),#7719,.F.);
#7708 = FACE_BOUND('',#7709,.F.);
#7709 = EDGE_LOOP('',(#7710,#7711,#7712,#7713));
#7710 = ORIENTED_EDGE('',*,*,#7601,.F.);
#7711 = ORIENTED_EDGE('',*,*,#7696,.F.);
#7712 = ORIENTED_EDGE('',*,*,#7477,.T.);
#7713 = ORIENTED_EDGE('',*,*,#7714,.T.);
#7714 = EDGE_CURVE('',#7480,#7604,#7715,.T.);
#7715 = LINE('',#7716,#7717);
#7716 = CARTESIAN_POINT('',(1.545,-0.8,0.));
#7717 = VECTOR('',#7718,1.);
#7718 = DIRECTION('',(0.,1.,0.));
#7719 = PLANE('',#7720);
#7720 = AXIS2_PLACEMENT_3D('',#7721,#7722,#7723);
#7721 = CARTESIAN_POINT('',(1.2,-0.8,0.));
#7722 = DIRECTION('',(0.,0.,1.));
#7723 = DIRECTION('',(1.,0.,-0.));
#7724 = ADVANCED_FACE('',(#7725),#7736,.T.);
#7725 = FACE_BOUND('',#7726,.T.);
#7726 = EDGE_LOOP('',(#7727,#7728,#7729,#7730));
#7727 = ORIENTED_EDGE('',*,*,#7531,.T.);
#7728 = ORIENTED_EDGE('',*,*,#7714,.T.);
#7729 = ORIENTED_EDGE('',*,*,#7655,.F.);
#7730 = ORIENTED_EDGE('',*,*,#7731,.F.);
#7731 = EDGE_CURVE('',#7524,#7648,#7732,.T.);
#7732 = LINE('',#7733,#7734);
#7733 = CARTESIAN_POINT('',(1.6,-0.8,5.5E-02));
#7734 = VECTOR('',#7735,1.);
#7735 = DIRECTION('',(0.,1.,0.));
#7736 = CYLINDRICAL_SURFACE('',#7737,5.5E-02);
#7737 = AXIS2_PLACEMENT_3D('',#7738,#7739,#7740);
#7738 = CARTESIAN_POINT('',(1.545,-0.8,5.5E-02));
#7739 = DIRECTION('',(0.,1.,0.));
#7740 = DIRECTION('',(1.,0.,0.));
#7741 = ADVANCED_FACE('',(#7742),#7753,.T.);
#7742 = FACE_BOUND('',#7743,.T.);
#7743 = EDGE_LOOP('',(#7744,#7745,#7746,#7747));
#7744 = ORIENTED_EDGE('',*,*,#7523,.F.);
#7745 = ORIENTED_EDGE('',*,*,#7731,.T.);
#7746 = ORIENTED_EDGE('',*,*,#7647,.T.);
#7747 = ORIENTED_EDGE('',*,*,#7748,.F.);
#7748 = EDGE_CURVE('',#7515,#7639,#7749,.T.);
#7749 = LINE('',#7750,#7751);
#7750 = CARTESIAN_POINT('',(1.6,-0.8,0.495));
#7751 = VECTOR('',#7752,1.);
#7752 = DIRECTION('',(0.,1.,0.));
#7753 = PLANE('',#7754);
#7754 = AXIS2_PLACEMENT_3D('',#7755,#7756,#7757);
#7755 = CARTESIAN_POINT('',(1.6,-0.8,0.));
#7756 = DIRECTION('',(1.,0.,0.));
#7757 = DIRECTION('',(0.,0.,1.));
#7758 = ADVANCED_FACE('',(#7759),#7770,.T.);
#7759 = FACE_BOUND('',#7760,.T.);
#7760 = EDGE_LOOP('',(#7761,#7762,#7763,#7769));
#7761 = ORIENTED_EDGE('',*,*,#7748,.T.);
#7762 = ORIENTED_EDGE('',*,*,#7638,.T.);
#7763 = ORIENTED_EDGE('',*,*,#7764,.F.);
#7764 = EDGE_CURVE('',#7507,#7631,#7765,.T.);
#7765 = LINE('',#7766,#7767);
#7766 = CARTESIAN_POINT('',(1.545,-0.8,0.55));
#7767 = VECTOR('',#7768,1.);
#7768 = DIRECTION('',(0.,1.,0.));
#7769 = ORIENTED_EDGE('',*,*,#7514,.F.);
#7770 = CYLINDRICAL_SURFACE('',#7771,5.5E-02);
#7771 = AXIS2_PLACEMENT_3D('',#7772,#7773,#7774);
#7772 = CARTESIAN_POINT('',(1.545,-0.8,0.495));
#7773 = DIRECTION('',(0.,1.,0.));
#7774 = DIRECTION('',(1.,0.,0.));
#7775 = ADVANCED_FACE('',(#7776),#7787,.T.);
#7776 = FACE_BOUND('',#7777,.T.);
#7777 = EDGE_LOOP('',(#7778,#7779,#7785,#7786));
#7778 = ORIENTED_EDGE('',*,*,#7630,.F.);
#7779 = ORIENTED_EDGE('',*,*,#7780,.F.);
#7780 = EDGE_CURVE('',#7498,#7622,#7781,.T.);
#7781 = LINE('',#7782,#7783);
#7782 = CARTESIAN_POINT('',(1.255,-0.8,0.55));
#7783 = VECTOR('',#7784,1.);
#7784 = DIRECTION('',(0.,1.,0.));
#7785 = ORIENTED_EDGE('',*,*,#7506,.T.);
#7786 = ORIENTED_EDGE('',*,*,#7764,.T.);
#7787 = PLANE('',#7788);
#7788 = AXIS2_PLACEMENT_3D('',#7789,#7790,#7791);
#7789 = CARTESIAN_POINT('',(1.2,-0.8,0.55));
#7790 = DIRECTION('',(0.,0.,1.));
#7791 = DIRECTION('',(1.,0.,-0.));
#7792 = ADVANCED_FACE('',(#7793),#7804,.T.);
#7793 = FACE_BOUND('',#7794,.T.);
#7794 = EDGE_LOOP('',(#7795,#7796,#7797,#7798));
#7795 = ORIENTED_EDGE('',*,*,#7497,.T.);
#7796 = ORIENTED_EDGE('',*,*,#7780,.T.);
#7797 = ORIENTED_EDGE('',*,*,#7621,.F.);
#7798 = ORIENTED_EDGE('',*,*,#7799,.F.);
#7799 = EDGE_CURVE('',#7332,#7415,#7800,.T.);
#7800 = LINE('',#7801,#7802);
#7801 = CARTESIAN_POINT('',(1.2,-0.8,0.495));
#7802 = VECTOR('',#7803,1.);
#7803 = DIRECTION('',(0.,1.,0.));
#7804 = CYLINDRICAL_SURFACE('',#7805,5.5E-02);
#7805 = AXIS2_PLACEMENT_3D('',#7806,#7807,#7808);
#7806 = CARTESIAN_POINT('',(1.255,-0.8,0.495));
#7807 = DIRECTION('',(0.,1.,0.));
#7808 = DIRECTION('',(-1.,0.,0.));
#7809 = ADVANCED_FACE('',(#7810),#7821,.T.);
#7810 = FACE_BOUND('',#7811,.T.);
#7811 = EDGE_LOOP('',(#7812,#7813,#7814,#7815));
#7812 = ORIENTED_EDGE('',*,*,#7563,.F.);
#7813 = ORIENTED_EDGE('',*,*,#7799,.T.);
#7814 = ORIENTED_EDGE('',*,*,#7680,.T.);
#7815 = ORIENTED_EDGE('',*,*,#7816,.F.);
#7816 = EDGE_CURVE('',#7556,#7673,#7817,.T.);
#7817 = LINE('',#7818,#7819);
#7818 = CARTESIAN_POINT('',(1.2,-0.8,0.55));
#7819 = VECTOR('',#7820,1.);
#7820 = DIRECTION('',(0.,1.,0.));
#7821 = PLANE('',#7822);
#7822 = AXIS2_PLACEMENT_3D('',#7823,#7824,#7825);
#7823 = CARTESIAN_POINT('',(1.2,-0.8,0.495));
#7824 = DIRECTION('',(1.,0.,0.));
#7825 = DIRECTION('',(0.,0.,1.));
#7826 = ADVANCED_FACE('',(#7827),#7833,.T.);
#7827 = FACE_BOUND('',#7828,.T.);
#7828 = EDGE_LOOP('',(#7829,#7830,#7831,#7832));
#7829 = ORIENTED_EDGE('',*,*,#7587,.F.);
#7830 = ORIENTED_EDGE('',*,*,#7555,.T.);
#7831 = ORIENTED_EDGE('',*,*,#7816,.T.);
#7832 = ORIENTED_EDGE('',*,*,#7672,.F.);
#7833 = PLANE('',#7834);
#7834 = AXIS2_PLACEMENT_3D('',#7835,#7836,#7837);
#7835 = CARTESIAN_POINT('',(-1.2,-0.8,0.55));
#7836 = DIRECTION('',(0.,0.,1.));
#7837 = DIRECTION('',(1.,0.,-0.));
#7838 = ( GEOMETRIC_REPRESENTATION_CONTEXT(3) 
GLOBAL_UNCERTAINTY_ASSIGNED_CONTEXT((#7842)) 
GLOBAL_UNIT_ASSIGNED_CONTEXT((#7839,#7840,#7841)) REPRESENTATION_CONTEXT
('Context #1','3D Context with UNIT and UNCERTAINTY') );
#7839 = ( LENGTH_UNIT() NAMED_UNIT(*) SI_UNIT(.MILLI.,.METRE.) );
#7840 = ( NAMED_UNIT(*) PLANE_ANGLE_UNIT() SI_UNIT($,.RADIAN.) );
#7841 = ( NAMED_UNIT(*) SI_UNIT($,.STERADIAN.) SOLID_ANGLE_UNIT() );
#7842 = UNCERTAINTY_MEASURE_WITH_UNIT(LENGTH_MEASURE(1.E-07),#7839,
  'distance_accuracy_value','confusion accuracy');
#7843 = CONTEXT_DEPENDENT_SHAPE_REPRESENTATION(#7844,#7846);
#7844 = ( REPRESENTATION_RELATIONSHIP('','',#7047,#10) 
REPRESENTATION_RELATIONSHIP_WITH_TRANSFORMATION(#7845) 
SHAPE_REPRESENTATION_RELATIONSHIP() );
#7845 = ITEM_DEFINED_TRANSFORMATION('','',#11,#35);
#7846 = PRODUCT_DEFINITION_SHAPE('Placement','Placement of an item',
  #7847);
#7847 = NEXT_ASSEMBLY_USAGE_OCCURRENCE('6','R6','',#5,#7042,$);
#7848 = PRODUCT_RELATED_PRODUCT_CATEGORY('part',$,(#7044));
#7849 = CONTEXT_DEPENDENT_SHAPE_REPRESENTATION(#7850,#7852);
#7850 = ( REPRESENTATION_RELATIONSHIP('','',#7047,#10) 
REPRESENTATION_RELATIONSHIP_WITH_TRANSFORMATION(#7851) 
SHAPE_REPRESENTATION_RELATIONSHIP() );
#7851 = ITEM_DEFINED_TRANSFORMATION('','',#11,#39);
#7852 = PRODUCT_DEFINITION_SHAPE('Placement','Placement of an item',
  #7853);
#7853 = NEXT_ASSEMBLY_USAGE_OCCURRENCE('7','R5','',#5,#7042,$);
#7854 = CONTEXT_DEPENDENT_SHAPE_REPRESENTATION(#7855,#7857);
#7855 = ( REPRESENTATION_RELATIONSHIP('','',#4954,#10) 
REPRESENTATION_RELATIONSHIP_WITH_TRANSFORMATION(#7856) 
SHAPE_REPRESENTATION_RELATIONSHIP() );
#7856 = ITEM_DEFINED_TRANSFORMATION('','',#11,#43);
#7857 = PRODUCT_DEFINITION_SHAPE('Placement','Placement of an item',
  #7858);
#7858 = NEXT_ASSEMBLY_USAGE_OCCURRENCE('8','Q1','',#5,#4949,$);
#7859 = CONTEXT_DEPENDENT_SHAPE_REPRESENTATION(#7860,#7862);
#7860 = ( REPRESENTATION_RELATIONSHIP('','',#7047,#10) 
REPRESENTATION_RELATIONSHIP_WITH_TRANSFORMATION(#7861) 
SHAPE_REPRESENTATION_RELATIONSHIP() );
#7861 = ITEM_DEFINED_TRANSFORMATION('','',#11,#47);
#7862 = PRODUCT_DEFINITION_SHAPE('Placement','Placement of an item',
  #7863);
#7863 = NEXT_ASSEMBLY_USAGE_OCCURRENCE('9','R7','',#5,#7042,$);
#7864 = CONTEXT_DEPENDENT_SHAPE_REPRESENTATION(#7865,#7867);
#7865 = ( REPRESENTATION_RELATIONSHIP('','',#7047,#10) 
REPRESENTATION_RELATIONSHIP_WITH_TRANSFORMATION(#7866) 
SHAPE_REPRESENTATION_RELATIONSHIP() );
#7866 = ITEM_DEFINED_TRANSFORMATION('','',#11,#51);
#7867 = PRODUCT_DEFINITION_SHAPE('Placement','Placement of an item',
  #7868);
#7868 = NEXT_ASSEMBLY_USAGE_OCCURRENCE('10','R4','',#5,#7042,$);
#7869 = CONTEXT_DEPENDENT_SHAPE_REPRESENTATION(#7870,#7872);
#7870 = ( REPRESENTATION_RELATIONSHIP('','',#7047,#10) 
REPRESENTATION_RELATIONSHIP_WITH_TRANSFORMATION(#7871) 
SHAPE_REPRESENTATION_RELATIONSHIP() );
#7871 = ITEM_DEFINED_TRANSFORMATION('','',#11,#55);
#7872 = PRODUCT_DEFINITION_SHAPE('Placement','Placement of an item',
  #7873);
#7873 = NEXT_ASSEMBLY_USAGE_OCCURRENCE('11','R1','',#5,#7042,$);
#7874 = CONTEXT_DEPENDENT_SHAPE_REPRESENTATION(#7875,#7877);
#7875 = ( REPRESENTATION_RELATIONSHIP('','',#7047,#10) 
REPRESENTATION_RELATIONSHIP_WITH_TRANSFORMATION(#7876) 
SHAPE_REPRESENTATION_RELATIONSHIP() );
#7876 = ITEM_DEFINED_TRANSFORMATION('','',#11,#59);
#7877 = PRODUCT_DEFINITION_SHAPE('Placement','Placement of an item',
  #7878);
#7878 = NEXT_ASSEMBLY_USAGE_OCCURRENCE('12','R3','',#5,#7042,$);
#7879 = CONTEXT_DEPENDENT_SHAPE_REPRESENTATION(#7880,#7882);
#7880 = ( REPRESENTATION_RELATIONSHIP('','',#7047,#10) 
REPRESENTATION_RELATIONSHIP_WITH_TRANSFORMATION(#7881) 
SHAPE_REPRESENTATION_RELATIONSHIP() );
#7881 = ITEM_DEFINED_TRANSFORMATION('','',#11,#63);
#7882 = PRODUCT_DEFINITION_SHAPE('Placement','Placement of an item',
  #7883);
#7883 = NEXT_ASSEMBLY_USAGE_OCCURRENCE('13','R2','',#5,#7042,$);
#7884 = CONTEXT_DEPENDENT_SHAPE_REPRESENTATION(#7885,#7887);
#7885 = ( REPRESENTATION_RELATIONSHIP('','',#4954,#10) 
REPRESENTATION_RELATIONSHIP_WITH_TRANSFORMATION(#7886) 
SHAPE_REPRESENTATION_RELATIONSHIP() );
#7886 = ITEM_DEFINED_TRANSFORMATION('','',#11,#67);
#7887 = PRODUCT_DEFINITION_SHAPE('Placement','Placement of an item',
  #7888);
#7888 = NEXT_ASSEMBLY_USAGE_OCCURRENCE('14','Q2','',#5,#4949,$);
#7889 = SHAPE_DEFINITION_REPRESENTATION(#7890,#7896);
#7890 = PRODUCT_DEFINITION_SHAPE('','',#7891);
#7891 = PRODUCT_DEFINITION('design','',#7892,#7895);
#7892 = PRODUCT_DEFINITION_FORMATION('','',#7893);
#7893 = PRODUCT('PcbSistemaAmbienteLab_shield_base_2_PCB',
  'PcbSistemaAmbienteLab_shield_base_2_PCB','',(#7894));
#7894 = PRODUCT_CONTEXT('',#2,'mechanical');
#7895 = PRODUCT_DEFINITION_CONTEXT('part definition',#2,'design');
#7896 = ADVANCED_BREP_SHAPE_REPRESENTATION('',(#11,#7897),#9997);
#7897 = MANIFOLD_SOLID_BREP('',#7898);
#7898 = CLOSED_SHELL('',(#7899,#7939,#7970,#8001,#8568,#9135,#9147,#9164
    ,#9181,#9198,#9215,#9232,#9249,#9266,#9283,#9300,#9317,#9334,#9351,
    #9368,#9385,#9402,#9419,#9436,#9453,#9470,#9487,#9504,#9521,#9538,
    #9555,#9572,#9589,#9606,#9623,#9640,#9657,#9674,#9691,#9708,#9725,
    #9742,#9759,#9776,#9793,#9810,#9827,#9844,#9861,#9878,#9895,#9912,
    #9929,#9946,#9963,#9980));
#7899 = ADVANCED_FACE('',(#7900),#7934,.T.);
#7900 = FACE_BOUND('',#7901,.T.);
#7901 = EDGE_LOOP('',(#7902,#7912,#7920,#7928));
#7902 = ORIENTED_EDGE('',*,*,#7903,.T.);
#7903 = EDGE_CURVE('',#7904,#7906,#7908,.T.);
#7904 = VERTEX_POINT('',#7905);
#7905 = CARTESIAN_POINT('',(171.775,-136.96,0.));
#7906 = VERTEX_POINT('',#7907);
#7907 = CARTESIAN_POINT('',(171.775,-136.96,1.51));
#7908 = LINE('',#7909,#7910);
#7909 = CARTESIAN_POINT('',(171.775,-136.96,0.));
#7910 = VECTOR('',#7911,1.);
#7911 = DIRECTION('',(0.,0.,1.));
#7912 = ORIENTED_EDGE('',*,*,#7913,.T.);
#7913 = EDGE_CURVE('',#7906,#7914,#7916,.T.);
#7914 = VERTEX_POINT('',#7915);
#7915 = CARTESIAN_POINT('',(114.775,-136.96,1.51));
#7916 = LINE('',#7917,#7918);
#7917 = CARTESIAN_POINT('',(171.775,-136.96,1.51));
#7918 = VECTOR('',#7919,1.);
#7919 = DIRECTION('',(-1.,0.,0.));
#7920 = ORIENTED_EDGE('',*,*,#7921,.F.);
#7921 = EDGE_CURVE('',#7922,#7914,#7924,.T.);
#7922 = VERTEX_POINT('',#7923);
#7923 = CARTESIAN_POINT('',(114.775,-136.96,0.));
#7924 = LINE('',#7925,#7926);
#7925 = CARTESIAN_POINT('',(114.775,-136.96,0.));
#7926 = VECTOR('',#7927,1.);
#7927 = DIRECTION('',(0.,0.,1.));
#7928 = ORIENTED_EDGE('',*,*,#7929,.F.);
#7929 = EDGE_CURVE('',#7904,#7922,#7930,.T.);
#7930 = LINE('',#7931,#7932);
#7931 = CARTESIAN_POINT('',(171.775,-136.96,0.));
#7932 = VECTOR('',#7933,1.);
#7933 = DIRECTION('',(-1.,0.,0.));
#7934 = PLANE('',#7935);
#7935 = AXIS2_PLACEMENT_3D('',#7936,#7937,#7938);
#7936 = CARTESIAN_POINT('',(171.775,-136.96,0.));
#7937 = DIRECTION('',(0.,-1.,0.));
#7938 = DIRECTION('',(-1.,0.,0.));
#7939 = ADVANCED_FACE('',(#7940),#7965,.T.);
#7940 = FACE_BOUND('',#7941,.T.);
#7941 = EDGE_LOOP('',(#7942,#7952,#7958,#7959));
#7942 = ORIENTED_EDGE('',*,*,#7943,.T.);
#7943 = EDGE_CURVE('',#7944,#7946,#7948,.T.);
#7944 = VERTEX_POINT('',#7945);
#7945 = CARTESIAN_POINT('',(171.775,-58.96,0.));
#7946 = VERTEX_POINT('',#7947);
#7947 = CARTESIAN_POINT('',(171.775,-58.96,1.51));
#7948 = LINE('',#7949,#7950);
#7949 = CARTESIAN_POINT('',(171.775,-58.96,0.));
#7950 = VECTOR('',#7951,1.);
#7951 = DIRECTION('',(0.,0.,1.));
#7952 = ORIENTED_EDGE('',*,*,#7953,.T.);
#7953 = EDGE_CURVE('',#7946,#7906,#7954,.T.);
#7954 = LINE('',#7955,#7956);
#7955 = CARTESIAN_POINT('',(171.775,-58.96,1.51));
#7956 = VECTOR('',#7957,1.);
#7957 = DIRECTION('',(0.,-1.,0.));
#7958 = ORIENTED_EDGE('',*,*,#7903,.F.);
#7959 = ORIENTED_EDGE('',*,*,#7960,.F.);
#7960 = EDGE_CURVE('',#7944,#7904,#7961,.T.);
#7961 = LINE('',#7962,#7963);
#7962 = CARTESIAN_POINT('',(171.775,-58.96,0.));
#7963 = VECTOR('',#7964,1.);
#7964 = DIRECTION('',(0.,-1.,0.));
#7965 = PLANE('',#7966);
#7966 = AXIS2_PLACEMENT_3D('',#7967,#7968,#7969);
#7967 = CARTESIAN_POINT('',(171.775,-58.96,0.));
#7968 = DIRECTION('',(1.,0.,-0.));
#7969 = DIRECTION('',(0.,-1.,0.));
#7970 = ADVANCED_FACE('',(#7971),#7996,.T.);
#7971 = FACE_BOUND('',#7972,.T.);
#7972 = EDGE_LOOP('',(#7973,#7974,#7982,#7990));
#7973 = ORIENTED_EDGE('',*,*,#7921,.T.);
#7974 = ORIENTED_EDGE('',*,*,#7975,.T.);
#7975 = EDGE_CURVE('',#7914,#7976,#7978,.T.);
#7976 = VERTEX_POINT('',#7977);
#7977 = CARTESIAN_POINT('',(114.775,-58.96,1.51));
#7978 = LINE('',#7979,#7980);
#7979 = CARTESIAN_POINT('',(114.775,-136.96,1.51));
#7980 = VECTOR('',#7981,1.);
#7981 = DIRECTION('',(0.,1.,0.));
#7982 = ORIENTED_EDGE('',*,*,#7983,.F.);
#7983 = EDGE_CURVE('',#7984,#7976,#7986,.T.);
#7984 = VERTEX_POINT('',#7985);
#7985 = CARTESIAN_POINT('',(114.775,-58.96,0.));
#7986 = LINE('',#7987,#7988);
#7987 = CARTESIAN_POINT('',(114.775,-58.96,0.));
#7988 = VECTOR('',#7989,1.);
#7989 = DIRECTION('',(0.,0.,1.));
#7990 = ORIENTED_EDGE('',*,*,#7991,.F.);
#7991 = EDGE_CURVE('',#7922,#7984,#7992,.T.);
#7992 = LINE('',#7993,#7994);
#7993 = CARTESIAN_POINT('',(114.775,-136.96,0.));
#7994 = VECTOR('',#7995,1.);
#7995 = DIRECTION('',(0.,1.,0.));
#7996 = PLANE('',#7997);
#7997 = AXIS2_PLACEMENT_3D('',#7998,#7999,#8000);
#7998 = CARTESIAN_POINT('',(114.775,-136.96,0.));
#7999 = DIRECTION('',(-1.,0.,0.));
#8000 = DIRECTION('',(0.,1.,0.));
#8001 = ADVANCED_FACE('',(#8002,#8013,#8024,#8035,#8046,#8057,#8068,
    #8079,#8090,#8101,#8112,#8123,#8134,#8145,#8156,#8167,#8178,#8189,
    #8200,#8211,#8222,#8233,#8244,#8255,#8266,#8277,#8288,#8299,#8310,
    #8321,#8332,#8343,#8354,#8365,#8376,#8387,#8398,#8409,#8420,#8431,
    #8442,#8453,#8464,#8475,#8486,#8497,#8508,#8519,#8530,#8541,#8552),
  #8563,.F.);
#8002 = FACE_BOUND('',#8003,.F.);
#8003 = EDGE_LOOP('',(#8004,#8005,#8006,#8012));
#8004 = ORIENTED_EDGE('',*,*,#7929,.F.);
#8005 = ORIENTED_EDGE('',*,*,#7960,.F.);
#8006 = ORIENTED_EDGE('',*,*,#8007,.F.);
#8007 = EDGE_CURVE('',#7984,#7944,#8008,.T.);
#8008 = LINE('',#8009,#8010);
#8009 = CARTESIAN_POINT('',(114.775,-58.96,0.));
#8010 = VECTOR('',#8011,1.);
#8011 = DIRECTION('',(1.,0.,0.));
#8012 = ORIENTED_EDGE('',*,*,#7991,.F.);
#8013 = FACE_BOUND('',#8014,.F.);
#8014 = EDGE_LOOP('',(#8015));
#8015 = ORIENTED_EDGE('',*,*,#8016,.T.);
#8016 = EDGE_CURVE('',#8017,#8017,#8019,.T.);
#8017 = VERTEX_POINT('',#8018);
#8018 = CARTESIAN_POINT('',(120.45,-134.11,0.));
#8019 = CIRCLE('',#8020,2.5);
#8020 = AXIS2_PLACEMENT_3D('',#8021,#8022,#8023);
#8021 = CARTESIAN_POINT('',(120.45,-131.61,0.));
#8022 = DIRECTION('',(-0.,0.,-1.));
#8023 = DIRECTION('',(-0.,-1.,0.));
#8024 = FACE_BOUND('',#8025,.F.);
#8025 = EDGE_LOOP('',(#8026));
#8026 = ORIENTED_EDGE('',*,*,#8027,.T.);
#8027 = EDGE_CURVE('',#8028,#8028,#8030,.T.);
#8028 = VERTEX_POINT('',#8029);
#8029 = CARTESIAN_POINT('',(120.9,-115.6925,0.));
#8030 = CIRCLE('',#8031,0.5);
#8031 = AXIS2_PLACEMENT_3D('',#8032,#8033,#8034);
#8032 = CARTESIAN_POINT('',(120.9,-115.1925,0.));
#8033 = DIRECTION('',(-0.,0.,-1.));
#8034 = DIRECTION('',(-0.,-1.,0.));
#8035 = FACE_BOUND('',#8036,.F.);
#8036 = EDGE_LOOP('',(#8037));
#8037 = ORIENTED_EDGE('',*,*,#8038,.T.);
#8038 = EDGE_CURVE('',#8039,#8039,#8041,.T.);
#8039 = VERTEX_POINT('',#8040);
#8040 = CARTESIAN_POINT('',(120.9,-113.1525,0.));
#8041 = CIRCLE('',#8042,0.5);
#8042 = AXIS2_PLACEMENT_3D('',#8043,#8044,#8045);
#8043 = CARTESIAN_POINT('',(120.9,-112.6525,0.));
#8044 = DIRECTION('',(-0.,0.,-1.));
#8045 = DIRECTION('',(-0.,-1.,0.));
#8046 = FACE_BOUND('',#8047,.F.);
#8047 = EDGE_LOOP('',(#8048));
#8048 = ORIENTED_EDGE('',*,*,#8049,.T.);
#8049 = EDGE_CURVE('',#8050,#8050,#8052,.T.);
#8050 = VERTEX_POINT('',#8051);
#8051 = CARTESIAN_POINT('',(120.9,-110.6125,0.));
#8052 = CIRCLE('',#8053,0.5);
#8053 = AXIS2_PLACEMENT_3D('',#8054,#8055,#8056);
#8054 = CARTESIAN_POINT('',(120.9,-110.1125,0.));
#8055 = DIRECTION('',(-0.,0.,-1.));
#8056 = DIRECTION('',(-0.,-1.,0.));
#8057 = FACE_BOUND('',#8058,.F.);
#8058 = EDGE_LOOP('',(#8059));
#8059 = ORIENTED_EDGE('',*,*,#8060,.T.);
#8060 = EDGE_CURVE('',#8061,#8061,#8063,.T.);
#8061 = VERTEX_POINT('',#8062);
#8062 = CARTESIAN_POINT('',(120.9,-108.0725,0.));
#8063 = CIRCLE('',#8064,0.5);
#8064 = AXIS2_PLACEMENT_3D('',#8065,#8066,#8067);
#8065 = CARTESIAN_POINT('',(120.9,-107.5725,0.));
#8066 = DIRECTION('',(-0.,0.,-1.));
#8067 = DIRECTION('',(-0.,-1.,0.));
#8068 = FACE_BOUND('',#8069,.F.);
#8069 = EDGE_LOOP('',(#8070));
#8070 = ORIENTED_EDGE('',*,*,#8071,.T.);
#8071 = EDGE_CURVE('',#8072,#8072,#8074,.T.);
#8072 = VERTEX_POINT('',#8073);
#8073 = CARTESIAN_POINT('',(125.295,-110.71,0.));
#8074 = CIRCLE('',#8075,0.5);
#8075 = AXIS2_PLACEMENT_3D('',#8076,#8077,#8078);
#8076 = CARTESIAN_POINT('',(125.295,-110.21,0.));
#8077 = DIRECTION('',(-0.,0.,-1.));
#8078 = DIRECTION('',(-0.,-1.,0.));
#8079 = FACE_BOUND('',#8080,.F.);
#8080 = EDGE_LOOP('',(#8081));
#8081 = ORIENTED_EDGE('',*,*,#8082,.T.);
#8082 = EDGE_CURVE('',#8083,#8083,#8085,.T.);
#8083 = VERTEX_POINT('',#8084);
#8084 = CARTESIAN_POINT('',(120.9,-105.5325,0.));
#8085 = CIRCLE('',#8086,0.5);
#8086 = AXIS2_PLACEMENT_3D('',#8087,#8088,#8089);
#8087 = CARTESIAN_POINT('',(120.9,-105.0325,0.));
#8088 = DIRECTION('',(-0.,0.,-1.));
#8089 = DIRECTION('',(-0.,-1.,0.));
#8090 = FACE_BOUND('',#8091,.F.);
#8091 = EDGE_LOOP('',(#8092));
#8092 = ORIENTED_EDGE('',*,*,#8093,.T.);
#8093 = EDGE_CURVE('',#8094,#8094,#8096,.T.);
#8094 = VERTEX_POINT('',#8095);
#8095 = CARTESIAN_POINT('',(120.9,-102.9925,0.));
#8096 = CIRCLE('',#8097,0.5);
#8097 = AXIS2_PLACEMENT_3D('',#8098,#8099,#8100);
#8098 = CARTESIAN_POINT('',(120.9,-102.4925,0.));
#8099 = DIRECTION('',(-0.,0.,-1.));
#8100 = DIRECTION('',(-0.,-1.,0.));
#8101 = FACE_BOUND('',#8102,.F.);
#8102 = EDGE_LOOP('',(#8103));
#8103 = ORIENTED_EDGE('',*,*,#8104,.T.);
#8104 = EDGE_CURVE('',#8105,#8105,#8107,.T.);
#8105 = VERTEX_POINT('',#8106);
#8106 = CARTESIAN_POINT('',(120.9,-100.4525,0.));
#8107 = CIRCLE('',#8108,0.5);
#8108 = AXIS2_PLACEMENT_3D('',#8109,#8110,#8111);
#8109 = CARTESIAN_POINT('',(120.9,-99.9525,0.));
#8110 = DIRECTION('',(-0.,0.,-1.));
#8111 = DIRECTION('',(-0.,-1.,0.));
#8112 = FACE_BOUND('',#8113,.F.);
#8113 = EDGE_LOOP('',(#8114));
#8114 = ORIENTED_EDGE('',*,*,#8115,.T.);
#8115 = EDGE_CURVE('',#8116,#8116,#8118,.T.);
#8116 = VERTEX_POINT('',#8117);
#8117 = CARTESIAN_POINT('',(166.45,-134.11,0.));
#8118 = CIRCLE('',#8119,2.5);
#8119 = AXIS2_PLACEMENT_3D('',#8120,#8121,#8122);
#8120 = CARTESIAN_POINT('',(166.45,-131.61,0.));
#8121 = DIRECTION('',(-0.,0.,-1.));
#8122 = DIRECTION('',(-0.,-1.,0.));
#8123 = FACE_BOUND('',#8124,.F.);
#8124 = EDGE_LOOP('',(#8125));
#8125 = ORIENTED_EDGE('',*,*,#8126,.T.);
#8126 = EDGE_CURVE('',#8127,#8127,#8129,.T.);
#8127 = VERTEX_POINT('',#8128);
#8128 = CARTESIAN_POINT('',(156.2,-123.98,0.));
#8129 = CIRCLE('',#8130,0.5);
#8130 = AXIS2_PLACEMENT_3D('',#8131,#8132,#8133);
#8131 = CARTESIAN_POINT('',(156.2,-123.48,0.));
#8132 = DIRECTION('',(-0.,0.,-1.));
#8133 = DIRECTION('',(-0.,-1.,0.));
#8134 = FACE_BOUND('',#8135,.F.);
#8135 = EDGE_LOOP('',(#8136));
#8136 = ORIENTED_EDGE('',*,*,#8137,.T.);
#8137 = EDGE_CURVE('',#8138,#8138,#8140,.T.);
#8138 = VERTEX_POINT('',#8139);
#8139 = CARTESIAN_POINT('',(156.2,-121.44,0.));
#8140 = CIRCLE('',#8141,0.5);
#8141 = AXIS2_PLACEMENT_3D('',#8142,#8143,#8144);
#8142 = CARTESIAN_POINT('',(156.2,-120.94,0.));
#8143 = DIRECTION('',(-0.,0.,-1.));
#8144 = DIRECTION('',(-0.,-1.,0.));
#8145 = FACE_BOUND('',#8146,.F.);
#8146 = EDGE_LOOP('',(#8147));
#8147 = ORIENTED_EDGE('',*,*,#8148,.T.);
#8148 = EDGE_CURVE('',#8149,#8149,#8151,.T.);
#8149 = VERTEX_POINT('',#8150);
#8150 = CARTESIAN_POINT('',(156.2,-118.9,0.));
#8151 = CIRCLE('',#8152,0.5);
#8152 = AXIS2_PLACEMENT_3D('',#8153,#8154,#8155);
#8153 = CARTESIAN_POINT('',(156.2,-118.4,0.));
#8154 = DIRECTION('',(-0.,0.,-1.));
#8155 = DIRECTION('',(-0.,-1.,0.));
#8156 = FACE_BOUND('',#8157,.F.);
#8157 = EDGE_LOOP('',(#8158));
#8158 = ORIENTED_EDGE('',*,*,#8159,.T.);
#8159 = EDGE_CURVE('',#8160,#8160,#8162,.T.);
#8160 = VERTEX_POINT('',#8161);
#8161 = CARTESIAN_POINT('',(148.9,-115.6927,0.));
#8162 = CIRCLE('',#8163,0.5);
#8163 = AXIS2_PLACEMENT_3D('',#8164,#8165,#8166);
#8164 = CARTESIAN_POINT('',(148.9,-115.1927,0.));
#8165 = DIRECTION('',(-0.,0.,-1.));
#8166 = DIRECTION('',(-0.,-1.,0.));
#8167 = FACE_BOUND('',#8168,.F.);
#8168 = EDGE_LOOP('',(#8169));
#8169 = ORIENTED_EDGE('',*,*,#8170,.T.);
#8170 = EDGE_CURVE('',#8171,#8171,#8173,.T.);
#8171 = VERTEX_POINT('',#8172);
#8172 = CARTESIAN_POINT('',(148.9,-113.1527,0.));
#8173 = CIRCLE('',#8174,0.5);
#8174 = AXIS2_PLACEMENT_3D('',#8175,#8176,#8177);
#8175 = CARTESIAN_POINT('',(148.9,-112.6527,0.));
#8176 = DIRECTION('',(-0.,0.,-1.));
#8177 = DIRECTION('',(-0.,-1.,0.));
#8178 = FACE_BOUND('',#8179,.F.);
#8179 = EDGE_LOOP('',(#8180));
#8180 = ORIENTED_EDGE('',*,*,#8181,.T.);
#8181 = EDGE_CURVE('',#8182,#8182,#8184,.T.);
#8182 = VERTEX_POINT('',#8183);
#8183 = CARTESIAN_POINT('',(148.9,-110.6127,0.));
#8184 = CIRCLE('',#8185,0.5);
#8185 = AXIS2_PLACEMENT_3D('',#8186,#8187,#8188);
#8186 = CARTESIAN_POINT('',(148.9,-110.1127,0.));
#8187 = DIRECTION('',(-0.,0.,-1.));
#8188 = DIRECTION('',(-0.,-1.,0.));
#8189 = FACE_BOUND('',#8190,.F.);
#8190 = EDGE_LOOP('',(#8191));
#8191 = ORIENTED_EDGE('',*,*,#8192,.T.);
#8192 = EDGE_CURVE('',#8193,#8193,#8195,.T.);
#8193 = VERTEX_POINT('',#8194);
#8194 = CARTESIAN_POINT('',(148.9,-108.0727,0.));
#8195 = CIRCLE('',#8196,0.5);
#8196 = AXIS2_PLACEMENT_3D('',#8197,#8198,#8199);
#8197 = CARTESIAN_POINT('',(148.9,-107.5727,0.));
#8198 = DIRECTION('',(-0.,0.,-1.));
#8199 = DIRECTION('',(-0.,-1.,0.));
#8200 = FACE_BOUND('',#8201,.F.);
#8201 = EDGE_LOOP('',(#8202));
#8202 = ORIENTED_EDGE('',*,*,#8203,.T.);
#8203 = EDGE_CURVE('',#8204,#8204,#8206,.T.);
#8204 = VERTEX_POINT('',#8205);
#8205 = CARTESIAN_POINT('',(148.9,-105.5327,0.));
#8206 = CIRCLE('',#8207,0.5);
#8207 = AXIS2_PLACEMENT_3D('',#8208,#8209,#8210);
#8208 = CARTESIAN_POINT('',(148.9,-105.0327,0.));
#8209 = DIRECTION('',(-0.,0.,-1.));
#8210 = DIRECTION('',(-0.,-1.,0.));
#8211 = FACE_BOUND('',#8212,.F.);
#8212 = EDGE_LOOP('',(#8213));
#8213 = ORIENTED_EDGE('',*,*,#8214,.T.);
#8214 = EDGE_CURVE('',#8215,#8215,#8217,.T.);
#8215 = VERTEX_POINT('',#8216);
#8216 = CARTESIAN_POINT('',(148.9,-102.9927,0.));
#8217 = CIRCLE('',#8218,0.5);
#8218 = AXIS2_PLACEMENT_3D('',#8219,#8220,#8221);
#8219 = CARTESIAN_POINT('',(148.9,-102.4927,0.));
#8220 = DIRECTION('',(-0.,0.,-1.));
#8221 = DIRECTION('',(-0.,-1.,0.));
#8222 = FACE_BOUND('',#8223,.F.);
#8223 = EDGE_LOOP('',(#8224));
#8224 = ORIENTED_EDGE('',*,*,#8225,.T.);
#8225 = EDGE_CURVE('',#8226,#8226,#8228,.T.);
#8226 = VERTEX_POINT('',#8227);
#8227 = CARTESIAN_POINT('',(148.9,-100.4527,0.));
#8228 = CIRCLE('',#8229,0.5);
#8229 = AXIS2_PLACEMENT_3D('',#8230,#8231,#8232);
#8230 = CARTESIAN_POINT('',(148.9,-99.9527,0.));
#8231 = DIRECTION('',(-0.,0.,-1.));
#8232 = DIRECTION('',(-0.,-1.,0.));
#8233 = FACE_BOUND('',#8234,.F.);
#8234 = EDGE_LOOP('',(#8235));
#8235 = ORIENTED_EDGE('',*,*,#8236,.T.);
#8236 = EDGE_CURVE('',#8237,#8237,#8239,.T.);
#8237 = VERTEX_POINT('',#8238);
#8238 = CARTESIAN_POINT('',(156.2,-116.36,0.));
#8239 = CIRCLE('',#8240,0.5);
#8240 = AXIS2_PLACEMENT_3D('',#8241,#8242,#8243);
#8241 = CARTESIAN_POINT('',(156.2,-115.86,0.));
#8242 = DIRECTION('',(-0.,0.,-1.));
#8243 = DIRECTION('',(-0.,-1.,0.));
#8244 = FACE_BOUND('',#8245,.F.);
#8245 = EDGE_LOOP('',(#8246));
#8246 = ORIENTED_EDGE('',*,*,#8247,.T.);
#8247 = EDGE_CURVE('',#8248,#8248,#8250,.T.);
#8248 = VERTEX_POINT('',#8249);
#8249 = CARTESIAN_POINT('',(156.2,-108.71,0.));
#8250 = CIRCLE('',#8251,0.5);
#8251 = AXIS2_PLACEMENT_3D('',#8252,#8253,#8254);
#8252 = CARTESIAN_POINT('',(156.2,-108.21,0.));
#8253 = DIRECTION('',(-0.,0.,-1.));
#8254 = DIRECTION('',(-0.,-1.,0.));
#8255 = FACE_BOUND('',#8256,.F.);
#8256 = EDGE_LOOP('',(#8257));
#8257 = ORIENTED_EDGE('',*,*,#8258,.T.);
#8258 = EDGE_CURVE('',#8259,#8259,#8261,.T.);
#8259 = VERTEX_POINT('',#8260);
#8260 = CARTESIAN_POINT('',(156.2,-106.17,0.));
#8261 = CIRCLE('',#8262,0.5);
#8262 = AXIS2_PLACEMENT_3D('',#8263,#8264,#8265);
#8263 = CARTESIAN_POINT('',(156.2,-105.67,0.));
#8264 = DIRECTION('',(-0.,0.,-1.));
#8265 = DIRECTION('',(-0.,-1.,0.));
#8266 = FACE_BOUND('',#8267,.F.);
#8267 = EDGE_LOOP('',(#8268));
#8268 = ORIENTED_EDGE('',*,*,#8269,.T.);
#8269 = EDGE_CURVE('',#8270,#8270,#8272,.T.);
#8270 = VERTEX_POINT('',#8271);
#8271 = CARTESIAN_POINT('',(156.2,-103.63,0.));
#8272 = CIRCLE('',#8273,0.5);
#8273 = AXIS2_PLACEMENT_3D('',#8274,#8275,#8276);
#8274 = CARTESIAN_POINT('',(156.2,-103.13,0.));
#8275 = DIRECTION('',(-0.,0.,-1.));
#8276 = DIRECTION('',(-0.,-1.,0.));
#8277 = FACE_BOUND('',#8278,.F.);
#8278 = EDGE_LOOP('',(#8279));
#8279 = ORIENTED_EDGE('',*,*,#8280,.T.);
#8280 = EDGE_CURVE('',#8281,#8281,#8283,.T.);
#8281 = VERTEX_POINT('',#8282);
#8282 = CARTESIAN_POINT('',(156.2,-101.09,0.));
#8283 = CIRCLE('',#8284,0.5);
#8284 = AXIS2_PLACEMENT_3D('',#8285,#8286,#8287);
#8285 = CARTESIAN_POINT('',(156.2,-100.59,0.));
#8286 = DIRECTION('',(-0.,0.,-1.));
#8287 = DIRECTION('',(-0.,-1.,0.));
#8288 = FACE_BOUND('',#8289,.F.);
#8289 = EDGE_LOOP('',(#8290));
#8290 = ORIENTED_EDGE('',*,*,#8291,.T.);
#8291 = EDGE_CURVE('',#8292,#8292,#8294,.T.);
#8292 = VERTEX_POINT('',#8293);
#8293 = CARTESIAN_POINT('',(120.9,-97.9125,0.));
#8294 = CIRCLE('',#8295,0.5);
#8295 = AXIS2_PLACEMENT_3D('',#8296,#8297,#8298);
#8296 = CARTESIAN_POINT('',(120.9,-97.4125,0.));
#8297 = DIRECTION('',(-0.,0.,-1.));
#8298 = DIRECTION('',(-0.,-1.,0.));
#8299 = FACE_BOUND('',#8300,.F.);
#8300 = EDGE_LOOP('',(#8301));
#8301 = ORIENTED_EDGE('',*,*,#8302,.T.);
#8302 = EDGE_CURVE('',#8303,#8303,#8305,.T.);
#8303 = VERTEX_POINT('',#8304);
#8304 = CARTESIAN_POINT('',(120.9,-95.3725,0.));
#8305 = CIRCLE('',#8306,0.5);
#8306 = AXIS2_PLACEMENT_3D('',#8307,#8308,#8309);
#8307 = CARTESIAN_POINT('',(120.9,-94.8725,0.));
#8308 = DIRECTION('',(-0.,0.,-1.));
#8309 = DIRECTION('',(-0.,-1.,0.));
#8310 = FACE_BOUND('',#8311,.F.);
#8311 = EDGE_LOOP('',(#8312));
#8312 = ORIENTED_EDGE('',*,*,#8313,.T.);
#8313 = EDGE_CURVE('',#8314,#8314,#8316,.T.);
#8314 = VERTEX_POINT('',#8315);
#8315 = CARTESIAN_POINT('',(120.9,-92.8325,0.));
#8316 = CIRCLE('',#8317,0.5);
#8317 = AXIS2_PLACEMENT_3D('',#8318,#8319,#8320);
#8318 = CARTESIAN_POINT('',(120.9,-92.3325,0.));
#8319 = DIRECTION('',(-0.,0.,-1.));
#8320 = DIRECTION('',(-0.,-1.,0.));
#8321 = FACE_BOUND('',#8322,.F.);
#8322 = EDGE_LOOP('',(#8323));
#8323 = ORIENTED_EDGE('',*,*,#8324,.T.);
#8324 = EDGE_CURVE('',#8325,#8325,#8327,.T.);
#8325 = VERTEX_POINT('',#8326);
#8326 = CARTESIAN_POINT('',(120.9,-90.2925,0.));
#8327 = CIRCLE('',#8328,0.5);
#8328 = AXIS2_PLACEMENT_3D('',#8329,#8330,#8331);
#8329 = CARTESIAN_POINT('',(120.9,-89.7925,0.));
#8330 = DIRECTION('',(-0.,0.,-1.));
#8331 = DIRECTION('',(-0.,-1.,0.));
#8332 = FACE_BOUND('',#8333,.F.);
#8333 = EDGE_LOOP('',(#8334));
#8334 = ORIENTED_EDGE('',*,*,#8335,.T.);
#8335 = EDGE_CURVE('',#8336,#8336,#8338,.T.);
#8336 = VERTEX_POINT('',#8337);
#8337 = CARTESIAN_POINT('',(120.9,-87.7525,0.));
#8338 = CIRCLE('',#8339,0.5);
#8339 = AXIS2_PLACEMENT_3D('',#8340,#8341,#8342);
#8340 = CARTESIAN_POINT('',(120.9,-87.2525,0.));
#8341 = DIRECTION('',(-0.,0.,-1.));
#8342 = DIRECTION('',(-0.,-1.,0.));
#8343 = FACE_BOUND('',#8344,.F.);
#8344 = EDGE_LOOP('',(#8345));
#8345 = ORIENTED_EDGE('',*,*,#8346,.T.);
#8346 = EDGE_CURVE('',#8347,#8347,#8349,.T.);
#8347 = VERTEX_POINT('',#8348);
#8348 = CARTESIAN_POINT('',(120.9,-85.2125,0.));
#8349 = CIRCLE('',#8350,0.5);
#8350 = AXIS2_PLACEMENT_3D('',#8351,#8352,#8353);
#8351 = CARTESIAN_POINT('',(120.9,-84.7125,0.));
#8352 = DIRECTION('',(-0.,0.,-1.));
#8353 = DIRECTION('',(-0.,-1.,0.));
#8354 = FACE_BOUND('',#8355,.F.);
#8355 = EDGE_LOOP('',(#8356));
#8356 = ORIENTED_EDGE('',*,*,#8357,.T.);
#8357 = EDGE_CURVE('',#8358,#8358,#8360,.T.);
#8358 = VERTEX_POINT('',#8359);
#8359 = CARTESIAN_POINT('',(120.9,-82.6725,0.));
#8360 = CIRCLE('',#8361,0.5);
#8361 = AXIS2_PLACEMENT_3D('',#8362,#8363,#8364);
#8362 = CARTESIAN_POINT('',(120.9,-82.1725,0.));
#8363 = DIRECTION('',(-0.,0.,-1.));
#8364 = DIRECTION('',(-0.,-1.,0.));
#8365 = FACE_BOUND('',#8366,.F.);
#8366 = EDGE_LOOP('',(#8367));
#8367 = ORIENTED_EDGE('',*,*,#8368,.T.);
#8368 = EDGE_CURVE('',#8369,#8369,#8371,.T.);
#8369 = VERTEX_POINT('',#8370);
#8370 = CARTESIAN_POINT('',(120.9,-80.1325,0.));
#8371 = CIRCLE('',#8372,0.5);
#8372 = AXIS2_PLACEMENT_3D('',#8373,#8374,#8375);
#8373 = CARTESIAN_POINT('',(120.9,-79.6325,0.));
#8374 = DIRECTION('',(-0.,0.,-1.));
#8375 = DIRECTION('',(-0.,-1.,0.));
#8376 = FACE_BOUND('',#8377,.F.);
#8377 = EDGE_LOOP('',(#8378));
#8378 = ORIENTED_EDGE('',*,*,#8379,.T.);
#8379 = EDGE_CURVE('',#8380,#8380,#8382,.T.);
#8380 = VERTEX_POINT('',#8381);
#8381 = CARTESIAN_POINT('',(120.45,-66.61,0.));
#8382 = CIRCLE('',#8383,2.5);
#8383 = AXIS2_PLACEMENT_3D('',#8384,#8385,#8386);
#8384 = CARTESIAN_POINT('',(120.45,-64.11,0.));
#8385 = DIRECTION('',(-0.,0.,-1.));
#8386 = DIRECTION('',(-0.,-1.,0.));
#8387 = FACE_BOUND('',#8388,.F.);
#8388 = EDGE_LOOP('',(#8389));
#8389 = ORIENTED_EDGE('',*,*,#8390,.T.);
#8390 = EDGE_CURVE('',#8391,#8391,#8393,.T.);
#8391 = VERTEX_POINT('',#8392);
#8392 = CARTESIAN_POINT('',(148.9,-97.9127,0.));
#8393 = CIRCLE('',#8394,0.5);
#8394 = AXIS2_PLACEMENT_3D('',#8395,#8396,#8397);
#8395 = CARTESIAN_POINT('',(148.9,-97.4127,0.));
#8396 = DIRECTION('',(-0.,0.,-1.));
#8397 = DIRECTION('',(-0.,-1.,0.));
#8398 = FACE_BOUND('',#8399,.F.);
#8399 = EDGE_LOOP('',(#8400));
#8400 = ORIENTED_EDGE('',*,*,#8401,.T.);
#8401 = EDGE_CURVE('',#8402,#8402,#8404,.T.);
#8402 = VERTEX_POINT('',#8403);
#8403 = CARTESIAN_POINT('',(148.9,-95.3727,0.));
#8404 = CIRCLE('',#8405,0.5);
#8405 = AXIS2_PLACEMENT_3D('',#8406,#8407,#8408);
#8406 = CARTESIAN_POINT('',(148.9,-94.8727,0.));
#8407 = DIRECTION('',(-0.,0.,-1.));
#8408 = DIRECTION('',(-0.,-1.,0.));
#8409 = FACE_BOUND('',#8410,.F.);
#8410 = EDGE_LOOP('',(#8411));
#8411 = ORIENTED_EDGE('',*,*,#8412,.T.);
#8412 = EDGE_CURVE('',#8413,#8413,#8415,.T.);
#8413 = VERTEX_POINT('',#8414);
#8414 = CARTESIAN_POINT('',(148.9,-92.8327,0.));
#8415 = CIRCLE('',#8416,0.5);
#8416 = AXIS2_PLACEMENT_3D('',#8417,#8418,#8419);
#8417 = CARTESIAN_POINT('',(148.9,-92.3327,0.));
#8418 = DIRECTION('',(-0.,0.,-1.));
#8419 = DIRECTION('',(-0.,-1.,0.));
#8420 = FACE_BOUND('',#8421,.F.);
#8421 = EDGE_LOOP('',(#8422));
#8422 = ORIENTED_EDGE('',*,*,#8423,.T.);
#8423 = EDGE_CURVE('',#8424,#8424,#8426,.T.);
#8424 = VERTEX_POINT('',#8425);
#8425 = CARTESIAN_POINT('',(148.9,-90.2927,0.));
#8426 = CIRCLE('',#8427,0.5);
#8427 = AXIS2_PLACEMENT_3D('',#8428,#8429,#8430);
#8428 = CARTESIAN_POINT('',(148.9,-89.7927,0.));
#8429 = DIRECTION('',(-0.,0.,-1.));
#8430 = DIRECTION('',(-0.,-1.,0.));
#8431 = FACE_BOUND('',#8432,.F.);
#8432 = EDGE_LOOP('',(#8433));
#8433 = ORIENTED_EDGE('',*,*,#8434,.T.);
#8434 = EDGE_CURVE('',#8435,#8435,#8437,.T.);
#8435 = VERTEX_POINT('',#8436);
#8436 = CARTESIAN_POINT('',(148.9,-87.7527,0.));
#8437 = CIRCLE('',#8438,0.5);
#8438 = AXIS2_PLACEMENT_3D('',#8439,#8440,#8441);
#8439 = CARTESIAN_POINT('',(148.9,-87.2527,0.));
#8440 = DIRECTION('',(-0.,0.,-1.));
#8441 = DIRECTION('',(-0.,-1.,0.));
#8442 = FACE_BOUND('',#8443,.F.);
#8443 = EDGE_LOOP('',(#8444));
#8444 = ORIENTED_EDGE('',*,*,#8445,.T.);
#8445 = EDGE_CURVE('',#8446,#8446,#8448,.T.);
#8446 = VERTEX_POINT('',#8447);
#8447 = CARTESIAN_POINT('',(148.9,-85.2127,0.));
#8448 = CIRCLE('',#8449,0.5);
#8449 = AXIS2_PLACEMENT_3D('',#8450,#8451,#8452);
#8450 = CARTESIAN_POINT('',(148.9,-84.7127,0.));
#8451 = DIRECTION('',(-0.,0.,-1.));
#8452 = DIRECTION('',(-0.,-1.,0.));
#8453 = FACE_BOUND('',#8454,.F.);
#8454 = EDGE_LOOP('',(#8455));
#8455 = ORIENTED_EDGE('',*,*,#8456,.T.);
#8456 = EDGE_CURVE('',#8457,#8457,#8459,.T.);
#8457 = VERTEX_POINT('',#8458);
#8458 = CARTESIAN_POINT('',(148.9,-82.6727,0.));
#8459 = CIRCLE('',#8460,0.5);
#8460 = AXIS2_PLACEMENT_3D('',#8461,#8462,#8463);
#8461 = CARTESIAN_POINT('',(148.9,-82.1727,0.));
#8462 = DIRECTION('',(-0.,0.,-1.));
#8463 = DIRECTION('',(-0.,-1.,0.));
#8464 = FACE_BOUND('',#8465,.F.);
#8465 = EDGE_LOOP('',(#8466));
#8466 = ORIENTED_EDGE('',*,*,#8467,.T.);
#8467 = EDGE_CURVE('',#8468,#8468,#8470,.T.);
#8468 = VERTEX_POINT('',#8469);
#8469 = CARTESIAN_POINT('',(154.775,-81.51,0.));
#8470 = CIRCLE('',#8471,0.5);
#8471 = AXIS2_PLACEMENT_3D('',#8472,#8473,#8474);
#8472 = CARTESIAN_POINT('',(154.775,-81.01,0.));
#8473 = DIRECTION('',(-0.,0.,-1.));
#8474 = DIRECTION('',(-0.,-1.,0.));
#8475 = FACE_BOUND('',#8476,.F.);
#8476 = EDGE_LOOP('',(#8477));
#8477 = ORIENTED_EDGE('',*,*,#8478,.T.);
#8478 = EDGE_CURVE('',#8479,#8479,#8481,.T.);
#8479 = VERTEX_POINT('',#8480);
#8480 = CARTESIAN_POINT('',(156.2,-93.46,0.));
#8481 = CIRCLE('',#8482,0.5);
#8482 = AXIS2_PLACEMENT_3D('',#8483,#8484,#8485);
#8483 = CARTESIAN_POINT('',(156.2,-92.96,0.));
#8484 = DIRECTION('',(-0.,0.,-1.));
#8485 = DIRECTION('',(-0.,-1.,0.));
#8486 = FACE_BOUND('',#8487,.F.);
#8487 = EDGE_LOOP('',(#8488));
#8488 = ORIENTED_EDGE('',*,*,#8489,.T.);
#8489 = EDGE_CURVE('',#8490,#8490,#8492,.T.);
#8490 = VERTEX_POINT('',#8491);
#8491 = CARTESIAN_POINT('',(156.2,-90.92,0.));
#8492 = CIRCLE('',#8493,0.5);
#8493 = AXIS2_PLACEMENT_3D('',#8494,#8495,#8496);
#8494 = CARTESIAN_POINT('',(156.2,-90.42,0.));
#8495 = DIRECTION('',(-0.,0.,-1.));
#8496 = DIRECTION('',(-0.,-1.,0.));
#8497 = FACE_BOUND('',#8498,.F.);
#8498 = EDGE_LOOP('',(#8499));
#8499 = ORIENTED_EDGE('',*,*,#8500,.T.);
#8500 = EDGE_CURVE('',#8501,#8501,#8503,.T.);
#8501 = VERTEX_POINT('',#8502);
#8502 = CARTESIAN_POINT('',(156.2,-88.38,0.));
#8503 = CIRCLE('',#8504,0.5);
#8504 = AXIS2_PLACEMENT_3D('',#8505,#8506,#8507);
#8505 = CARTESIAN_POINT('',(156.2,-87.88,0.));
#8506 = DIRECTION('',(-0.,0.,-1.));
#8507 = DIRECTION('',(-0.,-1.,0.));
#8508 = FACE_BOUND('',#8509,.F.);
#8509 = EDGE_LOOP('',(#8510));
#8510 = ORIENTED_EDGE('',*,*,#8511,.T.);
#8511 = EDGE_CURVE('',#8512,#8512,#8514,.T.);
#8512 = VERTEX_POINT('',#8513);
#8513 = CARTESIAN_POINT('',(156.2,-85.84,0.));
#8514 = CIRCLE('',#8515,0.5);
#8515 = AXIS2_PLACEMENT_3D('',#8516,#8517,#8518);
#8516 = CARTESIAN_POINT('',(156.2,-85.34,0.));
#8517 = DIRECTION('',(-0.,0.,-1.));
#8518 = DIRECTION('',(-0.,-1.,0.));
#8519 = FACE_BOUND('',#8520,.F.);
#8520 = EDGE_LOOP('',(#8521));
#8521 = ORIENTED_EDGE('',*,*,#8522,.T.);
#8522 = EDGE_CURVE('',#8523,#8523,#8525,.T.);
#8523 = VERTEX_POINT('',#8524);
#8524 = CARTESIAN_POINT('',(148.9,-80.1327,0.));
#8525 = CIRCLE('',#8526,0.5);
#8526 = AXIS2_PLACEMENT_3D('',#8527,#8528,#8529);
#8527 = CARTESIAN_POINT('',(148.9,-79.6327,0.));
#8528 = DIRECTION('',(-0.,0.,-1.));
#8529 = DIRECTION('',(-0.,-1.,0.));
#8530 = FACE_BOUND('',#8531,.F.);
#8531 = EDGE_LOOP('',(#8532));
#8532 = ORIENTED_EDGE('',*,*,#8533,.T.);
#8533 = EDGE_CURVE('',#8534,#8534,#8536,.T.);
#8534 = VERTEX_POINT('',#8535);
#8535 = CARTESIAN_POINT('',(156.2,-74.35,0.));
#8536 = CIRCLE('',#8537,0.5);
#8537 = AXIS2_PLACEMENT_3D('',#8538,#8539,#8540);
#8538 = CARTESIAN_POINT('',(156.2,-73.85,0.));
#8539 = DIRECTION('',(-0.,0.,-1.));
#8540 = DIRECTION('',(-0.,-1.,0.));
#8541 = FACE_BOUND('',#8542,.F.);
#8542 = EDGE_LOOP('',(#8543));
#8543 = ORIENTED_EDGE('',*,*,#8544,.T.);
#8544 = EDGE_CURVE('',#8545,#8545,#8547,.T.);
#8545 = VERTEX_POINT('',#8546);
#8546 = CARTESIAN_POINT('',(156.2,-71.81,0.));
#8547 = CIRCLE('',#8548,0.5);
#8548 = AXIS2_PLACEMENT_3D('',#8549,#8550,#8551);
#8549 = CARTESIAN_POINT('',(156.2,-71.31,0.));
#8550 = DIRECTION('',(-0.,0.,-1.));
#8551 = DIRECTION('',(-0.,-1.,0.));
#8552 = FACE_BOUND('',#8553,.F.);
#8553 = EDGE_LOOP('',(#8554));
#8554 = ORIENTED_EDGE('',*,*,#8555,.T.);
#8555 = EDGE_CURVE('',#8556,#8556,#8558,.T.);
#8556 = VERTEX_POINT('',#8557);
#8557 = CARTESIAN_POINT('',(166.45,-66.61,0.));
#8558 = CIRCLE('',#8559,2.5);
#8559 = AXIS2_PLACEMENT_3D('',#8560,#8561,#8562);
#8560 = CARTESIAN_POINT('',(166.45,-64.11,0.));
#8561 = DIRECTION('',(-0.,0.,-1.));
#8562 = DIRECTION('',(-0.,-1.,0.));
#8563 = PLANE('',#8564);
#8564 = AXIS2_PLACEMENT_3D('',#8565,#8566,#8567);
#8565 = CARTESIAN_POINT('',(0.,0.,0.));
#8566 = DIRECTION('',(0.,0.,1.));
#8567 = DIRECTION('',(1.,0.,-0.));
#8568 = ADVANCED_FACE('',(#8569,#8580,#8591,#8602,#8613,#8624,#8635,
    #8646,#8657,#8668,#8679,#8690,#8701,#8712,#8723,#8734,#8745,#8756,
    #8767,#8778,#8789,#8800,#8811,#8822,#8833,#8844,#8855,#8866,#8877,
    #8888,#8899,#8910,#8921,#8932,#8943,#8954,#8965,#8976,#8987,#8998,
    #9009,#9020,#9031,#9042,#9053,#9064,#9075,#9086,#9097,#9108,#9119),
  #9130,.T.);
#8569 = FACE_BOUND('',#8570,.T.);
#8570 = EDGE_LOOP('',(#8571,#8572,#8573,#8579));
#8571 = ORIENTED_EDGE('',*,*,#7913,.F.);
#8572 = ORIENTED_EDGE('',*,*,#7953,.F.);
#8573 = ORIENTED_EDGE('',*,*,#8574,.F.);
#8574 = EDGE_CURVE('',#7976,#7946,#8575,.T.);
#8575 = LINE('',#8576,#8577);
#8576 = CARTESIAN_POINT('',(114.775,-58.96,1.51));
#8577 = VECTOR('',#8578,1.);
#8578 = DIRECTION('',(1.,0.,0.));
#8579 = ORIENTED_EDGE('',*,*,#7975,.F.);
#8580 = FACE_BOUND('',#8581,.T.);
#8581 = EDGE_LOOP('',(#8582));
#8582 = ORIENTED_EDGE('',*,*,#8583,.T.);
#8583 = EDGE_CURVE('',#8584,#8584,#8586,.T.);
#8584 = VERTEX_POINT('',#8585);
#8585 = CARTESIAN_POINT('',(120.45,-134.11,1.51));
#8586 = CIRCLE('',#8587,2.5);
#8587 = AXIS2_PLACEMENT_3D('',#8588,#8589,#8590);
#8588 = CARTESIAN_POINT('',(120.45,-131.61,1.51));
#8589 = DIRECTION('',(-0.,0.,-1.));
#8590 = DIRECTION('',(-0.,-1.,0.));
#8591 = FACE_BOUND('',#8592,.T.);
#8592 = EDGE_LOOP('',(#8593));
#8593 = ORIENTED_EDGE('',*,*,#8594,.T.);
#8594 = EDGE_CURVE('',#8595,#8595,#8597,.T.);
#8595 = VERTEX_POINT('',#8596);
#8596 = CARTESIAN_POINT('',(120.9,-115.6925,1.51));
#8597 = CIRCLE('',#8598,0.5);
#8598 = AXIS2_PLACEMENT_3D('',#8599,#8600,#8601);
#8599 = CARTESIAN_POINT('',(120.9,-115.1925,1.51));
#8600 = DIRECTION('',(-0.,0.,-1.));
#8601 = DIRECTION('',(-0.,-1.,0.));
#8602 = FACE_BOUND('',#8603,.T.);
#8603 = EDGE_LOOP('',(#8604));
#8604 = ORIENTED_EDGE('',*,*,#8605,.T.);
#8605 = EDGE_CURVE('',#8606,#8606,#8608,.T.);
#8606 = VERTEX_POINT('',#8607);
#8607 = CARTESIAN_POINT('',(120.9,-113.1525,1.51));
#8608 = CIRCLE('',#8609,0.5);
#8609 = AXIS2_PLACEMENT_3D('',#8610,#8611,#8612);
#8610 = CARTESIAN_POINT('',(120.9,-112.6525,1.51));
#8611 = DIRECTION('',(-0.,0.,-1.));
#8612 = DIRECTION('',(-0.,-1.,0.));
#8613 = FACE_BOUND('',#8614,.T.);
#8614 = EDGE_LOOP('',(#8615));
#8615 = ORIENTED_EDGE('',*,*,#8616,.T.);
#8616 = EDGE_CURVE('',#8617,#8617,#8619,.T.);
#8617 = VERTEX_POINT('',#8618);
#8618 = CARTESIAN_POINT('',(120.9,-110.6125,1.51));
#8619 = CIRCLE('',#8620,0.5);
#8620 = AXIS2_PLACEMENT_3D('',#8621,#8622,#8623);
#8621 = CARTESIAN_POINT('',(120.9,-110.1125,1.51));
#8622 = DIRECTION('',(-0.,0.,-1.));
#8623 = DIRECTION('',(-0.,-1.,0.));
#8624 = FACE_BOUND('',#8625,.T.);
#8625 = EDGE_LOOP('',(#8626));
#8626 = ORIENTED_EDGE('',*,*,#8627,.T.);
#8627 = EDGE_CURVE('',#8628,#8628,#8630,.T.);
#8628 = VERTEX_POINT('',#8629);
#8629 = CARTESIAN_POINT('',(120.9,-108.0725,1.51));
#8630 = CIRCLE('',#8631,0.5);
#8631 = AXIS2_PLACEMENT_3D('',#8632,#8633,#8634);
#8632 = CARTESIAN_POINT('',(120.9,-107.5725,1.51));
#8633 = DIRECTION('',(-0.,0.,-1.));
#8634 = DIRECTION('',(-0.,-1.,0.));
#8635 = FACE_BOUND('',#8636,.T.);
#8636 = EDGE_LOOP('',(#8637));
#8637 = ORIENTED_EDGE('',*,*,#8638,.T.);
#8638 = EDGE_CURVE('',#8639,#8639,#8641,.T.);
#8639 = VERTEX_POINT('',#8640);
#8640 = CARTESIAN_POINT('',(125.295,-110.71,1.51));
#8641 = CIRCLE('',#8642,0.5);
#8642 = AXIS2_PLACEMENT_3D('',#8643,#8644,#8645);
#8643 = CARTESIAN_POINT('',(125.295,-110.21,1.51));
#8644 = DIRECTION('',(-0.,0.,-1.));
#8645 = DIRECTION('',(-0.,-1.,0.));
#8646 = FACE_BOUND('',#8647,.T.);
#8647 = EDGE_LOOP('',(#8648));
#8648 = ORIENTED_EDGE('',*,*,#8649,.T.);
#8649 = EDGE_CURVE('',#8650,#8650,#8652,.T.);
#8650 = VERTEX_POINT('',#8651);
#8651 = CARTESIAN_POINT('',(120.9,-105.5325,1.51));
#8652 = CIRCLE('',#8653,0.5);
#8653 = AXIS2_PLACEMENT_3D('',#8654,#8655,#8656);
#8654 = CARTESIAN_POINT('',(120.9,-105.0325,1.51));
#8655 = DIRECTION('',(-0.,0.,-1.));
#8656 = DIRECTION('',(-0.,-1.,0.));
#8657 = FACE_BOUND('',#8658,.T.);
#8658 = EDGE_LOOP('',(#8659));
#8659 = ORIENTED_EDGE('',*,*,#8660,.T.);
#8660 = EDGE_CURVE('',#8661,#8661,#8663,.T.);
#8661 = VERTEX_POINT('',#8662);
#8662 = CARTESIAN_POINT('',(120.9,-102.9925,1.51));
#8663 = CIRCLE('',#8664,0.5);
#8664 = AXIS2_PLACEMENT_3D('',#8665,#8666,#8667);
#8665 = CARTESIAN_POINT('',(120.9,-102.4925,1.51));
#8666 = DIRECTION('',(-0.,0.,-1.));
#8667 = DIRECTION('',(-0.,-1.,0.));
#8668 = FACE_BOUND('',#8669,.T.);
#8669 = EDGE_LOOP('',(#8670));
#8670 = ORIENTED_EDGE('',*,*,#8671,.T.);
#8671 = EDGE_CURVE('',#8672,#8672,#8674,.T.);
#8672 = VERTEX_POINT('',#8673);
#8673 = CARTESIAN_POINT('',(120.9,-100.4525,1.51));
#8674 = CIRCLE('',#8675,0.5);
#8675 = AXIS2_PLACEMENT_3D('',#8676,#8677,#8678);
#8676 = CARTESIAN_POINT('',(120.9,-99.9525,1.51));
#8677 = DIRECTION('',(-0.,0.,-1.));
#8678 = DIRECTION('',(-0.,-1.,0.));
#8679 = FACE_BOUND('',#8680,.T.);
#8680 = EDGE_LOOP('',(#8681));
#8681 = ORIENTED_EDGE('',*,*,#8682,.T.);
#8682 = EDGE_CURVE('',#8683,#8683,#8685,.T.);
#8683 = VERTEX_POINT('',#8684);
#8684 = CARTESIAN_POINT('',(166.45,-134.11,1.51));
#8685 = CIRCLE('',#8686,2.5);
#8686 = AXIS2_PLACEMENT_3D('',#8687,#8688,#8689);
#8687 = CARTESIAN_POINT('',(166.45,-131.61,1.51));
#8688 = DIRECTION('',(-0.,0.,-1.));
#8689 = DIRECTION('',(-0.,-1.,0.));
#8690 = FACE_BOUND('',#8691,.T.);
#8691 = EDGE_LOOP('',(#8692));
#8692 = ORIENTED_EDGE('',*,*,#8693,.T.);
#8693 = EDGE_CURVE('',#8694,#8694,#8696,.T.);
#8694 = VERTEX_POINT('',#8695);
#8695 = CARTESIAN_POINT('',(156.2,-123.98,1.51));
#8696 = CIRCLE('',#8697,0.5);
#8697 = AXIS2_PLACEMENT_3D('',#8698,#8699,#8700);
#8698 = CARTESIAN_POINT('',(156.2,-123.48,1.51));
#8699 = DIRECTION('',(-0.,0.,-1.));
#8700 = DIRECTION('',(-0.,-1.,0.));
#8701 = FACE_BOUND('',#8702,.T.);
#8702 = EDGE_LOOP('',(#8703));
#8703 = ORIENTED_EDGE('',*,*,#8704,.T.);
#8704 = EDGE_CURVE('',#8705,#8705,#8707,.T.);
#8705 = VERTEX_POINT('',#8706);
#8706 = CARTESIAN_POINT('',(156.2,-121.44,1.51));
#8707 = CIRCLE('',#8708,0.5);
#8708 = AXIS2_PLACEMENT_3D('',#8709,#8710,#8711);
#8709 = CARTESIAN_POINT('',(156.2,-120.94,1.51));
#8710 = DIRECTION('',(-0.,0.,-1.));
#8711 = DIRECTION('',(-0.,-1.,0.));
#8712 = FACE_BOUND('',#8713,.T.);
#8713 = EDGE_LOOP('',(#8714));
#8714 = ORIENTED_EDGE('',*,*,#8715,.T.);
#8715 = EDGE_CURVE('',#8716,#8716,#8718,.T.);
#8716 = VERTEX_POINT('',#8717);
#8717 = CARTESIAN_POINT('',(156.2,-118.9,1.51));
#8718 = CIRCLE('',#8719,0.5);
#8719 = AXIS2_PLACEMENT_3D('',#8720,#8721,#8722);
#8720 = CARTESIAN_POINT('',(156.2,-118.4,1.51));
#8721 = DIRECTION('',(-0.,0.,-1.));
#8722 = DIRECTION('',(-0.,-1.,0.));
#8723 = FACE_BOUND('',#8724,.T.);
#8724 = EDGE_LOOP('',(#8725));
#8725 = ORIENTED_EDGE('',*,*,#8726,.T.);
#8726 = EDGE_CURVE('',#8727,#8727,#8729,.T.);
#8727 = VERTEX_POINT('',#8728);
#8728 = CARTESIAN_POINT('',(148.9,-115.6927,1.51));
#8729 = CIRCLE('',#8730,0.5);
#8730 = AXIS2_PLACEMENT_3D('',#8731,#8732,#8733);
#8731 = CARTESIAN_POINT('',(148.9,-115.1927,1.51));
#8732 = DIRECTION('',(-0.,0.,-1.));
#8733 = DIRECTION('',(-0.,-1.,0.));
#8734 = FACE_BOUND('',#8735,.T.);
#8735 = EDGE_LOOP('',(#8736));
#8736 = ORIENTED_EDGE('',*,*,#8737,.T.);
#8737 = EDGE_CURVE('',#8738,#8738,#8740,.T.);
#8738 = VERTEX_POINT('',#8739);
#8739 = CARTESIAN_POINT('',(148.9,-113.1527,1.51));
#8740 = CIRCLE('',#8741,0.5);
#8741 = AXIS2_PLACEMENT_3D('',#8742,#8743,#8744);
#8742 = CARTESIAN_POINT('',(148.9,-112.6527,1.51));
#8743 = DIRECTION('',(-0.,0.,-1.));
#8744 = DIRECTION('',(-0.,-1.,0.));
#8745 = FACE_BOUND('',#8746,.T.);
#8746 = EDGE_LOOP('',(#8747));
#8747 = ORIENTED_EDGE('',*,*,#8748,.T.);
#8748 = EDGE_CURVE('',#8749,#8749,#8751,.T.);
#8749 = VERTEX_POINT('',#8750);
#8750 = CARTESIAN_POINT('',(148.9,-110.6127,1.51));
#8751 = CIRCLE('',#8752,0.5);
#8752 = AXIS2_PLACEMENT_3D('',#8753,#8754,#8755);
#8753 = CARTESIAN_POINT('',(148.9,-110.1127,1.51));
#8754 = DIRECTION('',(-0.,0.,-1.));
#8755 = DIRECTION('',(-0.,-1.,0.));
#8756 = FACE_BOUND('',#8757,.T.);
#8757 = EDGE_LOOP('',(#8758));
#8758 = ORIENTED_EDGE('',*,*,#8759,.T.);
#8759 = EDGE_CURVE('',#8760,#8760,#8762,.T.);
#8760 = VERTEX_POINT('',#8761);
#8761 = CARTESIAN_POINT('',(148.9,-108.0727,1.51));
#8762 = CIRCLE('',#8763,0.5);
#8763 = AXIS2_PLACEMENT_3D('',#8764,#8765,#8766);
#8764 = CARTESIAN_POINT('',(148.9,-107.5727,1.51));
#8765 = DIRECTION('',(-0.,0.,-1.));
#8766 = DIRECTION('',(-0.,-1.,0.));
#8767 = FACE_BOUND('',#8768,.T.);
#8768 = EDGE_LOOP('',(#8769));
#8769 = ORIENTED_EDGE('',*,*,#8770,.T.);
#8770 = EDGE_CURVE('',#8771,#8771,#8773,.T.);
#8771 = VERTEX_POINT('',#8772);
#8772 = CARTESIAN_POINT('',(148.9,-105.5327,1.51));
#8773 = CIRCLE('',#8774,0.5);
#8774 = AXIS2_PLACEMENT_3D('',#8775,#8776,#8777);
#8775 = CARTESIAN_POINT('',(148.9,-105.0327,1.51));
#8776 = DIRECTION('',(-0.,0.,-1.));
#8777 = DIRECTION('',(-0.,-1.,0.));
#8778 = FACE_BOUND('',#8779,.T.);
#8779 = EDGE_LOOP('',(#8780));
#8780 = ORIENTED_EDGE('',*,*,#8781,.T.);
#8781 = EDGE_CURVE('',#8782,#8782,#8784,.T.);
#8782 = VERTEX_POINT('',#8783);
#8783 = CARTESIAN_POINT('',(148.9,-102.9927,1.51));
#8784 = CIRCLE('',#8785,0.5);
#8785 = AXIS2_PLACEMENT_3D('',#8786,#8787,#8788);
#8786 = CARTESIAN_POINT('',(148.9,-102.4927,1.51));
#8787 = DIRECTION('',(-0.,0.,-1.));
#8788 = DIRECTION('',(-0.,-1.,0.));
#8789 = FACE_BOUND('',#8790,.T.);
#8790 = EDGE_LOOP('',(#8791));
#8791 = ORIENTED_EDGE('',*,*,#8792,.T.);
#8792 = EDGE_CURVE('',#8793,#8793,#8795,.T.);
#8793 = VERTEX_POINT('',#8794);
#8794 = CARTESIAN_POINT('',(148.9,-100.4527,1.51));
#8795 = CIRCLE('',#8796,0.5);
#8796 = AXIS2_PLACEMENT_3D('',#8797,#8798,#8799);
#8797 = CARTESIAN_POINT('',(148.9,-99.9527,1.51));
#8798 = DIRECTION('',(-0.,0.,-1.));
#8799 = DIRECTION('',(-0.,-1.,0.));
#8800 = FACE_BOUND('',#8801,.T.);
#8801 = EDGE_LOOP('',(#8802));
#8802 = ORIENTED_EDGE('',*,*,#8803,.T.);
#8803 = EDGE_CURVE('',#8804,#8804,#8806,.T.);
#8804 = VERTEX_POINT('',#8805);
#8805 = CARTESIAN_POINT('',(156.2,-116.36,1.51));
#8806 = CIRCLE('',#8807,0.5);
#8807 = AXIS2_PLACEMENT_3D('',#8808,#8809,#8810);
#8808 = CARTESIAN_POINT('',(156.2,-115.86,1.51));
#8809 = DIRECTION('',(-0.,0.,-1.));
#8810 = DIRECTION('',(-0.,-1.,0.));
#8811 = FACE_BOUND('',#8812,.T.);
#8812 = EDGE_LOOP('',(#8813));
#8813 = ORIENTED_EDGE('',*,*,#8814,.T.);
#8814 = EDGE_CURVE('',#8815,#8815,#8817,.T.);
#8815 = VERTEX_POINT('',#8816);
#8816 = CARTESIAN_POINT('',(156.2,-108.71,1.51));
#8817 = CIRCLE('',#8818,0.5);
#8818 = AXIS2_PLACEMENT_3D('',#8819,#8820,#8821);
#8819 = CARTESIAN_POINT('',(156.2,-108.21,1.51));
#8820 = DIRECTION('',(-0.,0.,-1.));
#8821 = DIRECTION('',(-0.,-1.,0.));
#8822 = FACE_BOUND('',#8823,.T.);
#8823 = EDGE_LOOP('',(#8824));
#8824 = ORIENTED_EDGE('',*,*,#8825,.T.);
#8825 = EDGE_CURVE('',#8826,#8826,#8828,.T.);
#8826 = VERTEX_POINT('',#8827);
#8827 = CARTESIAN_POINT('',(156.2,-106.17,1.51));
#8828 = CIRCLE('',#8829,0.5);
#8829 = AXIS2_PLACEMENT_3D('',#8830,#8831,#8832);
#8830 = CARTESIAN_POINT('',(156.2,-105.67,1.51));
#8831 = DIRECTION('',(-0.,0.,-1.));
#8832 = DIRECTION('',(-0.,-1.,0.));
#8833 = FACE_BOUND('',#8834,.T.);
#8834 = EDGE_LOOP('',(#8835));
#8835 = ORIENTED_EDGE('',*,*,#8836,.T.);
#8836 = EDGE_CURVE('',#8837,#8837,#8839,.T.);
#8837 = VERTEX_POINT('',#8838);
#8838 = CARTESIAN_POINT('',(156.2,-103.63,1.51));
#8839 = CIRCLE('',#8840,0.5);
#8840 = AXIS2_PLACEMENT_3D('',#8841,#8842,#8843);
#8841 = CARTESIAN_POINT('',(156.2,-103.13,1.51));
#8842 = DIRECTION('',(-0.,0.,-1.));
#8843 = DIRECTION('',(-0.,-1.,0.));
#8844 = FACE_BOUND('',#8845,.T.);
#8845 = EDGE_LOOP('',(#8846));
#8846 = ORIENTED_EDGE('',*,*,#8847,.T.);
#8847 = EDGE_CURVE('',#8848,#8848,#8850,.T.);
#8848 = VERTEX_POINT('',#8849);
#8849 = CARTESIAN_POINT('',(156.2,-101.09,1.51));
#8850 = CIRCLE('',#8851,0.5);
#8851 = AXIS2_PLACEMENT_3D('',#8852,#8853,#8854);
#8852 = CARTESIAN_POINT('',(156.2,-100.59,1.51));
#8853 = DIRECTION('',(-0.,0.,-1.));
#8854 = DIRECTION('',(-0.,-1.,0.));
#8855 = FACE_BOUND('',#8856,.T.);
#8856 = EDGE_LOOP('',(#8857));
#8857 = ORIENTED_EDGE('',*,*,#8858,.T.);
#8858 = EDGE_CURVE('',#8859,#8859,#8861,.T.);
#8859 = VERTEX_POINT('',#8860);
#8860 = CARTESIAN_POINT('',(120.9,-97.9125,1.51));
#8861 = CIRCLE('',#8862,0.5);
#8862 = AXIS2_PLACEMENT_3D('',#8863,#8864,#8865);
#8863 = CARTESIAN_POINT('',(120.9,-97.4125,1.51));
#8864 = DIRECTION('',(-0.,0.,-1.));
#8865 = DIRECTION('',(-0.,-1.,0.));
#8866 = FACE_BOUND('',#8867,.T.);
#8867 = EDGE_LOOP('',(#8868));
#8868 = ORIENTED_EDGE('',*,*,#8869,.T.);
#8869 = EDGE_CURVE('',#8870,#8870,#8872,.T.);
#8870 = VERTEX_POINT('',#8871);
#8871 = CARTESIAN_POINT('',(120.9,-95.3725,1.51));
#8872 = CIRCLE('',#8873,0.5);
#8873 = AXIS2_PLACEMENT_3D('',#8874,#8875,#8876);
#8874 = CARTESIAN_POINT('',(120.9,-94.8725,1.51));
#8875 = DIRECTION('',(-0.,0.,-1.));
#8876 = DIRECTION('',(-0.,-1.,0.));
#8877 = FACE_BOUND('',#8878,.T.);
#8878 = EDGE_LOOP('',(#8879));
#8879 = ORIENTED_EDGE('',*,*,#8880,.T.);
#8880 = EDGE_CURVE('',#8881,#8881,#8883,.T.);
#8881 = VERTEX_POINT('',#8882);
#8882 = CARTESIAN_POINT('',(120.9,-92.8325,1.51));
#8883 = CIRCLE('',#8884,0.5);
#8884 = AXIS2_PLACEMENT_3D('',#8885,#8886,#8887);
#8885 = CARTESIAN_POINT('',(120.9,-92.3325,1.51));
#8886 = DIRECTION('',(-0.,0.,-1.));
#8887 = DIRECTION('',(-0.,-1.,0.));
#8888 = FACE_BOUND('',#8889,.T.);
#8889 = EDGE_LOOP('',(#8890));
#8890 = ORIENTED_EDGE('',*,*,#8891,.T.);
#8891 = EDGE_CURVE('',#8892,#8892,#8894,.T.);
#8892 = VERTEX_POINT('',#8893);
#8893 = CARTESIAN_POINT('',(120.9,-90.2925,1.51));
#8894 = CIRCLE('',#8895,0.5);
#8895 = AXIS2_PLACEMENT_3D('',#8896,#8897,#8898);
#8896 = CARTESIAN_POINT('',(120.9,-89.7925,1.51));
#8897 = DIRECTION('',(-0.,0.,-1.));
#8898 = DIRECTION('',(-0.,-1.,0.));
#8899 = FACE_BOUND('',#8900,.T.);
#8900 = EDGE_LOOP('',(#8901));
#8901 = ORIENTED_EDGE('',*,*,#8902,.T.);
#8902 = EDGE_CURVE('',#8903,#8903,#8905,.T.);
#8903 = VERTEX_POINT('',#8904);
#8904 = CARTESIAN_POINT('',(120.9,-87.7525,1.51));
#8905 = CIRCLE('',#8906,0.5);
#8906 = AXIS2_PLACEMENT_3D('',#8907,#8908,#8909);
#8907 = CARTESIAN_POINT('',(120.9,-87.2525,1.51));
#8908 = DIRECTION('',(-0.,0.,-1.));
#8909 = DIRECTION('',(-0.,-1.,0.));
#8910 = FACE_BOUND('',#8911,.T.);
#8911 = EDGE_LOOP('',(#8912));
#8912 = ORIENTED_EDGE('',*,*,#8913,.T.);
#8913 = EDGE_CURVE('',#8914,#8914,#8916,.T.);
#8914 = VERTEX_POINT('',#8915);
#8915 = CARTESIAN_POINT('',(120.9,-85.2125,1.51));
#8916 = CIRCLE('',#8917,0.5);
#8917 = AXIS2_PLACEMENT_3D('',#8918,#8919,#8920);
#8918 = CARTESIAN_POINT('',(120.9,-84.7125,1.51));
#8919 = DIRECTION('',(-0.,0.,-1.));
#8920 = DIRECTION('',(-0.,-1.,0.));
#8921 = FACE_BOUND('',#8922,.T.);
#8922 = EDGE_LOOP('',(#8923));
#8923 = ORIENTED_EDGE('',*,*,#8924,.T.);
#8924 = EDGE_CURVE('',#8925,#8925,#8927,.T.);
#8925 = VERTEX_POINT('',#8926);
#8926 = CARTESIAN_POINT('',(120.9,-82.6725,1.51));
#8927 = CIRCLE('',#8928,0.5);
#8928 = AXIS2_PLACEMENT_3D('',#8929,#8930,#8931);
#8929 = CARTESIAN_POINT('',(120.9,-82.1725,1.51));
#8930 = DIRECTION('',(-0.,0.,-1.));
#8931 = DIRECTION('',(-0.,-1.,0.));
#8932 = FACE_BOUND('',#8933,.T.);
#8933 = EDGE_LOOP('',(#8934));
#8934 = ORIENTED_EDGE('',*,*,#8935,.T.);
#8935 = EDGE_CURVE('',#8936,#8936,#8938,.T.);
#8936 = VERTEX_POINT('',#8937);
#8937 = CARTESIAN_POINT('',(120.9,-80.1325,1.51));
#8938 = CIRCLE('',#8939,0.5);
#8939 = AXIS2_PLACEMENT_3D('',#8940,#8941,#8942);
#8940 = CARTESIAN_POINT('',(120.9,-79.6325,1.51));
#8941 = DIRECTION('',(-0.,0.,-1.));
#8942 = DIRECTION('',(-0.,-1.,0.));
#8943 = FACE_BOUND('',#8944,.T.);
#8944 = EDGE_LOOP('',(#8945));
#8945 = ORIENTED_EDGE('',*,*,#8946,.T.);
#8946 = EDGE_CURVE('',#8947,#8947,#8949,.T.);
#8947 = VERTEX_POINT('',#8948);
#8948 = CARTESIAN_POINT('',(120.45,-66.61,1.51));
#8949 = CIRCLE('',#8950,2.5);
#8950 = AXIS2_PLACEMENT_3D('',#8951,#8952,#8953);
#8951 = CARTESIAN_POINT('',(120.45,-64.11,1.51));
#8952 = DIRECTION('',(-0.,0.,-1.));
#8953 = DIRECTION('',(-0.,-1.,0.));
#8954 = FACE_BOUND('',#8955,.T.);
#8955 = EDGE_LOOP('',(#8956));
#8956 = ORIENTED_EDGE('',*,*,#8957,.T.);
#8957 = EDGE_CURVE('',#8958,#8958,#8960,.T.);
#8958 = VERTEX_POINT('',#8959);
#8959 = CARTESIAN_POINT('',(148.9,-97.9127,1.51));
#8960 = CIRCLE('',#8961,0.5);
#8961 = AXIS2_PLACEMENT_3D('',#8962,#8963,#8964);
#8962 = CARTESIAN_POINT('',(148.9,-97.4127,1.51));
#8963 = DIRECTION('',(-0.,0.,-1.));
#8964 = DIRECTION('',(-0.,-1.,0.));
#8965 = FACE_BOUND('',#8966,.T.);
#8966 = EDGE_LOOP('',(#8967));
#8967 = ORIENTED_EDGE('',*,*,#8968,.T.);
#8968 = EDGE_CURVE('',#8969,#8969,#8971,.T.);
#8969 = VERTEX_POINT('',#8970);
#8970 = CARTESIAN_POINT('',(148.9,-95.3727,1.51));
#8971 = CIRCLE('',#8972,0.5);
#8972 = AXIS2_PLACEMENT_3D('',#8973,#8974,#8975);
#8973 = CARTESIAN_POINT('',(148.9,-94.8727,1.51));
#8974 = DIRECTION('',(-0.,0.,-1.));
#8975 = DIRECTION('',(-0.,-1.,0.));
#8976 = FACE_BOUND('',#8977,.T.);
#8977 = EDGE_LOOP('',(#8978));
#8978 = ORIENTED_EDGE('',*,*,#8979,.T.);
#8979 = EDGE_CURVE('',#8980,#8980,#8982,.T.);
#8980 = VERTEX_POINT('',#8981);
#8981 = CARTESIAN_POINT('',(148.9,-92.8327,1.51));
#8982 = CIRCLE('',#8983,0.5);
#8983 = AXIS2_PLACEMENT_3D('',#8984,#8985,#8986);
#8984 = CARTESIAN_POINT('',(148.9,-92.3327,1.51));
#8985 = DIRECTION('',(-0.,0.,-1.));
#8986 = DIRECTION('',(-0.,-1.,0.));
#8987 = FACE_BOUND('',#8988,.T.);
#8988 = EDGE_LOOP('',(#8989));
#8989 = ORIENTED_EDGE('',*,*,#8990,.T.);
#8990 = EDGE_CURVE('',#8991,#8991,#8993,.T.);
#8991 = VERTEX_POINT('',#8992);
#8992 = CARTESIAN_POINT('',(148.9,-90.2927,1.51));
#8993 = CIRCLE('',#8994,0.5);
#8994 = AXIS2_PLACEMENT_3D('',#8995,#8996,#8997);
#8995 = CARTESIAN_POINT('',(148.9,-89.7927,1.51));
#8996 = DIRECTION('',(-0.,0.,-1.));
#8997 = DIRECTION('',(-0.,-1.,0.));
#8998 = FACE_BOUND('',#8999,.T.);
#8999 = EDGE_LOOP('',(#9000));
#9000 = ORIENTED_EDGE('',*,*,#9001,.T.);
#9001 = EDGE_CURVE('',#9002,#9002,#9004,.T.);
#9002 = VERTEX_POINT('',#9003);
#9003 = CARTESIAN_POINT('',(148.9,-87.7527,1.51));
#9004 = CIRCLE('',#9005,0.5);
#9005 = AXIS2_PLACEMENT_3D('',#9006,#9007,#9008);
#9006 = CARTESIAN_POINT('',(148.9,-87.2527,1.51));
#9007 = DIRECTION('',(-0.,0.,-1.));
#9008 = DIRECTION('',(-0.,-1.,0.));
#9009 = FACE_BOUND('',#9010,.T.);
#9010 = EDGE_LOOP('',(#9011));
#9011 = ORIENTED_EDGE('',*,*,#9012,.T.);
#9012 = EDGE_CURVE('',#9013,#9013,#9015,.T.);
#9013 = VERTEX_POINT('',#9014);
#9014 = CARTESIAN_POINT('',(148.9,-85.2127,1.51));
#9015 = CIRCLE('',#9016,0.5);
#9016 = AXIS2_PLACEMENT_3D('',#9017,#9018,#9019);
#9017 = CARTESIAN_POINT('',(148.9,-84.7127,1.51));
#9018 = DIRECTION('',(-0.,0.,-1.));
#9019 = DIRECTION('',(-0.,-1.,0.));
#9020 = FACE_BOUND('',#9021,.T.);
#9021 = EDGE_LOOP('',(#9022));
#9022 = ORIENTED_EDGE('',*,*,#9023,.T.);
#9023 = EDGE_CURVE('',#9024,#9024,#9026,.T.);
#9024 = VERTEX_POINT('',#9025);
#9025 = CARTESIAN_POINT('',(148.9,-82.6727,1.51));
#9026 = CIRCLE('',#9027,0.5);
#9027 = AXIS2_PLACEMENT_3D('',#9028,#9029,#9030);
#9028 = CARTESIAN_POINT('',(148.9,-82.1727,1.51));
#9029 = DIRECTION('',(-0.,0.,-1.));
#9030 = DIRECTION('',(-0.,-1.,0.));
#9031 = FACE_BOUND('',#9032,.T.);
#9032 = EDGE_LOOP('',(#9033));
#9033 = ORIENTED_EDGE('',*,*,#9034,.T.);
#9034 = EDGE_CURVE('',#9035,#9035,#9037,.T.);
#9035 = VERTEX_POINT('',#9036);
#9036 = CARTESIAN_POINT('',(154.775,-81.51,1.51));
#9037 = CIRCLE('',#9038,0.5);
#9038 = AXIS2_PLACEMENT_3D('',#9039,#9040,#9041);
#9039 = CARTESIAN_POINT('',(154.775,-81.01,1.51));
#9040 = DIRECTION('',(-0.,0.,-1.));
#9041 = DIRECTION('',(-0.,-1.,0.));
#9042 = FACE_BOUND('',#9043,.T.);
#9043 = EDGE_LOOP('',(#9044));
#9044 = ORIENTED_EDGE('',*,*,#9045,.T.);
#9045 = EDGE_CURVE('',#9046,#9046,#9048,.T.);
#9046 = VERTEX_POINT('',#9047);
#9047 = CARTESIAN_POINT('',(156.2,-93.46,1.51));
#9048 = CIRCLE('',#9049,0.5);
#9049 = AXIS2_PLACEMENT_3D('',#9050,#9051,#9052);
#9050 = CARTESIAN_POINT('',(156.2,-92.96,1.51));
#9051 = DIRECTION('',(-0.,0.,-1.));
#9052 = DIRECTION('',(-0.,-1.,0.));
#9053 = FACE_BOUND('',#9054,.T.);
#9054 = EDGE_LOOP('',(#9055));
#9055 = ORIENTED_EDGE('',*,*,#9056,.T.);
#9056 = EDGE_CURVE('',#9057,#9057,#9059,.T.);
#9057 = VERTEX_POINT('',#9058);
#9058 = CARTESIAN_POINT('',(156.2,-90.92,1.51));
#9059 = CIRCLE('',#9060,0.5);
#9060 = AXIS2_PLACEMENT_3D('',#9061,#9062,#9063);
#9061 = CARTESIAN_POINT('',(156.2,-90.42,1.51));
#9062 = DIRECTION('',(-0.,0.,-1.));
#9063 = DIRECTION('',(-0.,-1.,0.));
#9064 = FACE_BOUND('',#9065,.T.);
#9065 = EDGE_LOOP('',(#9066));
#9066 = ORIENTED_EDGE('',*,*,#9067,.T.);
#9067 = EDGE_CURVE('',#9068,#9068,#9070,.T.);
#9068 = VERTEX_POINT('',#9069);
#9069 = CARTESIAN_POINT('',(156.2,-88.38,1.51));
#9070 = CIRCLE('',#9071,0.5);
#9071 = AXIS2_PLACEMENT_3D('',#9072,#9073,#9074);
#9072 = CARTESIAN_POINT('',(156.2,-87.88,1.51));
#9073 = DIRECTION('',(-0.,0.,-1.));
#9074 = DIRECTION('',(-0.,-1.,0.));
#9075 = FACE_BOUND('',#9076,.T.);
#9076 = EDGE_LOOP('',(#9077));
#9077 = ORIENTED_EDGE('',*,*,#9078,.T.);
#9078 = EDGE_CURVE('',#9079,#9079,#9081,.T.);
#9079 = VERTEX_POINT('',#9080);
#9080 = CARTESIAN_POINT('',(156.2,-85.84,1.51));
#9081 = CIRCLE('',#9082,0.5);
#9082 = AXIS2_PLACEMENT_3D('',#9083,#9084,#9085);
#9083 = CARTESIAN_POINT('',(156.2,-85.34,1.51));
#9084 = DIRECTION('',(-0.,0.,-1.));
#9085 = DIRECTION('',(-0.,-1.,0.));
#9086 = FACE_BOUND('',#9087,.T.);
#9087 = EDGE_LOOP('',(#9088));
#9088 = ORIENTED_EDGE('',*,*,#9089,.T.);
#9089 = EDGE_CURVE('',#9090,#9090,#9092,.T.);
#9090 = VERTEX_POINT('',#9091);
#9091 = CARTESIAN_POINT('',(148.9,-80.1327,1.51));
#9092 = CIRCLE('',#9093,0.5);
#9093 = AXIS2_PLACEMENT_3D('',#9094,#9095,#9096);
#9094 = CARTESIAN_POINT('',(148.9,-79.6327,1.51));
#9095 = DIRECTION('',(-0.,0.,-1.));
#9096 = DIRECTION('',(-0.,-1.,0.));
#9097 = FACE_BOUND('',#9098,.T.);
#9098 = EDGE_LOOP('',(#9099));
#9099 = ORIENTED_EDGE('',*,*,#9100,.T.);
#9100 = EDGE_CURVE('',#9101,#9101,#9103,.T.);
#9101 = VERTEX_POINT('',#9102);
#9102 = CARTESIAN_POINT('',(156.2,-74.35,1.51));
#9103 = CIRCLE('',#9104,0.5);
#9104 = AXIS2_PLACEMENT_3D('',#9105,#9106,#9107);
#9105 = CARTESIAN_POINT('',(156.2,-73.85,1.51));
#9106 = DIRECTION('',(-0.,0.,-1.));
#9107 = DIRECTION('',(-0.,-1.,0.));
#9108 = FACE_BOUND('',#9109,.T.);
#9109 = EDGE_LOOP('',(#9110));
#9110 = ORIENTED_EDGE('',*,*,#9111,.T.);
#9111 = EDGE_CURVE('',#9112,#9112,#9114,.T.);
#9112 = VERTEX_POINT('',#9113);
#9113 = CARTESIAN_POINT('',(156.2,-71.81,1.51));
#9114 = CIRCLE('',#9115,0.5);
#9115 = AXIS2_PLACEMENT_3D('',#9116,#9117,#9118);
#9116 = CARTESIAN_POINT('',(156.2,-71.31,1.51));
#9117 = DIRECTION('',(-0.,0.,-1.));
#9118 = DIRECTION('',(-0.,-1.,0.));
#9119 = FACE_BOUND('',#9120,.T.);
#9120 = EDGE_LOOP('',(#9121));
#9121 = ORIENTED_EDGE('',*,*,#9122,.T.);
#9122 = EDGE_CURVE('',#9123,#9123,#9125,.T.);
#9123 = VERTEX_POINT('',#9124);
#9124 = CARTESIAN_POINT('',(166.45,-66.61,1.51));
#9125 = CIRCLE('',#9126,2.5);
#9126 = AXIS2_PLACEMENT_3D('',#9127,#9128,#9129);
#9127 = CARTESIAN_POINT('',(166.45,-64.11,1.51));
#9128 = DIRECTION('',(-0.,0.,-1.));
#9129 = DIRECTION('',(-0.,-1.,0.));
#9130 = PLANE('',#9131);
#9131 = AXIS2_PLACEMENT_3D('',#9132,#9133,#9134);
#9132 = CARTESIAN_POINT('',(0.,0.,1.51));
#9133 = DIRECTION('',(0.,0.,1.));
#9134 = DIRECTION('',(1.,0.,-0.));
#9135 = ADVANCED_FACE('',(#9136),#9142,.T.);
#9136 = FACE_BOUND('',#9137,.T.);
#9137 = EDGE_LOOP('',(#9138,#9139,#9140,#9141));
#9138 = ORIENTED_EDGE('',*,*,#7983,.T.);
#9139 = ORIENTED_EDGE('',*,*,#8574,.T.);
#9140 = ORIENTED_EDGE('',*,*,#7943,.F.);
#9141 = ORIENTED_EDGE('',*,*,#8007,.F.);
#9142 = PLANE('',#9143);
#9143 = AXIS2_PLACEMENT_3D('',#9144,#9145,#9146);
#9144 = CARTESIAN_POINT('',(114.775,-58.96,0.));
#9145 = DIRECTION('',(0.,1.,0.));
#9146 = DIRECTION('',(1.,0.,0.));
#9147 = ADVANCED_FACE('',(#9148),#9159,.F.);
#9148 = FACE_BOUND('',#9149,.T.);
#9149 = EDGE_LOOP('',(#9150,#9151,#9157,#9158));
#9150 = ORIENTED_EDGE('',*,*,#8016,.T.);
#9151 = ORIENTED_EDGE('',*,*,#9152,.T.);
#9152 = EDGE_CURVE('',#8017,#8584,#9153,.T.);
#9153 = LINE('',#9154,#9155);
#9154 = CARTESIAN_POINT('',(120.45,-134.11,-4.6E-02));
#9155 = VECTOR('',#9156,1.);
#9156 = DIRECTION('',(0.,0.,1.));
#9157 = ORIENTED_EDGE('',*,*,#8583,.F.);
#9158 = ORIENTED_EDGE('',*,*,#9152,.F.);
#9159 = CYLINDRICAL_SURFACE('',#9160,2.5);
#9160 = AXIS2_PLACEMENT_3D('',#9161,#9162,#9163);
#9161 = CARTESIAN_POINT('',(120.45,-131.61,-4.6E-02));
#9162 = DIRECTION('',(-0.,-0.,-1.));
#9163 = DIRECTION('',(-0.,-1.,0.));
#9164 = ADVANCED_FACE('',(#9165),#9176,.F.);
#9165 = FACE_BOUND('',#9166,.T.);
#9166 = EDGE_LOOP('',(#9167,#9168,#9174,#9175));
#9167 = ORIENTED_EDGE('',*,*,#8027,.T.);
#9168 = ORIENTED_EDGE('',*,*,#9169,.T.);
#9169 = EDGE_CURVE('',#8028,#8595,#9170,.T.);
#9170 = LINE('',#9171,#9172);
#9171 = CARTESIAN_POINT('',(120.9,-115.6925,-4.6E-02));
#9172 = VECTOR('',#9173,1.);
#9173 = DIRECTION('',(0.,0.,1.));
#9174 = ORIENTED_EDGE('',*,*,#8594,.F.);
#9175 = ORIENTED_EDGE('',*,*,#9169,.F.);
#9176 = CYLINDRICAL_SURFACE('',#9177,0.5);
#9177 = AXIS2_PLACEMENT_3D('',#9178,#9179,#9180);
#9178 = CARTESIAN_POINT('',(120.9,-115.1925,-4.6E-02));
#9179 = DIRECTION('',(-0.,-0.,-1.));
#9180 = DIRECTION('',(-0.,-1.,0.));
#9181 = ADVANCED_FACE('',(#9182),#9193,.F.);
#9182 = FACE_BOUND('',#9183,.T.);
#9183 = EDGE_LOOP('',(#9184,#9185,#9191,#9192));
#9184 = ORIENTED_EDGE('',*,*,#8038,.T.);
#9185 = ORIENTED_EDGE('',*,*,#9186,.T.);
#9186 = EDGE_CURVE('',#8039,#8606,#9187,.T.);
#9187 = LINE('',#9188,#9189);
#9188 = CARTESIAN_POINT('',(120.9,-113.1525,-4.6E-02));
#9189 = VECTOR('',#9190,1.);
#9190 = DIRECTION('',(0.,0.,1.));
#9191 = ORIENTED_EDGE('',*,*,#8605,.F.);
#9192 = ORIENTED_EDGE('',*,*,#9186,.F.);
#9193 = CYLINDRICAL_SURFACE('',#9194,0.5);
#9194 = AXIS2_PLACEMENT_3D('',#9195,#9196,#9197);
#9195 = CARTESIAN_POINT('',(120.9,-112.6525,-4.6E-02));
#9196 = DIRECTION('',(-0.,-0.,-1.));
#9197 = DIRECTION('',(-0.,-1.,0.));
#9198 = ADVANCED_FACE('',(#9199),#9210,.F.);
#9199 = FACE_BOUND('',#9200,.T.);
#9200 = EDGE_LOOP('',(#9201,#9202,#9208,#9209));
#9201 = ORIENTED_EDGE('',*,*,#8049,.T.);
#9202 = ORIENTED_EDGE('',*,*,#9203,.T.);
#9203 = EDGE_CURVE('',#8050,#8617,#9204,.T.);
#9204 = LINE('',#9205,#9206);
#9205 = CARTESIAN_POINT('',(120.9,-110.6125,-4.6E-02));
#9206 = VECTOR('',#9207,1.);
#9207 = DIRECTION('',(0.,0.,1.));
#9208 = ORIENTED_EDGE('',*,*,#8616,.F.);
#9209 = ORIENTED_EDGE('',*,*,#9203,.F.);
#9210 = CYLINDRICAL_SURFACE('',#9211,0.5);
#9211 = AXIS2_PLACEMENT_3D('',#9212,#9213,#9214);
#9212 = CARTESIAN_POINT('',(120.9,-110.1125,-4.6E-02));
#9213 = DIRECTION('',(-0.,-0.,-1.));
#9214 = DIRECTION('',(-0.,-1.,0.));
#9215 = ADVANCED_FACE('',(#9216),#9227,.F.);
#9216 = FACE_BOUND('',#9217,.T.);
#9217 = EDGE_LOOP('',(#9218,#9219,#9225,#9226));
#9218 = ORIENTED_EDGE('',*,*,#8060,.T.);
#9219 = ORIENTED_EDGE('',*,*,#9220,.T.);
#9220 = EDGE_CURVE('',#8061,#8628,#9221,.T.);
#9221 = LINE('',#9222,#9223);
#9222 = CARTESIAN_POINT('',(120.9,-108.0725,-4.6E-02));
#9223 = VECTOR('',#9224,1.);
#9224 = DIRECTION('',(0.,0.,1.));
#9225 = ORIENTED_EDGE('',*,*,#8627,.F.);
#9226 = ORIENTED_EDGE('',*,*,#9220,.F.);
#9227 = CYLINDRICAL_SURFACE('',#9228,0.5);
#9228 = AXIS2_PLACEMENT_3D('',#9229,#9230,#9231);
#9229 = CARTESIAN_POINT('',(120.9,-107.5725,-4.6E-02));
#9230 = DIRECTION('',(-0.,-0.,-1.));
#9231 = DIRECTION('',(-0.,-1.,0.));
#9232 = ADVANCED_FACE('',(#9233),#9244,.F.);
#9233 = FACE_BOUND('',#9234,.T.);
#9234 = EDGE_LOOP('',(#9235,#9236,#9242,#9243));
#9235 = ORIENTED_EDGE('',*,*,#8071,.T.);
#9236 = ORIENTED_EDGE('',*,*,#9237,.T.);
#9237 = EDGE_CURVE('',#8072,#8639,#9238,.T.);
#9238 = LINE('',#9239,#9240);
#9239 = CARTESIAN_POINT('',(125.295,-110.71,-4.6E-02));
#9240 = VECTOR('',#9241,1.);
#9241 = DIRECTION('',(0.,0.,1.));
#9242 = ORIENTED_EDGE('',*,*,#8638,.F.);
#9243 = ORIENTED_EDGE('',*,*,#9237,.F.);
#9244 = CYLINDRICAL_SURFACE('',#9245,0.5);
#9245 = AXIS2_PLACEMENT_3D('',#9246,#9247,#9248);
#9246 = CARTESIAN_POINT('',(125.295,-110.21,-4.6E-02));
#9247 = DIRECTION('',(-0.,-0.,-1.));
#9248 = DIRECTION('',(-0.,-1.,0.));
#9249 = ADVANCED_FACE('',(#9250),#9261,.F.);
#9250 = FACE_BOUND('',#9251,.T.);
#9251 = EDGE_LOOP('',(#9252,#9253,#9259,#9260));
#9252 = ORIENTED_EDGE('',*,*,#8082,.T.);
#9253 = ORIENTED_EDGE('',*,*,#9254,.T.);
#9254 = EDGE_CURVE('',#8083,#8650,#9255,.T.);
#9255 = LINE('',#9256,#9257);
#9256 = CARTESIAN_POINT('',(120.9,-105.5325,-4.6E-02));
#9257 = VECTOR('',#9258,1.);
#9258 = DIRECTION('',(0.,0.,1.));
#9259 = ORIENTED_EDGE('',*,*,#8649,.F.);
#9260 = ORIENTED_EDGE('',*,*,#9254,.F.);
#9261 = CYLINDRICAL_SURFACE('',#9262,0.5);
#9262 = AXIS2_PLACEMENT_3D('',#9263,#9264,#9265);
#9263 = CARTESIAN_POINT('',(120.9,-105.0325,-4.6E-02));
#9264 = DIRECTION('',(-0.,-0.,-1.));
#9265 = DIRECTION('',(-0.,-1.,0.));
#9266 = ADVANCED_FACE('',(#9267),#9278,.F.);
#9267 = FACE_BOUND('',#9268,.T.);
#9268 = EDGE_LOOP('',(#9269,#9270,#9276,#9277));
#9269 = ORIENTED_EDGE('',*,*,#8093,.T.);
#9270 = ORIENTED_EDGE('',*,*,#9271,.T.);
#9271 = EDGE_CURVE('',#8094,#8661,#9272,.T.);
#9272 = LINE('',#9273,#9274);
#9273 = CARTESIAN_POINT('',(120.9,-102.9925,-4.6E-02));
#9274 = VECTOR('',#9275,1.);
#9275 = DIRECTION('',(0.,0.,1.));
#9276 = ORIENTED_EDGE('',*,*,#8660,.F.);
#9277 = ORIENTED_EDGE('',*,*,#9271,.F.);
#9278 = CYLINDRICAL_SURFACE('',#9279,0.5);
#9279 = AXIS2_PLACEMENT_3D('',#9280,#9281,#9282);
#9280 = CARTESIAN_POINT('',(120.9,-102.4925,-4.6E-02));
#9281 = DIRECTION('',(-0.,-0.,-1.));
#9282 = DIRECTION('',(-0.,-1.,0.));
#9283 = ADVANCED_FACE('',(#9284),#9295,.F.);
#9284 = FACE_BOUND('',#9285,.T.);
#9285 = EDGE_LOOP('',(#9286,#9287,#9293,#9294));
#9286 = ORIENTED_EDGE('',*,*,#8104,.T.);
#9287 = ORIENTED_EDGE('',*,*,#9288,.T.);
#9288 = EDGE_CURVE('',#8105,#8672,#9289,.T.);
#9289 = LINE('',#9290,#9291);
#9290 = CARTESIAN_POINT('',(120.9,-100.4525,-4.6E-02));
#9291 = VECTOR('',#9292,1.);
#9292 = DIRECTION('',(0.,0.,1.));
#9293 = ORIENTED_EDGE('',*,*,#8671,.F.);
#9294 = ORIENTED_EDGE('',*,*,#9288,.F.);
#9295 = CYLINDRICAL_SURFACE('',#9296,0.5);
#9296 = AXIS2_PLACEMENT_3D('',#9297,#9298,#9299);
#9297 = CARTESIAN_POINT('',(120.9,-99.9525,-4.6E-02));
#9298 = DIRECTION('',(-0.,-0.,-1.));
#9299 = DIRECTION('',(-0.,-1.,0.));
#9300 = ADVANCED_FACE('',(#9301),#9312,.F.);
#9301 = FACE_BOUND('',#9302,.T.);
#9302 = EDGE_LOOP('',(#9303,#9304,#9310,#9311));
#9303 = ORIENTED_EDGE('',*,*,#8115,.T.);
#9304 = ORIENTED_EDGE('',*,*,#9305,.T.);
#9305 = EDGE_CURVE('',#8116,#8683,#9306,.T.);
#9306 = LINE('',#9307,#9308);
#9307 = CARTESIAN_POINT('',(166.45,-134.11,-4.6E-02));
#9308 = VECTOR('',#9309,1.);
#9309 = DIRECTION('',(0.,0.,1.));
#9310 = ORIENTED_EDGE('',*,*,#8682,.F.);
#9311 = ORIENTED_EDGE('',*,*,#9305,.F.);
#9312 = CYLINDRICAL_SURFACE('',#9313,2.5);
#9313 = AXIS2_PLACEMENT_3D('',#9314,#9315,#9316);
#9314 = CARTESIAN_POINT('',(166.45,-131.61,-4.6E-02));
#9315 = DIRECTION('',(-0.,-0.,-1.));
#9316 = DIRECTION('',(-0.,-1.,0.));
#9317 = ADVANCED_FACE('',(#9318),#9329,.F.);
#9318 = FACE_BOUND('',#9319,.T.);
#9319 = EDGE_LOOP('',(#9320,#9321,#9327,#9328));
#9320 = ORIENTED_EDGE('',*,*,#8126,.T.);
#9321 = ORIENTED_EDGE('',*,*,#9322,.T.);
#9322 = EDGE_CURVE('',#8127,#8694,#9323,.T.);
#9323 = LINE('',#9324,#9325);
#9324 = CARTESIAN_POINT('',(156.2,-123.98,-4.6E-02));
#9325 = VECTOR('',#9326,1.);
#9326 = DIRECTION('',(0.,0.,1.));
#9327 = ORIENTED_EDGE('',*,*,#8693,.F.);
#9328 = ORIENTED_EDGE('',*,*,#9322,.F.);
#9329 = CYLINDRICAL_SURFACE('',#9330,0.5);
#9330 = AXIS2_PLACEMENT_3D('',#9331,#9332,#9333);
#9331 = CARTESIAN_POINT('',(156.2,-123.48,-4.6E-02));
#9332 = DIRECTION('',(-0.,-0.,-1.));
#9333 = DIRECTION('',(-0.,-1.,0.));
#9334 = ADVANCED_FACE('',(#9335),#9346,.F.);
#9335 = FACE_BOUND('',#9336,.T.);
#9336 = EDGE_LOOP('',(#9337,#9338,#9344,#9345));
#9337 = ORIENTED_EDGE('',*,*,#8137,.T.);
#9338 = ORIENTED_EDGE('',*,*,#9339,.T.);
#9339 = EDGE_CURVE('',#8138,#8705,#9340,.T.);
#9340 = LINE('',#9341,#9342);
#9341 = CARTESIAN_POINT('',(156.2,-121.44,-4.6E-02));
#9342 = VECTOR('',#9343,1.);
#9343 = DIRECTION('',(0.,0.,1.));
#9344 = ORIENTED_EDGE('',*,*,#8704,.F.);
#9345 = ORIENTED_EDGE('',*,*,#9339,.F.);
#9346 = CYLINDRICAL_SURFACE('',#9347,0.5);
#9347 = AXIS2_PLACEMENT_3D('',#9348,#9349,#9350);
#9348 = CARTESIAN_POINT('',(156.2,-120.94,-4.6E-02));
#9349 = DIRECTION('',(-0.,-0.,-1.));
#9350 = DIRECTION('',(-0.,-1.,0.));
#9351 = ADVANCED_FACE('',(#9352),#9363,.F.);
#9352 = FACE_BOUND('',#9353,.T.);
#9353 = EDGE_LOOP('',(#9354,#9355,#9361,#9362));
#9354 = ORIENTED_EDGE('',*,*,#8148,.T.);
#9355 = ORIENTED_EDGE('',*,*,#9356,.T.);
#9356 = EDGE_CURVE('',#8149,#8716,#9357,.T.);
#9357 = LINE('',#9358,#9359);
#9358 = CARTESIAN_POINT('',(156.2,-118.9,-4.6E-02));
#9359 = VECTOR('',#9360,1.);
#9360 = DIRECTION('',(0.,0.,1.));
#9361 = ORIENTED_EDGE('',*,*,#8715,.F.);
#9362 = ORIENTED_EDGE('',*,*,#9356,.F.);
#9363 = CYLINDRICAL_SURFACE('',#9364,0.5);
#9364 = AXIS2_PLACEMENT_3D('',#9365,#9366,#9367);
#9365 = CARTESIAN_POINT('',(156.2,-118.4,-4.6E-02));
#9366 = DIRECTION('',(-0.,-0.,-1.));
#9367 = DIRECTION('',(-0.,-1.,0.));
#9368 = ADVANCED_FACE('',(#9369),#9380,.F.);
#9369 = FACE_BOUND('',#9370,.T.);
#9370 = EDGE_LOOP('',(#9371,#9372,#9378,#9379));
#9371 = ORIENTED_EDGE('',*,*,#8159,.T.);
#9372 = ORIENTED_EDGE('',*,*,#9373,.T.);
#9373 = EDGE_CURVE('',#8160,#8727,#9374,.T.);
#9374 = LINE('',#9375,#9376);
#9375 = CARTESIAN_POINT('',(148.9,-115.6927,-4.6E-02));
#9376 = VECTOR('',#9377,1.);
#9377 = DIRECTION('',(0.,0.,1.));
#9378 = ORIENTED_EDGE('',*,*,#8726,.F.);
#9379 = ORIENTED_EDGE('',*,*,#9373,.F.);
#9380 = CYLINDRICAL_SURFACE('',#9381,0.5);
#9381 = AXIS2_PLACEMENT_3D('',#9382,#9383,#9384);
#9382 = CARTESIAN_POINT('',(148.9,-115.1927,-4.6E-02));
#9383 = DIRECTION('',(-0.,-0.,-1.));
#9384 = DIRECTION('',(-0.,-1.,0.));
#9385 = ADVANCED_FACE('',(#9386),#9397,.F.);
#9386 = FACE_BOUND('',#9387,.T.);
#9387 = EDGE_LOOP('',(#9388,#9389,#9395,#9396));
#9388 = ORIENTED_EDGE('',*,*,#8170,.T.);
#9389 = ORIENTED_EDGE('',*,*,#9390,.T.);
#9390 = EDGE_CURVE('',#8171,#8738,#9391,.T.);
#9391 = LINE('',#9392,#9393);
#9392 = CARTESIAN_POINT('',(148.9,-113.1527,-4.6E-02));
#9393 = VECTOR('',#9394,1.);
#9394 = DIRECTION('',(0.,0.,1.));
#9395 = ORIENTED_EDGE('',*,*,#8737,.F.);
#9396 = ORIENTED_EDGE('',*,*,#9390,.F.);
#9397 = CYLINDRICAL_SURFACE('',#9398,0.5);
#9398 = AXIS2_PLACEMENT_3D('',#9399,#9400,#9401);
#9399 = CARTESIAN_POINT('',(148.9,-112.6527,-4.6E-02));
#9400 = DIRECTION('',(-0.,-0.,-1.));
#9401 = DIRECTION('',(-0.,-1.,0.));
#9402 = ADVANCED_FACE('',(#9403),#9414,.F.);
#9403 = FACE_BOUND('',#9404,.T.);
#9404 = EDGE_LOOP('',(#9405,#9406,#9412,#9413));
#9405 = ORIENTED_EDGE('',*,*,#8181,.T.);
#9406 = ORIENTED_EDGE('',*,*,#9407,.T.);
#9407 = EDGE_CURVE('',#8182,#8749,#9408,.T.);
#9408 = LINE('',#9409,#9410);
#9409 = CARTESIAN_POINT('',(148.9,-110.6127,-4.6E-02));
#9410 = VECTOR('',#9411,1.);
#9411 = DIRECTION('',(0.,0.,1.));
#9412 = ORIENTED_EDGE('',*,*,#8748,.F.);
#9413 = ORIENTED_EDGE('',*,*,#9407,.F.);
#9414 = CYLINDRICAL_SURFACE('',#9415,0.5);
#9415 = AXIS2_PLACEMENT_3D('',#9416,#9417,#9418);
#9416 = CARTESIAN_POINT('',(148.9,-110.1127,-4.6E-02));
#9417 = DIRECTION('',(-0.,-0.,-1.));
#9418 = DIRECTION('',(-0.,-1.,0.));
#9419 = ADVANCED_FACE('',(#9420),#9431,.F.);
#9420 = FACE_BOUND('',#9421,.T.);
#9421 = EDGE_LOOP('',(#9422,#9423,#9429,#9430));
#9422 = ORIENTED_EDGE('',*,*,#8192,.T.);
#9423 = ORIENTED_EDGE('',*,*,#9424,.T.);
#9424 = EDGE_CURVE('',#8193,#8760,#9425,.T.);
#9425 = LINE('',#9426,#9427);
#9426 = CARTESIAN_POINT('',(148.9,-108.0727,-4.6E-02));
#9427 = VECTOR('',#9428,1.);
#9428 = DIRECTION('',(0.,0.,1.));
#9429 = ORIENTED_EDGE('',*,*,#8759,.F.);
#9430 = ORIENTED_EDGE('',*,*,#9424,.F.);
#9431 = CYLINDRICAL_SURFACE('',#9432,0.5);
#9432 = AXIS2_PLACEMENT_3D('',#9433,#9434,#9435);
#9433 = CARTESIAN_POINT('',(148.9,-107.5727,-4.6E-02));
#9434 = DIRECTION('',(-0.,-0.,-1.));
#9435 = DIRECTION('',(-0.,-1.,0.));
#9436 = ADVANCED_FACE('',(#9437),#9448,.F.);
#9437 = FACE_BOUND('',#9438,.T.);
#9438 = EDGE_LOOP('',(#9439,#9440,#9446,#9447));
#9439 = ORIENTED_EDGE('',*,*,#8203,.T.);
#9440 = ORIENTED_EDGE('',*,*,#9441,.T.);
#9441 = EDGE_CURVE('',#8204,#8771,#9442,.T.);
#9442 = LINE('',#9443,#9444);
#9443 = CARTESIAN_POINT('',(148.9,-105.5327,-4.6E-02));
#9444 = VECTOR('',#9445,1.);
#9445 = DIRECTION('',(0.,0.,1.));
#9446 = ORIENTED_EDGE('',*,*,#8770,.F.);
#9447 = ORIENTED_EDGE('',*,*,#9441,.F.);
#9448 = CYLINDRICAL_SURFACE('',#9449,0.5);
#9449 = AXIS2_PLACEMENT_3D('',#9450,#9451,#9452);
#9450 = CARTESIAN_POINT('',(148.9,-105.0327,-4.6E-02));
#9451 = DIRECTION('',(-0.,-0.,-1.));
#9452 = DIRECTION('',(-0.,-1.,0.));
#9453 = ADVANCED_FACE('',(#9454),#9465,.F.);
#9454 = FACE_BOUND('',#9455,.T.);
#9455 = EDGE_LOOP('',(#9456,#9457,#9463,#9464));
#9456 = ORIENTED_EDGE('',*,*,#8214,.T.);
#9457 = ORIENTED_EDGE('',*,*,#9458,.T.);
#9458 = EDGE_CURVE('',#8215,#8782,#9459,.T.);
#9459 = LINE('',#9460,#9461);
#9460 = CARTESIAN_POINT('',(148.9,-102.9927,-4.6E-02));
#9461 = VECTOR('',#9462,1.);
#9462 = DIRECTION('',(0.,0.,1.));
#9463 = ORIENTED_EDGE('',*,*,#8781,.F.);
#9464 = ORIENTED_EDGE('',*,*,#9458,.F.);
#9465 = CYLINDRICAL_SURFACE('',#9466,0.5);
#9466 = AXIS2_PLACEMENT_3D('',#9467,#9468,#9469);
#9467 = CARTESIAN_POINT('',(148.9,-102.4927,-4.6E-02));
#9468 = DIRECTION('',(-0.,-0.,-1.));
#9469 = DIRECTION('',(-0.,-1.,0.));
#9470 = ADVANCED_FACE('',(#9471),#9482,.F.);
#9471 = FACE_BOUND('',#9472,.T.);
#9472 = EDGE_LOOP('',(#9473,#9474,#9480,#9481));
#9473 = ORIENTED_EDGE('',*,*,#8225,.T.);
#9474 = ORIENTED_EDGE('',*,*,#9475,.T.);
#9475 = EDGE_CURVE('',#8226,#8793,#9476,.T.);
#9476 = LINE('',#9477,#9478);
#9477 = CARTESIAN_POINT('',(148.9,-100.4527,-4.6E-02));
#9478 = VECTOR('',#9479,1.);
#9479 = DIRECTION('',(0.,0.,1.));
#9480 = ORIENTED_EDGE('',*,*,#8792,.F.);
#9481 = ORIENTED_EDGE('',*,*,#9475,.F.);
#9482 = CYLINDRICAL_SURFACE('',#9483,0.5);
#9483 = AXIS2_PLACEMENT_3D('',#9484,#9485,#9486);
#9484 = CARTESIAN_POINT('',(148.9,-99.9527,-4.6E-02));
#9485 = DIRECTION('',(-0.,-0.,-1.));
#9486 = DIRECTION('',(-0.,-1.,0.));
#9487 = ADVANCED_FACE('',(#9488),#9499,.F.);
#9488 = FACE_BOUND('',#9489,.T.);
#9489 = EDGE_LOOP('',(#9490,#9491,#9497,#9498));
#9490 = ORIENTED_EDGE('',*,*,#8236,.T.);
#9491 = ORIENTED_EDGE('',*,*,#9492,.T.);
#9492 = EDGE_CURVE('',#8237,#8804,#9493,.T.);
#9493 = LINE('',#9494,#9495);
#9494 = CARTESIAN_POINT('',(156.2,-116.36,-4.6E-02));
#9495 = VECTOR('',#9496,1.);
#9496 = DIRECTION('',(0.,0.,1.));
#9497 = ORIENTED_EDGE('',*,*,#8803,.F.);
#9498 = ORIENTED_EDGE('',*,*,#9492,.F.);
#9499 = CYLINDRICAL_SURFACE('',#9500,0.5);
#9500 = AXIS2_PLACEMENT_3D('',#9501,#9502,#9503);
#9501 = CARTESIAN_POINT('',(156.2,-115.86,-4.6E-02));
#9502 = DIRECTION('',(-0.,-0.,-1.));
#9503 = DIRECTION('',(-0.,-1.,0.));
#9504 = ADVANCED_FACE('',(#9505),#9516,.F.);
#9505 = FACE_BOUND('',#9506,.T.);
#9506 = EDGE_LOOP('',(#9507,#9508,#9514,#9515));
#9507 = ORIENTED_EDGE('',*,*,#8247,.T.);
#9508 = ORIENTED_EDGE('',*,*,#9509,.T.);
#9509 = EDGE_CURVE('',#8248,#8815,#9510,.T.);
#9510 = LINE('',#9511,#9512);
#9511 = CARTESIAN_POINT('',(156.2,-108.71,-4.6E-02));
#9512 = VECTOR('',#9513,1.);
#9513 = DIRECTION('',(0.,0.,1.));
#9514 = ORIENTED_EDGE('',*,*,#8814,.F.);
#9515 = ORIENTED_EDGE('',*,*,#9509,.F.);
#9516 = CYLINDRICAL_SURFACE('',#9517,0.5);
#9517 = AXIS2_PLACEMENT_3D('',#9518,#9519,#9520);
#9518 = CARTESIAN_POINT('',(156.2,-108.21,-4.6E-02));
#9519 = DIRECTION('',(-0.,-0.,-1.));
#9520 = DIRECTION('',(-0.,-1.,0.));
#9521 = ADVANCED_FACE('',(#9522),#9533,.F.);
#9522 = FACE_BOUND('',#9523,.T.);
#9523 = EDGE_LOOP('',(#9524,#9525,#9531,#9532));
#9524 = ORIENTED_EDGE('',*,*,#8258,.T.);
#9525 = ORIENTED_EDGE('',*,*,#9526,.T.);
#9526 = EDGE_CURVE('',#8259,#8826,#9527,.T.);
#9527 = LINE('',#9528,#9529);
#9528 = CARTESIAN_POINT('',(156.2,-106.17,-4.6E-02));
#9529 = VECTOR('',#9530,1.);
#9530 = DIRECTION('',(0.,0.,1.));
#9531 = ORIENTED_EDGE('',*,*,#8825,.F.);
#9532 = ORIENTED_EDGE('',*,*,#9526,.F.);
#9533 = CYLINDRICAL_SURFACE('',#9534,0.5);
#9534 = AXIS2_PLACEMENT_3D('',#9535,#9536,#9537);
#9535 = CARTESIAN_POINT('',(156.2,-105.67,-4.6E-02));
#9536 = DIRECTION('',(-0.,-0.,-1.));
#9537 = DIRECTION('',(-0.,-1.,0.));
#9538 = ADVANCED_FACE('',(#9539),#9550,.F.);
#9539 = FACE_BOUND('',#9540,.T.);
#9540 = EDGE_LOOP('',(#9541,#9542,#9548,#9549));
#9541 = ORIENTED_EDGE('',*,*,#8269,.T.);
#9542 = ORIENTED_EDGE('',*,*,#9543,.T.);
#9543 = EDGE_CURVE('',#8270,#8837,#9544,.T.);
#9544 = LINE('',#9545,#9546);
#9545 = CARTESIAN_POINT('',(156.2,-103.63,-4.6E-02));
#9546 = VECTOR('',#9547,1.);
#9547 = DIRECTION('',(0.,0.,1.));
#9548 = ORIENTED_EDGE('',*,*,#8836,.F.);
#9549 = ORIENTED_EDGE('',*,*,#9543,.F.);
#9550 = CYLINDRICAL_SURFACE('',#9551,0.5);
#9551 = AXIS2_PLACEMENT_3D('',#9552,#9553,#9554);
#9552 = CARTESIAN_POINT('',(156.2,-103.13,-4.6E-02));
#9553 = DIRECTION('',(-0.,-0.,-1.));
#9554 = DIRECTION('',(-0.,-1.,0.));
#9555 = ADVANCED_FACE('',(#9556),#9567,.F.);
#9556 = FACE_BOUND('',#9557,.T.);
#9557 = EDGE_LOOP('',(#9558,#9559,#9565,#9566));
#9558 = ORIENTED_EDGE('',*,*,#8280,.T.);
#9559 = ORIENTED_EDGE('',*,*,#9560,.T.);
#9560 = EDGE_CURVE('',#8281,#8848,#9561,.T.);
#9561 = LINE('',#9562,#9563);
#9562 = CARTESIAN_POINT('',(156.2,-101.09,-4.6E-02));
#9563 = VECTOR('',#9564,1.);
#9564 = DIRECTION('',(0.,0.,1.));
#9565 = ORIENTED_EDGE('',*,*,#8847,.F.);
#9566 = ORIENTED_EDGE('',*,*,#9560,.F.);
#9567 = CYLINDRICAL_SURFACE('',#9568,0.5);
#9568 = AXIS2_PLACEMENT_3D('',#9569,#9570,#9571);
#9569 = CARTESIAN_POINT('',(156.2,-100.59,-4.6E-02));
#9570 = DIRECTION('',(-0.,-0.,-1.));
#9571 = DIRECTION('',(-0.,-1.,0.));
#9572 = ADVANCED_FACE('',(#9573),#9584,.F.);
#9573 = FACE_BOUND('',#9574,.T.);
#9574 = EDGE_LOOP('',(#9575,#9576,#9582,#9583));
#9575 = ORIENTED_EDGE('',*,*,#8291,.T.);
#9576 = ORIENTED_EDGE('',*,*,#9577,.T.);
#9577 = EDGE_CURVE('',#8292,#8859,#9578,.T.);
#9578 = LINE('',#9579,#9580);
#9579 = CARTESIAN_POINT('',(120.9,-97.9125,-4.6E-02));
#9580 = VECTOR('',#9581,1.);
#9581 = DIRECTION('',(0.,0.,1.));
#9582 = ORIENTED_EDGE('',*,*,#8858,.F.);
#9583 = ORIENTED_EDGE('',*,*,#9577,.F.);
#9584 = CYLINDRICAL_SURFACE('',#9585,0.5);
#9585 = AXIS2_PLACEMENT_3D('',#9586,#9587,#9588);
#9586 = CARTESIAN_POINT('',(120.9,-97.4125,-4.6E-02));
#9587 = DIRECTION('',(-0.,-0.,-1.));
#9588 = DIRECTION('',(-0.,-1.,0.));
#9589 = ADVANCED_FACE('',(#9590),#9601,.F.);
#9590 = FACE_BOUND('',#9591,.T.);
#9591 = EDGE_LOOP('',(#9592,#9593,#9599,#9600));
#9592 = ORIENTED_EDGE('',*,*,#8302,.T.);
#9593 = ORIENTED_EDGE('',*,*,#9594,.T.);
#9594 = EDGE_CURVE('',#8303,#8870,#9595,.T.);
#9595 = LINE('',#9596,#9597);
#9596 = CARTESIAN_POINT('',(120.9,-95.3725,-4.6E-02));
#9597 = VECTOR('',#9598,1.);
#9598 = DIRECTION('',(0.,0.,1.));
#9599 = ORIENTED_EDGE('',*,*,#8869,.F.);
#9600 = ORIENTED_EDGE('',*,*,#9594,.F.);
#9601 = CYLINDRICAL_SURFACE('',#9602,0.5);
#9602 = AXIS2_PLACEMENT_3D('',#9603,#9604,#9605);
#9603 = CARTESIAN_POINT('',(120.9,-94.8725,-4.6E-02));
#9604 = DIRECTION('',(-0.,-0.,-1.));
#9605 = DIRECTION('',(-0.,-1.,0.));
#9606 = ADVANCED_FACE('',(#9607),#9618,.F.);
#9607 = FACE_BOUND('',#9608,.T.);
#9608 = EDGE_LOOP('',(#9609,#9610,#9616,#9617));
#9609 = ORIENTED_EDGE('',*,*,#8313,.T.);
#9610 = ORIENTED_EDGE('',*,*,#9611,.T.);
#9611 = EDGE_CURVE('',#8314,#8881,#9612,.T.);
#9612 = LINE('',#9613,#9614);
#9613 = CARTESIAN_POINT('',(120.9,-92.8325,-4.6E-02));
#9614 = VECTOR('',#9615,1.);
#9615 = DIRECTION('',(0.,0.,1.));
#9616 = ORIENTED_EDGE('',*,*,#8880,.F.);
#9617 = ORIENTED_EDGE('',*,*,#9611,.F.);
#9618 = CYLINDRICAL_SURFACE('',#9619,0.5);
#9619 = AXIS2_PLACEMENT_3D('',#9620,#9621,#9622);
#9620 = CARTESIAN_POINT('',(120.9,-92.3325,-4.6E-02));
#9621 = DIRECTION('',(-0.,-0.,-1.));
#9622 = DIRECTION('',(-0.,-1.,0.));
#9623 = ADVANCED_FACE('',(#9624),#9635,.F.);
#9624 = FACE_BOUND('',#9625,.T.);
#9625 = EDGE_LOOP('',(#9626,#9627,#9633,#9634));
#9626 = ORIENTED_EDGE('',*,*,#8324,.T.);
#9627 = ORIENTED_EDGE('',*,*,#9628,.T.);
#9628 = EDGE_CURVE('',#8325,#8892,#9629,.T.);
#9629 = LINE('',#9630,#9631);
#9630 = CARTESIAN_POINT('',(120.9,-90.2925,-4.6E-02));
#9631 = VECTOR('',#9632,1.);
#9632 = DIRECTION('',(0.,0.,1.));
#9633 = ORIENTED_EDGE('',*,*,#8891,.F.);
#9634 = ORIENTED_EDGE('',*,*,#9628,.F.);
#9635 = CYLINDRICAL_SURFACE('',#9636,0.5);
#9636 = AXIS2_PLACEMENT_3D('',#9637,#9638,#9639);
#9637 = CARTESIAN_POINT('',(120.9,-89.7925,-4.6E-02));
#9638 = DIRECTION('',(-0.,-0.,-1.));
#9639 = DIRECTION('',(-0.,-1.,0.));
#9640 = ADVANCED_FACE('',(#9641),#9652,.F.);
#9641 = FACE_BOUND('',#9642,.T.);
#9642 = EDGE_LOOP('',(#9643,#9644,#9650,#9651));
#9643 = ORIENTED_EDGE('',*,*,#8335,.T.);
#9644 = ORIENTED_EDGE('',*,*,#9645,.T.);
#9645 = EDGE_CURVE('',#8336,#8903,#9646,.T.);
#9646 = LINE('',#9647,#9648);
#9647 = CARTESIAN_POINT('',(120.9,-87.7525,-4.6E-02));
#9648 = VECTOR('',#9649,1.);
#9649 = DIRECTION('',(0.,0.,1.));
#9650 = ORIENTED_EDGE('',*,*,#8902,.F.);
#9651 = ORIENTED_EDGE('',*,*,#9645,.F.);
#9652 = CYLINDRICAL_SURFACE('',#9653,0.5);
#9653 = AXIS2_PLACEMENT_3D('',#9654,#9655,#9656);
#9654 = CARTESIAN_POINT('',(120.9,-87.2525,-4.6E-02));
#9655 = DIRECTION('',(-0.,-0.,-1.));
#9656 = DIRECTION('',(-0.,-1.,0.));
#9657 = ADVANCED_FACE('',(#9658),#9669,.F.);
#9658 = FACE_BOUND('',#9659,.T.);
#9659 = EDGE_LOOP('',(#9660,#9661,#9667,#9668));
#9660 = ORIENTED_EDGE('',*,*,#8346,.T.);
#9661 = ORIENTED_EDGE('',*,*,#9662,.T.);
#9662 = EDGE_CURVE('',#8347,#8914,#9663,.T.);
#9663 = LINE('',#9664,#9665);
#9664 = CARTESIAN_POINT('',(120.9,-85.2125,-4.6E-02));
#9665 = VECTOR('',#9666,1.);
#9666 = DIRECTION('',(0.,0.,1.));
#9667 = ORIENTED_EDGE('',*,*,#8913,.F.);
#9668 = ORIENTED_EDGE('',*,*,#9662,.F.);
#9669 = CYLINDRICAL_SURFACE('',#9670,0.5);
#9670 = AXIS2_PLACEMENT_3D('',#9671,#9672,#9673);
#9671 = CARTESIAN_POINT('',(120.9,-84.7125,-4.6E-02));
#9672 = DIRECTION('',(-0.,-0.,-1.));
#9673 = DIRECTION('',(-0.,-1.,0.));
#9674 = ADVANCED_FACE('',(#9675),#9686,.F.);
#9675 = FACE_BOUND('',#9676,.T.);
#9676 = EDGE_LOOP('',(#9677,#9678,#9684,#9685));
#9677 = ORIENTED_EDGE('',*,*,#8357,.T.);
#9678 = ORIENTED_EDGE('',*,*,#9679,.T.);
#9679 = EDGE_CURVE('',#8358,#8925,#9680,.T.);
#9680 = LINE('',#9681,#9682);
#9681 = CARTESIAN_POINT('',(120.9,-82.6725,-4.6E-02));
#9682 = VECTOR('',#9683,1.);
#9683 = DIRECTION('',(0.,0.,1.));
#9684 = ORIENTED_EDGE('',*,*,#8924,.F.);
#9685 = ORIENTED_EDGE('',*,*,#9679,.F.);
#9686 = CYLINDRICAL_SURFACE('',#9687,0.5);
#9687 = AXIS2_PLACEMENT_3D('',#9688,#9689,#9690);
#9688 = CARTESIAN_POINT('',(120.9,-82.1725,-4.6E-02));
#9689 = DIRECTION('',(-0.,-0.,-1.));
#9690 = DIRECTION('',(-0.,-1.,0.));
#9691 = ADVANCED_FACE('',(#9692),#9703,.F.);
#9692 = FACE_BOUND('',#9693,.T.);
#9693 = EDGE_LOOP('',(#9694,#9695,#9701,#9702));
#9694 = ORIENTED_EDGE('',*,*,#8368,.T.);
#9695 = ORIENTED_EDGE('',*,*,#9696,.T.);
#9696 = EDGE_CURVE('',#8369,#8936,#9697,.T.);
#9697 = LINE('',#9698,#9699);
#9698 = CARTESIAN_POINT('',(120.9,-80.1325,-4.6E-02));
#9699 = VECTOR('',#9700,1.);
#9700 = DIRECTION('',(0.,0.,1.));
#9701 = ORIENTED_EDGE('',*,*,#8935,.F.);
#9702 = ORIENTED_EDGE('',*,*,#9696,.F.);
#9703 = CYLINDRICAL_SURFACE('',#9704,0.5);
#9704 = AXIS2_PLACEMENT_3D('',#9705,#9706,#9707);
#9705 = CARTESIAN_POINT('',(120.9,-79.6325,-4.6E-02));
#9706 = DIRECTION('',(-0.,-0.,-1.));
#9707 = DIRECTION('',(-0.,-1.,0.));
#9708 = ADVANCED_FACE('',(#9709),#9720,.F.);
#9709 = FACE_BOUND('',#9710,.T.);
#9710 = EDGE_LOOP('',(#9711,#9712,#9718,#9719));
#9711 = ORIENTED_EDGE('',*,*,#8379,.T.);
#9712 = ORIENTED_EDGE('',*,*,#9713,.T.);
#9713 = EDGE_CURVE('',#8380,#8947,#9714,.T.);
#9714 = LINE('',#9715,#9716);
#9715 = CARTESIAN_POINT('',(120.45,-66.61,-4.6E-02));
#9716 = VECTOR('',#9717,1.);
#9717 = DIRECTION('',(0.,0.,1.));
#9718 = ORIENTED_EDGE('',*,*,#8946,.F.);
#9719 = ORIENTED_EDGE('',*,*,#9713,.F.);
#9720 = CYLINDRICAL_SURFACE('',#9721,2.5);
#9721 = AXIS2_PLACEMENT_3D('',#9722,#9723,#9724);
#9722 = CARTESIAN_POINT('',(120.45,-64.11,-4.6E-02));
#9723 = DIRECTION('',(-0.,-0.,-1.));
#9724 = DIRECTION('',(-0.,-1.,0.));
#9725 = ADVANCED_FACE('',(#9726),#9737,.F.);
#9726 = FACE_BOUND('',#9727,.T.);
#9727 = EDGE_LOOP('',(#9728,#9729,#9735,#9736));
#9728 = ORIENTED_EDGE('',*,*,#8390,.T.);
#9729 = ORIENTED_EDGE('',*,*,#9730,.T.);
#9730 = EDGE_CURVE('',#8391,#8958,#9731,.T.);
#9731 = LINE('',#9732,#9733);
#9732 = CARTESIAN_POINT('',(148.9,-97.9127,-4.6E-02));
#9733 = VECTOR('',#9734,1.);
#9734 = DIRECTION('',(0.,0.,1.));
#9735 = ORIENTED_EDGE('',*,*,#8957,.F.);
#9736 = ORIENTED_EDGE('',*,*,#9730,.F.);
#9737 = CYLINDRICAL_SURFACE('',#9738,0.5);
#9738 = AXIS2_PLACEMENT_3D('',#9739,#9740,#9741);
#9739 = CARTESIAN_POINT('',(148.9,-97.4127,-4.6E-02));
#9740 = DIRECTION('',(-0.,-0.,-1.));
#9741 = DIRECTION('',(-0.,-1.,0.));
#9742 = ADVANCED_FACE('',(#9743),#9754,.F.);
#9743 = FACE_BOUND('',#9744,.T.);
#9744 = EDGE_LOOP('',(#9745,#9746,#9752,#9753));
#9745 = ORIENTED_EDGE('',*,*,#8401,.T.);
#9746 = ORIENTED_EDGE('',*,*,#9747,.T.);
#9747 = EDGE_CURVE('',#8402,#8969,#9748,.T.);
#9748 = LINE('',#9749,#9750);
#9749 = CARTESIAN_POINT('',(148.9,-95.3727,-4.6E-02));
#9750 = VECTOR('',#9751,1.);
#9751 = DIRECTION('',(0.,0.,1.));
#9752 = ORIENTED_EDGE('',*,*,#8968,.F.);
#9753 = ORIENTED_EDGE('',*,*,#9747,.F.);
#9754 = CYLINDRICAL_SURFACE('',#9755,0.5);
#9755 = AXIS2_PLACEMENT_3D('',#9756,#9757,#9758);
#9756 = CARTESIAN_POINT('',(148.9,-94.8727,-4.6E-02));
#9757 = DIRECTION('',(-0.,-0.,-1.));
#9758 = DIRECTION('',(-0.,-1.,0.));
#9759 = ADVANCED_FACE('',(#9760),#9771,.F.);
#9760 = FACE_BOUND('',#9761,.T.);
#9761 = EDGE_LOOP('',(#9762,#9763,#9769,#9770));
#9762 = ORIENTED_EDGE('',*,*,#8412,.T.);
#9763 = ORIENTED_EDGE('',*,*,#9764,.T.);
#9764 = EDGE_CURVE('',#8413,#8980,#9765,.T.);
#9765 = LINE('',#9766,#9767);
#9766 = CARTESIAN_POINT('',(148.9,-92.8327,-4.6E-02));
#9767 = VECTOR('',#9768,1.);
#9768 = DIRECTION('',(0.,0.,1.));
#9769 = ORIENTED_EDGE('',*,*,#8979,.F.);
#9770 = ORIENTED_EDGE('',*,*,#9764,.F.);
#9771 = CYLINDRICAL_SURFACE('',#9772,0.5);
#9772 = AXIS2_PLACEMENT_3D('',#9773,#9774,#9775);
#9773 = CARTESIAN_POINT('',(148.9,-92.3327,-4.6E-02));
#9774 = DIRECTION('',(-0.,-0.,-1.));
#9775 = DIRECTION('',(-0.,-1.,0.));
#9776 = ADVANCED_FACE('',(#9777),#9788,.F.);
#9777 = FACE_BOUND('',#9778,.T.);
#9778 = EDGE_LOOP('',(#9779,#9780,#9786,#9787));
#9779 = ORIENTED_EDGE('',*,*,#8423,.T.);
#9780 = ORIENTED_EDGE('',*,*,#9781,.T.);
#9781 = EDGE_CURVE('',#8424,#8991,#9782,.T.);
#9782 = LINE('',#9783,#9784);
#9783 = CARTESIAN_POINT('',(148.9,-90.2927,-4.6E-02));
#9784 = VECTOR('',#9785,1.);
#9785 = DIRECTION('',(0.,0.,1.));
#9786 = ORIENTED_EDGE('',*,*,#8990,.F.);
#9787 = ORIENTED_EDGE('',*,*,#9781,.F.);
#9788 = CYLINDRICAL_SURFACE('',#9789,0.5);
#9789 = AXIS2_PLACEMENT_3D('',#9790,#9791,#9792);
#9790 = CARTESIAN_POINT('',(148.9,-89.7927,-4.6E-02));
#9791 = DIRECTION('',(-0.,-0.,-1.));
#9792 = DIRECTION('',(-0.,-1.,0.));
#9793 = ADVANCED_FACE('',(#9794),#9805,.F.);
#9794 = FACE_BOUND('',#9795,.T.);
#9795 = EDGE_LOOP('',(#9796,#9797,#9803,#9804));
#9796 = ORIENTED_EDGE('',*,*,#8434,.T.);
#9797 = ORIENTED_EDGE('',*,*,#9798,.T.);
#9798 = EDGE_CURVE('',#8435,#9002,#9799,.T.);
#9799 = LINE('',#9800,#9801);
#9800 = CARTESIAN_POINT('',(148.9,-87.7527,-4.6E-02));
#9801 = VECTOR('',#9802,1.);
#9802 = DIRECTION('',(0.,0.,1.));
#9803 = ORIENTED_EDGE('',*,*,#9001,.F.);
#9804 = ORIENTED_EDGE('',*,*,#9798,.F.);
#9805 = CYLINDRICAL_SURFACE('',#9806,0.5);
#9806 = AXIS2_PLACEMENT_3D('',#9807,#9808,#9809);
#9807 = CARTESIAN_POINT('',(148.9,-87.2527,-4.6E-02));
#9808 = DIRECTION('',(-0.,-0.,-1.));
#9809 = DIRECTION('',(-0.,-1.,0.));
#9810 = ADVANCED_FACE('',(#9811),#9822,.F.);
#9811 = FACE_BOUND('',#9812,.T.);
#9812 = EDGE_LOOP('',(#9813,#9814,#9820,#9821));
#9813 = ORIENTED_EDGE('',*,*,#8445,.T.);
#9814 = ORIENTED_EDGE('',*,*,#9815,.T.);
#9815 = EDGE_CURVE('',#8446,#9013,#9816,.T.);
#9816 = LINE('',#9817,#9818);
#9817 = CARTESIAN_POINT('',(148.9,-85.2127,-4.6E-02));
#9818 = VECTOR('',#9819,1.);
#9819 = DIRECTION('',(0.,0.,1.));
#9820 = ORIENTED_EDGE('',*,*,#9012,.F.);
#9821 = ORIENTED_EDGE('',*,*,#9815,.F.);
#9822 = CYLINDRICAL_SURFACE('',#9823,0.5);
#9823 = AXIS2_PLACEMENT_3D('',#9824,#9825,#9826);
#9824 = CARTESIAN_POINT('',(148.9,-84.7127,-4.6E-02));
#9825 = DIRECTION('',(-0.,-0.,-1.));
#9826 = DIRECTION('',(-0.,-1.,0.));
#9827 = ADVANCED_FACE('',(#9828),#9839,.F.);
#9828 = FACE_BOUND('',#9829,.T.);
#9829 = EDGE_LOOP('',(#9830,#9831,#9837,#9838));
#9830 = ORIENTED_EDGE('',*,*,#8456,.T.);
#9831 = ORIENTED_EDGE('',*,*,#9832,.T.);
#9832 = EDGE_CURVE('',#8457,#9024,#9833,.T.);
#9833 = LINE('',#9834,#9835);
#9834 = CARTESIAN_POINT('',(148.9,-82.6727,-4.6E-02));
#9835 = VECTOR('',#9836,1.);
#9836 = DIRECTION('',(0.,0.,1.));
#9837 = ORIENTED_EDGE('',*,*,#9023,.F.);
#9838 = ORIENTED_EDGE('',*,*,#9832,.F.);
#9839 = CYLINDRICAL_SURFACE('',#9840,0.5);
#9840 = AXIS2_PLACEMENT_3D('',#9841,#9842,#9843);
#9841 = CARTESIAN_POINT('',(148.9,-82.1727,-4.6E-02));
#9842 = DIRECTION('',(-0.,-0.,-1.));
#9843 = DIRECTION('',(-0.,-1.,0.));
#9844 = ADVANCED_FACE('',(#9845),#9856,.F.);
#9845 = FACE_BOUND('',#9846,.T.);
#9846 = EDGE_LOOP('',(#9847,#9848,#9854,#9855));
#9847 = ORIENTED_EDGE('',*,*,#8467,.T.);
#9848 = ORIENTED_EDGE('',*,*,#9849,.T.);
#9849 = EDGE_CURVE('',#8468,#9035,#9850,.T.);
#9850 = LINE('',#9851,#9852);
#9851 = CARTESIAN_POINT('',(154.775,-81.51,-4.6E-02));
#9852 = VECTOR('',#9853,1.);
#9853 = DIRECTION('',(0.,0.,1.));
#9854 = ORIENTED_EDGE('',*,*,#9034,.F.);
#9855 = ORIENTED_EDGE('',*,*,#9849,.F.);
#9856 = CYLINDRICAL_SURFACE('',#9857,0.5);
#9857 = AXIS2_PLACEMENT_3D('',#9858,#9859,#9860);
#9858 = CARTESIAN_POINT('',(154.775,-81.01,-4.6E-02));
#9859 = DIRECTION('',(-0.,-0.,-1.));
#9860 = DIRECTION('',(-0.,-1.,0.));
#9861 = ADVANCED_FACE('',(#9862),#9873,.F.);
#9862 = FACE_BOUND('',#9863,.T.);
#9863 = EDGE_LOOP('',(#9864,#9865,#9871,#9872));
#9864 = ORIENTED_EDGE('',*,*,#8478,.T.);
#9865 = ORIENTED_EDGE('',*,*,#9866,.T.);
#9866 = EDGE_CURVE('',#8479,#9046,#9867,.T.);
#9867 = LINE('',#9868,#9869);
#9868 = CARTESIAN_POINT('',(156.2,-93.46,-4.6E-02));
#9869 = VECTOR('',#9870,1.);
#9870 = DIRECTION('',(0.,0.,1.));
#9871 = ORIENTED_EDGE('',*,*,#9045,.F.);
#9872 = ORIENTED_EDGE('',*,*,#9866,.F.);
#9873 = CYLINDRICAL_SURFACE('',#9874,0.5);
#9874 = AXIS2_PLACEMENT_3D('',#9875,#9876,#9877);
#9875 = CARTESIAN_POINT('',(156.2,-92.96,-4.6E-02));
#9876 = DIRECTION('',(-0.,-0.,-1.));
#9877 = DIRECTION('',(-0.,-1.,0.));
#9878 = ADVANCED_FACE('',(#9879),#9890,.F.);
#9879 = FACE_BOUND('',#9880,.T.);
#9880 = EDGE_LOOP('',(#9881,#9882,#9888,#9889));
#9881 = ORIENTED_EDGE('',*,*,#8489,.T.);
#9882 = ORIENTED_EDGE('',*,*,#9883,.T.);
#9883 = EDGE_CURVE('',#8490,#9057,#9884,.T.);
#9884 = LINE('',#9885,#9886);
#9885 = CARTESIAN_POINT('',(156.2,-90.92,-4.6E-02));
#9886 = VECTOR('',#9887,1.);
#9887 = DIRECTION('',(0.,0.,1.));
#9888 = ORIENTED_EDGE('',*,*,#9056,.F.);
#9889 = ORIENTED_EDGE('',*,*,#9883,.F.);
#9890 = CYLINDRICAL_SURFACE('',#9891,0.5);
#9891 = AXIS2_PLACEMENT_3D('',#9892,#9893,#9894);
#9892 = CARTESIAN_POINT('',(156.2,-90.42,-4.6E-02));
#9893 = DIRECTION('',(-0.,-0.,-1.));
#9894 = DIRECTION('',(-0.,-1.,0.));
#9895 = ADVANCED_FACE('',(#9896),#9907,.F.);
#9896 = FACE_BOUND('',#9897,.T.);
#9897 = EDGE_LOOP('',(#9898,#9899,#9905,#9906));
#9898 = ORIENTED_EDGE('',*,*,#8500,.T.);
#9899 = ORIENTED_EDGE('',*,*,#9900,.T.);
#9900 = EDGE_CURVE('',#8501,#9068,#9901,.T.);
#9901 = LINE('',#9902,#9903);
#9902 = CARTESIAN_POINT('',(156.2,-88.38,-4.6E-02));
#9903 = VECTOR('',#9904,1.);
#9904 = DIRECTION('',(0.,0.,1.));
#9905 = ORIENTED_EDGE('',*,*,#9067,.F.);
#9906 = ORIENTED_EDGE('',*,*,#9900,.F.);
#9907 = CYLINDRICAL_SURFACE('',#9908,0.5);
#9908 = AXIS2_PLACEMENT_3D('',#9909,#9910,#9911);
#9909 = CARTESIAN_POINT('',(156.2,-87.88,-4.6E-02));
#9910 = DIRECTION('',(-0.,-0.,-1.));
#9911 = DIRECTION('',(-0.,-1.,0.));
#9912 = ADVANCED_FACE('',(#9913),#9924,.F.);
#9913 = FACE_BOUND('',#9914,.T.);
#9914 = EDGE_LOOP('',(#9915,#9916,#9922,#9923));
#9915 = ORIENTED_EDGE('',*,*,#8511,.T.);
#9916 = ORIENTED_EDGE('',*,*,#9917,.T.);
#9917 = EDGE_CURVE('',#8512,#9079,#9918,.T.);
#9918 = LINE('',#9919,#9920);
#9919 = CARTESIAN_POINT('',(156.2,-85.84,-4.6E-02));
#9920 = VECTOR('',#9921,1.);
#9921 = DIRECTION('',(0.,0.,1.));
#9922 = ORIENTED_EDGE('',*,*,#9078,.F.);
#9923 = ORIENTED_EDGE('',*,*,#9917,.F.);
#9924 = CYLINDRICAL_SURFACE('',#9925,0.5);
#9925 = AXIS2_PLACEMENT_3D('',#9926,#9927,#9928);
#9926 = CARTESIAN_POINT('',(156.2,-85.34,-4.6E-02));
#9927 = DIRECTION('',(-0.,-0.,-1.));
#9928 = DIRECTION('',(-0.,-1.,0.));
#9929 = ADVANCED_FACE('',(#9930),#9941,.F.);
#9930 = FACE_BOUND('',#9931,.T.);
#9931 = EDGE_LOOP('',(#9932,#9933,#9939,#9940));
#9932 = ORIENTED_EDGE('',*,*,#8522,.T.);
#9933 = ORIENTED_EDGE('',*,*,#9934,.T.);
#9934 = EDGE_CURVE('',#8523,#9090,#9935,.T.);
#9935 = LINE('',#9936,#9937);
#9936 = CARTESIAN_POINT('',(148.9,-80.1327,-4.6E-02));
#9937 = VECTOR('',#9938,1.);
#9938 = DIRECTION('',(0.,0.,1.));
#9939 = ORIENTED_EDGE('',*,*,#9089,.F.);
#9940 = ORIENTED_EDGE('',*,*,#9934,.F.);
#9941 = CYLINDRICAL_SURFACE('',#9942,0.5);
#9942 = AXIS2_PLACEMENT_3D('',#9943,#9944,#9945);
#9943 = CARTESIAN_POINT('',(148.9,-79.6327,-4.6E-02));
#9944 = DIRECTION('',(-0.,-0.,-1.));
#9945 = DIRECTION('',(-0.,-1.,0.));
#9946 = ADVANCED_FACE('',(#9947),#9958,.F.);
#9947 = FACE_BOUND('',#9948,.T.);
#9948 = EDGE_LOOP('',(#9949,#9950,#9956,#9957));
#9949 = ORIENTED_EDGE('',*,*,#8533,.T.);
#9950 = ORIENTED_EDGE('',*,*,#9951,.T.);
#9951 = EDGE_CURVE('',#8534,#9101,#9952,.T.);
#9952 = LINE('',#9953,#9954);
#9953 = CARTESIAN_POINT('',(156.2,-74.35,-4.6E-02));
#9954 = VECTOR('',#9955,1.);
#9955 = DIRECTION('',(0.,0.,1.));
#9956 = ORIENTED_EDGE('',*,*,#9100,.F.);
#9957 = ORIENTED_EDGE('',*,*,#9951,.F.);
#9958 = CYLINDRICAL_SURFACE('',#9959,0.5);
#9959 = AXIS2_PLACEMENT_3D('',#9960,#9961,#9962);
#9960 = CARTESIAN_POINT('',(156.2,-73.85,-4.6E-02));
#9961 = DIRECTION('',(-0.,-0.,-1.));
#9962 = DIRECTION('',(-0.,-1.,0.));
#9963 = ADVANCED_FACE('',(#9964),#9975,.F.);
#9964 = FACE_BOUND('',#9965,.T.);
#9965 = EDGE_LOOP('',(#9966,#9967,#9973,#9974));
#9966 = ORIENTED_EDGE('',*,*,#8544,.T.);
#9967 = ORIENTED_EDGE('',*,*,#9968,.T.);
#9968 = EDGE_CURVE('',#8545,#9112,#9969,.T.);
#9969 = LINE('',#9970,#9971);
#9970 = CARTESIAN_POINT('',(156.2,-71.81,-4.6E-02));
#9971 = VECTOR('',#9972,1.);
#9972 = DIRECTION('',(0.,0.,1.));
#9973 = ORIENTED_EDGE('',*,*,#9111,.F.);
#9974 = ORIENTED_EDGE('',*,*,#9968,.F.);
#9975 = CYLINDRICAL_SURFACE('',#9976,0.5);
#9976 = AXIS2_PLACEMENT_3D('',#9977,#9978,#9979);
#9977 = CARTESIAN_POINT('',(156.2,-71.31,-4.6E-02));
#9978 = DIRECTION('',(-0.,-0.,-1.));
#9979 = DIRECTION('',(-0.,-1.,0.));
#9980 = ADVANCED_FACE('',(#9981),#9992,.F.);
#9981 = FACE_BOUND('',#9982,.T.);
#9982 = EDGE_LOOP('',(#9983,#9984,#9990,#9991));
#9983 = ORIENTED_EDGE('',*,*,#8555,.T.);
#9984 = ORIENTED_EDGE('',*,*,#9985,.T.);
#9985 = EDGE_CURVE('',#8556,#9123,#9986,.T.);
#9986 = LINE('',#9987,#9988);
#9987 = CARTESIAN_POINT('',(166.45,-66.61,-4.6E-02));
#9988 = VECTOR('',#9989,1.);
#9989 = DIRECTION('',(0.,0.,1.));
#9990 = ORIENTED_EDGE('',*,*,#9122,.F.);
#9991 = ORIENTED_EDGE('',*,*,#9985,.F.);
#9992 = CYLINDRICAL_SURFACE('',#9993,2.5);
#9993 = AXIS2_PLACEMENT_3D('',#9994,#9995,#9996);
#9994 = CARTESIAN_POINT('',(166.45,-64.11,-4.6E-02));
#9995 = DIRECTION('',(-0.,-0.,-1.));
#9996 = DIRECTION('',(-0.,-1.,0.));
#9997 = ( GEOMETRIC_REPRESENTATION_CONTEXT(3) 
GLOBAL_UNCERTAINTY_ASSIGNED_CONTEXT((#10001)) 
GLOBAL_UNIT_ASSIGNED_CONTEXT((#9998,#9999,#10000)) 
REPRESENTATION_CONTEXT('Context #1',
  '3D Context with UNIT and UNCERTAINTY') );
#9998 = ( LENGTH_UNIT() NAMED_UNIT(*) SI_UNIT(.MILLI.,.METRE.) );
#9999 = ( NAMED_UNIT(*) PLANE_ANGLE_UNIT() SI_UNIT($,.RADIAN.) );
#10000 = ( NAMED_UNIT(*) SI_UNIT($,.STERADIAN.) SOLID_ANGLE_UNIT() );
#10001 = UNCERTAINTY_MEASURE_WITH_UNIT(LENGTH_MEASURE(1.E-07),#9998,
  'distance_accuracy_value','confusion accuracy');
#10002 = CONTEXT_DEPENDENT_SHAPE_REPRESENTATION(#10003,#10005);
#10003 = ( REPRESENTATION_RELATIONSHIP('','',#7896,#10) 
REPRESENTATION_RELATIONSHIP_WITH_TRANSFORMATION(#10004) 
SHAPE_REPRESENTATION_RELATIONSHIP() );
#10004 = ITEM_DEFINED_TRANSFORMATION('','',#11,#71);
#10005 = PRODUCT_DEFINITION_SHAPE('Placement','Placement of an item',
  #10006);
#10006 = NEXT_ASSEMBLY_USAGE_OCCURRENCE('15','=>[0:1:1:6]','',#5,#7891,$
  );
#10007 = PRODUCT_RELATED_PRODUCT_CATEGORY('part',$,(#7893));
#10008 = MECHANICAL_DESIGN_GEOMETRIC_PRESENTATION_REPRESENTATION('',(
    #10009,#10017,#10024,#10031,#10038,#10045,#10052,#10059,#10066,
    #10073,#10080,#10087,#10094,#10101,#10108,#10115,#10123,#10130,
    #10137,#10144,#10151,#10158,#10165,#10172,#10179,#10186,#10193,
    #10200,#10207,#10214,#10221,#10228,#10235,#10242,#10249,#10256,
    #10263,#10270,#10277,#10284,#10291,#10298,#10305,#10312,#10319,
    #10326,#10333,#10340,#10347,#10354,#10361,#10368,#10375,#10382,
    #10389,#10396,#10403,#10410,#10417,#10424,#10431,#10438,#10445,
    #10452,#10459,#10466,#10473,#10480,#10487,#10494,#10501,#10508,
    #10515,#10522,#10529,#10536),#7029);
#10009 = STYLED_ITEM('color',(#10010),#4957);
#10010 = PRESENTATION_STYLE_ASSIGNMENT((#10011));
#10011 = SURFACE_STYLE_USAGE(.BOTH.,#10012);
#10012 = SURFACE_SIDE_STYLE('',(#10013));
#10013 = SURFACE_STYLE_FILL_AREA(#10014);
#10014 = FILL_AREA_STYLE('',(#10015));
#10015 = FILL_AREA_STYLE_COLOUR('',#10016);
#10016 = COLOUR_RGB('',0.145098047169,0.14117647753,0.14117647753);
#10017 = STYLED_ITEM('color',(#10018),#4995);
#10018 = PRESENTATION_STYLE_ASSIGNMENT((#10019));
#10019 = SURFACE_STYLE_USAGE(.BOTH.,#10020);
#10020 = SURFACE_SIDE_STYLE('',(#10021));
#10021 = SURFACE_STYLE_FILL_AREA(#10022);
#10022 = FILL_AREA_STYLE('',(#10023));
#10023 = FILL_AREA_STYLE_COLOUR('',#10016);
#10024 = STYLED_ITEM('color',(#10025),#5058);
#10025 = PRESENTATION_STYLE_ASSIGNMENT((#10026));
#10026 = SURFACE_STYLE_USAGE(.BOTH.,#10027);
#10027 = SURFACE_SIDE_STYLE('',(#10028));
#10028 = SURFACE_STYLE_FILL_AREA(#10029);
#10029 = FILL_AREA_STYLE('',(#10030));
#10030 = FILL_AREA_STYLE_COLOUR('',#10016);
#10031 = STYLED_ITEM('color',(#10032),#5081);
#10032 = PRESENTATION_STYLE_ASSIGNMENT((#10033));
#10033 = SURFACE_STYLE_USAGE(.BOTH.,#10034);
#10034 = SURFACE_SIDE_STYLE('',(#10035));
#10035 = SURFACE_STYLE_FILL_AREA(#10036);
#10036 = FILL_AREA_STYLE('',(#10037));
#10037 = FILL_AREA_STYLE_COLOUR('',#10016);
#10038 = STYLED_ITEM('color',(#10039),#5110);
#10039 = PRESENTATION_STYLE_ASSIGNMENT((#10040));
#10040 = SURFACE_STYLE_USAGE(.BOTH.,#10041);
#10041 = SURFACE_SIDE_STYLE('',(#10042));
#10042 = SURFACE_STYLE_FILL_AREA(#10043);
#10043 = FILL_AREA_STYLE('',(#10044));
#10044 = FILL_AREA_STYLE_COLOUR('',#10016);
#10045 = STYLED_ITEM('color',(#10046),#5133);
#10046 = PRESENTATION_STYLE_ASSIGNMENT((#10047));
#10047 = SURFACE_STYLE_USAGE(.BOTH.,#10048);
#10048 = SURFACE_SIDE_STYLE('',(#10049));
#10049 = SURFACE_STYLE_FILL_AREA(#10050);
#10050 = FILL_AREA_STYLE('',(#10051));
#10051 = FILL_AREA_STYLE_COLOUR('',#10016);
#10052 = STYLED_ITEM('color',(#10053),#5172);
#10053 = PRESENTATION_STYLE_ASSIGNMENT((#10054));
#10054 = SURFACE_STYLE_USAGE(.BOTH.,#10055);
#10055 = SURFACE_SIDE_STYLE('',(#10056));
#10056 = SURFACE_STYLE_FILL_AREA(#10057);
#10057 = FILL_AREA_STYLE('',(#10058));
#10058 = FILL_AREA_STYLE_COLOUR('',#10016);
#10059 = STYLED_ITEM('color',(#10060),#5195);
#10060 = PRESENTATION_STYLE_ASSIGNMENT((#10061));
#10061 = SURFACE_STYLE_USAGE(.BOTH.,#10062);
#10062 = SURFACE_SIDE_STYLE('',(#10063));
#10063 = SURFACE_STYLE_FILL_AREA(#10064);
#10064 = FILL_AREA_STYLE('',(#10065));
#10065 = FILL_AREA_STYLE_COLOUR('',#10016);
#10066 = STYLED_ITEM('color',(#10067),#5218);
#10067 = PRESENTATION_STYLE_ASSIGNMENT((#10068));
#10068 = SURFACE_STYLE_USAGE(.BOTH.,#10069);
#10069 = SURFACE_SIDE_STYLE('',(#10070));
#10070 = SURFACE_STYLE_FILL_AREA(#10071);
#10071 = FILL_AREA_STYLE('',(#10072));
#10072 = FILL_AREA_STYLE_COLOUR('',#10016);
#10073 = STYLED_ITEM('color',(#10074),#5241);
#10074 = PRESENTATION_STYLE_ASSIGNMENT((#10075));
#10075 = SURFACE_STYLE_USAGE(.BOTH.,#10076);
#10076 = SURFACE_SIDE_STYLE('',(#10077));
#10077 = SURFACE_STYLE_FILL_AREA(#10078);
#10078 = FILL_AREA_STYLE('',(#10079));
#10079 = FILL_AREA_STYLE_COLOUR('',#10016);
#10080 = STYLED_ITEM('color',(#10081),#5290);
#10081 = PRESENTATION_STYLE_ASSIGNMENT((#10082));
#10082 = SURFACE_STYLE_USAGE(.BOTH.,#10083);
#10083 = SURFACE_SIDE_STYLE('',(#10084));
#10084 = SURFACE_STYLE_FILL_AREA(#10085);
#10085 = FILL_AREA_STYLE('',(#10086));
#10086 = FILL_AREA_STYLE_COLOUR('',#10016);
#10087 = STYLED_ITEM('color',(#10088),#5313);
#10088 = PRESENTATION_STYLE_ASSIGNMENT((#10089));
#10089 = SURFACE_STYLE_USAGE(.BOTH.,#10090);
#10090 = SURFACE_SIDE_STYLE('',(#10091));
#10091 = SURFACE_STYLE_FILL_AREA(#10092);
#10092 = FILL_AREA_STYLE('',(#10093));
#10093 = FILL_AREA_STYLE_COLOUR('',#10016);
#10094 = STYLED_ITEM('color',(#10095),#5342);
#10095 = PRESENTATION_STYLE_ASSIGNMENT((#10096));
#10096 = SURFACE_STYLE_USAGE(.BOTH.,#10097);
#10097 = SURFACE_SIDE_STYLE('',(#10098));
#10098 = SURFACE_STYLE_FILL_AREA(#10099);
#10099 = FILL_AREA_STYLE('',(#10100));
#10100 = FILL_AREA_STYLE_COLOUR('',#10016);
#10101 = STYLED_ITEM('color',(#10102),#5365);
#10102 = PRESENTATION_STYLE_ASSIGNMENT((#10103));
#10103 = SURFACE_STYLE_USAGE(.BOTH.,#10104);
#10104 = SURFACE_SIDE_STYLE('',(#10105));
#10105 = SURFACE_STYLE_FILL_AREA(#10106);
#10106 = FILL_AREA_STYLE('',(#10107));
#10107 = FILL_AREA_STYLE_COLOUR('',#10016);
#10108 = STYLED_ITEM('color',(#10109),#5389);
#10109 = PRESENTATION_STYLE_ASSIGNMENT((#10110));
#10110 = SURFACE_STYLE_USAGE(.BOTH.,#10111);
#10111 = SURFACE_SIDE_STYLE('',(#10112));
#10112 = SURFACE_STYLE_FILL_AREA(#10113);
#10113 = FILL_AREA_STYLE('',(#10114));
#10114 = FILL_AREA_STYLE_COLOUR('',#10016);
#10115 = STYLED_ITEM('color',(#10116),#5419);
#10116 = PRESENTATION_STYLE_ASSIGNMENT((#10117));
#10117 = SURFACE_STYLE_USAGE(.BOTH.,#10118);
#10118 = SURFACE_SIDE_STYLE('',(#10119));
#10119 = SURFACE_STYLE_FILL_AREA(#10120);
#10120 = FILL_AREA_STYLE('',(#10121));
#10121 = FILL_AREA_STYLE_COLOUR('',#10122);
#10122 = COLOUR_RGB('',0.823529417451,0.819607860991,0.780392170416);
#10123 = STYLED_ITEM('color',(#10124),#5452);
#10124 = PRESENTATION_STYLE_ASSIGNMENT((#10125));
#10125 = SURFACE_STYLE_USAGE(.BOTH.,#10126);
#10126 = SURFACE_SIDE_STYLE('',(#10127));
#10127 = SURFACE_STYLE_FILL_AREA(#10128);
#10128 = FILL_AREA_STYLE('',(#10129));
#10129 = FILL_AREA_STYLE_COLOUR('',#10016);
#10130 = STYLED_ITEM('color',(#10131),#5475);
#10131 = PRESENTATION_STYLE_ASSIGNMENT((#10132));
#10132 = SURFACE_STYLE_USAGE(.BOTH.,#10133);
#10133 = SURFACE_SIDE_STYLE('',(#10134));
#10134 = SURFACE_STYLE_FILL_AREA(#10135);
#10135 = FILL_AREA_STYLE('',(#10136));
#10136 = FILL_AREA_STYLE_COLOUR('',#10016);
#10137 = STYLED_ITEM('color',(#10138),#5498);
#10138 = PRESENTATION_STYLE_ASSIGNMENT((#10139));
#10139 = SURFACE_STYLE_USAGE(.BOTH.,#10140);
#10140 = SURFACE_SIDE_STYLE('',(#10141));
#10141 = SURFACE_STYLE_FILL_AREA(#10142);
#10142 = FILL_AREA_STYLE('',(#10143));
#10143 = FILL_AREA_STYLE_COLOUR('',#10016);
#10144 = STYLED_ITEM('color',(#10145),#5521);
#10145 = PRESENTATION_STYLE_ASSIGNMENT((#10146));
#10146 = SURFACE_STYLE_USAGE(.BOTH.,#10147);
#10147 = SURFACE_SIDE_STYLE('',(#10148));
#10148 = SURFACE_STYLE_FILL_AREA(#10149);
#10149 = FILL_AREA_STYLE('',(#10150));
#10150 = FILL_AREA_STYLE_COLOUR('',#10016);
#10151 = STYLED_ITEM('color',(#10152),#5545);
#10152 = PRESENTATION_STYLE_ASSIGNMENT((#10153));
#10153 = SURFACE_STYLE_USAGE(.BOTH.,#10154);
#10154 = SURFACE_SIDE_STYLE('',(#10155));
#10155 = SURFACE_STYLE_FILL_AREA(#10156);
#10156 = FILL_AREA_STYLE('',(#10157));
#10157 = FILL_AREA_STYLE_COLOUR('',#10016);
#10158 = STYLED_ITEM('color',(#10159),#5569);
#10159 = PRESENTATION_STYLE_ASSIGNMENT((#10160));
#10160 = SURFACE_STYLE_USAGE(.BOTH.,#10161);
#10161 = SURFACE_SIDE_STYLE('',(#10162));
#10162 = SURFACE_STYLE_FILL_AREA(#10163);
#10163 = FILL_AREA_STYLE('',(#10164));
#10164 = FILL_AREA_STYLE_COLOUR('',#10122);
#10165 = STYLED_ITEM('color',(#10166),#5602);
#10166 = PRESENTATION_STYLE_ASSIGNMENT((#10167));
#10167 = SURFACE_STYLE_USAGE(.BOTH.,#10168);
#10168 = SURFACE_SIDE_STYLE('',(#10169));
#10169 = SURFACE_STYLE_FILL_AREA(#10170);
#10170 = FILL_AREA_STYLE('',(#10171));
#10171 = FILL_AREA_STYLE_COLOUR('',#10122);
#10172 = STYLED_ITEM('color',(#10173),#5635);
#10173 = PRESENTATION_STYLE_ASSIGNMENT((#10174));
#10174 = SURFACE_STYLE_USAGE(.BOTH.,#10175);
#10175 = SURFACE_SIDE_STYLE('',(#10176));
#10176 = SURFACE_STYLE_FILL_AREA(#10177);
#10177 = FILL_AREA_STYLE('',(#10178));
#10178 = FILL_AREA_STYLE_COLOUR('',#10016);
#10179 = STYLED_ITEM('color',(#10180),#5666);
#10180 = PRESENTATION_STYLE_ASSIGNMENT((#10181));
#10181 = SURFACE_STYLE_USAGE(.BOTH.,#10182);
#10182 = SURFACE_SIDE_STYLE('',(#10183));
#10183 = SURFACE_STYLE_FILL_AREA(#10184);
#10184 = FILL_AREA_STYLE('',(#10185));
#10185 = FILL_AREA_STYLE_COLOUR('',#10016);
#10186 = STYLED_ITEM('color',(#10187),#5689);
#10187 = PRESENTATION_STYLE_ASSIGNMENT((#10188));
#10188 = SURFACE_STYLE_USAGE(.BOTH.,#10189);
#10189 = SURFACE_SIDE_STYLE('',(#10190));
#10190 = SURFACE_STYLE_FILL_AREA(#10191);
#10191 = FILL_AREA_STYLE('',(#10192));
#10192 = FILL_AREA_STYLE_COLOUR('',#10016);
#10193 = STYLED_ITEM('color',(#10194),#5718);
#10194 = PRESENTATION_STYLE_ASSIGNMENT((#10195));
#10195 = SURFACE_STYLE_USAGE(.BOTH.,#10196);
#10196 = SURFACE_SIDE_STYLE('',(#10197));
#10197 = SURFACE_STYLE_FILL_AREA(#10198);
#10198 = FILL_AREA_STYLE('',(#10199));
#10199 = FILL_AREA_STYLE_COLOUR('',#10016);
#10200 = STYLED_ITEM('color',(#10201),#5741);
#10201 = PRESENTATION_STYLE_ASSIGNMENT((#10202));
#10202 = SURFACE_STYLE_USAGE(.BOTH.,#10203);
#10203 = SURFACE_SIDE_STYLE('',(#10204));
#10204 = SURFACE_STYLE_FILL_AREA(#10205);
#10205 = FILL_AREA_STYLE('',(#10206));
#10206 = FILL_AREA_STYLE_COLOUR('',#10016);
#10207 = STYLED_ITEM('color',(#10208),#5765);
#10208 = PRESENTATION_STYLE_ASSIGNMENT((#10209));
#10209 = SURFACE_STYLE_USAGE(.BOTH.,#10210);
#10210 = SURFACE_SIDE_STYLE('',(#10211));
#10211 = SURFACE_STYLE_FILL_AREA(#10212);
#10212 = FILL_AREA_STYLE('',(#10213));
#10213 = FILL_AREA_STYLE_COLOUR('',#10122);
#10214 = STYLED_ITEM('color',(#10215),#5840);
#10215 = PRESENTATION_STYLE_ASSIGNMENT((#10216));
#10216 = SURFACE_STYLE_USAGE(.BOTH.,#10217);
#10217 = SURFACE_SIDE_STYLE('',(#10218));
#10218 = SURFACE_STYLE_FILL_AREA(#10219);
#10219 = FILL_AREA_STYLE('',(#10220));
#10220 = FILL_AREA_STYLE_COLOUR('',#10122);
#10221 = STYLED_ITEM('color',(#10222),#5915);
#10222 = PRESENTATION_STYLE_ASSIGNMENT((#10223));
#10223 = SURFACE_STYLE_USAGE(.BOTH.,#10224);
#10224 = SURFACE_SIDE_STYLE('',(#10225));
#10225 = SURFACE_STYLE_FILL_AREA(#10226);
#10226 = FILL_AREA_STYLE('',(#10227));
#10227 = FILL_AREA_STYLE_COLOUR('',#10016);
#10228 = STYLED_ITEM('color',(#10229),#5945);
#10229 = PRESENTATION_STYLE_ASSIGNMENT((#10230));
#10230 = SURFACE_STYLE_USAGE(.BOTH.,#10231);
#10231 = SURFACE_SIDE_STYLE('',(#10232));
#10232 = SURFACE_STYLE_FILL_AREA(#10233);
#10233 = FILL_AREA_STYLE('',(#10234));
#10234 = FILL_AREA_STYLE_COLOUR('',#10122);
#10235 = STYLED_ITEM('color',(#10236),#5962);
#10236 = PRESENTATION_STYLE_ASSIGNMENT((#10237));
#10237 = SURFACE_STYLE_USAGE(.BOTH.,#10238);
#10238 = SURFACE_SIDE_STYLE('',(#10239));
#10239 = SURFACE_STYLE_FILL_AREA(#10240);
#10240 = FILL_AREA_STYLE('',(#10241));
#10241 = FILL_AREA_STYLE_COLOUR('',#10016);
#10242 = STYLED_ITEM('color',(#10243),#5985);
#10243 = PRESENTATION_STYLE_ASSIGNMENT((#10244));
#10244 = SURFACE_STYLE_USAGE(.BOTH.,#10245);
#10245 = SURFACE_SIDE_STYLE('',(#10246));
#10246 = SURFACE_STYLE_FILL_AREA(#10247);
#10247 = FILL_AREA_STYLE('',(#10248));
#10248 = FILL_AREA_STYLE_COLOUR('',#10016);
#10249 = STYLED_ITEM('color',(#10250),#6008);
#10250 = PRESENTATION_STYLE_ASSIGNMENT((#10251));
#10251 = SURFACE_STYLE_USAGE(.BOTH.,#10252);
#10252 = SURFACE_SIDE_STYLE('',(#10253));
#10253 = SURFACE_STYLE_FILL_AREA(#10254);
#10254 = FILL_AREA_STYLE('',(#10255));
#10255 = FILL_AREA_STYLE_COLOUR('',#10016);
#10256 = STYLED_ITEM('color',(#10257),#6031);
#10257 = PRESENTATION_STYLE_ASSIGNMENT((#10258));
#10258 = SURFACE_STYLE_USAGE(.BOTH.,#10259);
#10259 = SURFACE_SIDE_STYLE('',(#10260));
#10260 = SURFACE_STYLE_FILL_AREA(#10261);
#10261 = FILL_AREA_STYLE('',(#10262));
#10262 = FILL_AREA_STYLE_COLOUR('',#10016);
#10263 = STYLED_ITEM('color',(#10264),#6055);
#10264 = PRESENTATION_STYLE_ASSIGNMENT((#10265));
#10265 = SURFACE_STYLE_USAGE(.BOTH.,#10266);
#10266 = SURFACE_SIDE_STYLE('',(#10267));
#10267 = SURFACE_STYLE_FILL_AREA(#10268);
#10268 = FILL_AREA_STYLE('',(#10269));
#10269 = FILL_AREA_STYLE_COLOUR('',#10122);
#10270 = STYLED_ITEM('color',(#10271),#6130);
#10271 = PRESENTATION_STYLE_ASSIGNMENT((#10272));
#10272 = SURFACE_STYLE_USAGE(.BOTH.,#10273);
#10273 = SURFACE_SIDE_STYLE('',(#10274));
#10274 = SURFACE_STYLE_FILL_AREA(#10275);
#10275 = FILL_AREA_STYLE('',(#10276));
#10276 = FILL_AREA_STYLE_COLOUR('',#10122);
#10277 = STYLED_ITEM('color',(#10278),#6205);
#10278 = PRESENTATION_STYLE_ASSIGNMENT((#10279));
#10279 = SURFACE_STYLE_USAGE(.BOTH.,#10280);
#10280 = SURFACE_SIDE_STYLE('',(#10281));
#10281 = SURFACE_STYLE_FILL_AREA(#10282);
#10282 = FILL_AREA_STYLE('',(#10283));
#10283 = FILL_AREA_STYLE_COLOUR('',#10016);
#10284 = STYLED_ITEM('color',(#10285),#6229);
#10285 = PRESENTATION_STYLE_ASSIGNMENT((#10286));
#10286 = SURFACE_STYLE_USAGE(.BOTH.,#10287);
#10287 = SURFACE_SIDE_STYLE('',(#10288));
#10288 = SURFACE_STYLE_FILL_AREA(#10289);
#10289 = FILL_AREA_STYLE('',(#10290));
#10290 = FILL_AREA_STYLE_COLOUR('',#10122);
#10291 = STYLED_ITEM('color',(#10292),#6304);
#10292 = PRESENTATION_STYLE_ASSIGNMENT((#10293));
#10293 = SURFACE_STYLE_USAGE(.BOTH.,#10294);
#10294 = SURFACE_SIDE_STYLE('',(#10295));
#10295 = SURFACE_STYLE_FILL_AREA(#10296);
#10296 = FILL_AREA_STYLE('',(#10297));
#10297 = FILL_AREA_STYLE_COLOUR('',#10122);
#10298 = STYLED_ITEM('color',(#10299),#6321);
#10299 = PRESENTATION_STYLE_ASSIGNMENT((#10300));
#10300 = SURFACE_STYLE_USAGE(.BOTH.,#10301);
#10301 = SURFACE_SIDE_STYLE('',(#10302));
#10302 = SURFACE_STYLE_FILL_AREA(#10303);
#10303 = FILL_AREA_STYLE('',(#10304));
#10304 = FILL_AREA_STYLE_COLOUR('',#10122);
#10305 = STYLED_ITEM('color',(#10306),#6396);
#10306 = PRESENTATION_STYLE_ASSIGNMENT((#10307));
#10307 = SURFACE_STYLE_USAGE(.BOTH.,#10308);
#10308 = SURFACE_SIDE_STYLE('',(#10309));
#10309 = SURFACE_STYLE_FILL_AREA(#10310);
#10310 = FILL_AREA_STYLE('',(#10311));
#10311 = FILL_AREA_STYLE_COLOUR('',#10122);
#10312 = STYLED_ITEM('color',(#10313),#6413);
#10313 = PRESENTATION_STYLE_ASSIGNMENT((#10314));
#10314 = SURFACE_STYLE_USAGE(.BOTH.,#10315);
#10315 = SURFACE_SIDE_STYLE('',(#10316));
#10316 = SURFACE_STYLE_FILL_AREA(#10317);
#10317 = FILL_AREA_STYLE('',(#10318));
#10318 = FILL_AREA_STYLE_COLOUR('',#10016);
#10319 = STYLED_ITEM('color',(#10320),#6444);
#10320 = PRESENTATION_STYLE_ASSIGNMENT((#10321));
#10321 = SURFACE_STYLE_USAGE(.BOTH.,#10322);
#10322 = SURFACE_SIDE_STYLE('',(#10323));
#10323 = SURFACE_STYLE_FILL_AREA(#10324);
#10324 = FILL_AREA_STYLE('',(#10325));
#10325 = FILL_AREA_STYLE_COLOUR('',#10016);
#10326 = STYLED_ITEM('color',(#10327),#6467);
#10327 = PRESENTATION_STYLE_ASSIGNMENT((#10328));
#10328 = SURFACE_STYLE_USAGE(.BOTH.,#10329);
#10329 = SURFACE_SIDE_STYLE('',(#10330));
#10330 = SURFACE_STYLE_FILL_AREA(#10331);
#10331 = FILL_AREA_STYLE('',(#10332));
#10332 = FILL_AREA_STYLE_COLOUR('',#10016);
#10333 = STYLED_ITEM('color',(#10334),#6523);
#10334 = PRESENTATION_STYLE_ASSIGNMENT((#10335));
#10335 = SURFACE_STYLE_USAGE(.BOTH.,#10336);
#10336 = SURFACE_SIDE_STYLE('',(#10337));
#10337 = SURFACE_STYLE_FILL_AREA(#10338);
#10338 = FILL_AREA_STYLE('',(#10339));
#10339 = FILL_AREA_STYLE_COLOUR('',#10016);
#10340 = STYLED_ITEM('color',(#10341),#6539);
#10341 = PRESENTATION_STYLE_ASSIGNMENT((#10342));
#10342 = SURFACE_STYLE_USAGE(.BOTH.,#10343);
#10343 = SURFACE_SIDE_STYLE('',(#10344));
#10344 = SURFACE_STYLE_FILL_AREA(#10345);
#10345 = FILL_AREA_STYLE('',(#10346));
#10346 = FILL_AREA_STYLE_COLOUR('',#10016);
#10347 = STYLED_ITEM('color',(#10348),#6562);
#10348 = PRESENTATION_STYLE_ASSIGNMENT((#10349));
#10349 = SURFACE_STYLE_USAGE(.BOTH.,#10350);
#10350 = SURFACE_SIDE_STYLE('',(#10351));
#10351 = SURFACE_STYLE_FILL_AREA(#10352);
#10352 = FILL_AREA_STYLE('',(#10353));
#10353 = FILL_AREA_STYLE_COLOUR('',#10122);
#10354 = STYLED_ITEM('color',(#10355),#6579);
#10355 = PRESENTATION_STYLE_ASSIGNMENT((#10356));
#10356 = SURFACE_STYLE_USAGE(.BOTH.,#10357);
#10357 = SURFACE_SIDE_STYLE('',(#10358));
#10358 = SURFACE_STYLE_FILL_AREA(#10359);
#10359 = FILL_AREA_STYLE('',(#10360));
#10360 = FILL_AREA_STYLE_COLOUR('',#10122);
#10361 = STYLED_ITEM('color',(#10362),#6596);
#10362 = PRESENTATION_STYLE_ASSIGNMENT((#10363));
#10363 = SURFACE_STYLE_USAGE(.BOTH.,#10364);
#10364 = SURFACE_SIDE_STYLE('',(#10365));
#10365 = SURFACE_STYLE_FILL_AREA(#10366);
#10366 = FILL_AREA_STYLE('',(#10367));
#10367 = FILL_AREA_STYLE_COLOUR('',#10122);
#10368 = STYLED_ITEM('color',(#10369),#6613);
#10369 = PRESENTATION_STYLE_ASSIGNMENT((#10370));
#10370 = SURFACE_STYLE_USAGE(.BOTH.,#10371);
#10371 = SURFACE_SIDE_STYLE('',(#10372));
#10372 = SURFACE_STYLE_FILL_AREA(#10373);
#10373 = FILL_AREA_STYLE('',(#10374));
#10374 = FILL_AREA_STYLE_COLOUR('',#10122);
#10375 = STYLED_ITEM('color',(#10376),#6630);
#10376 = PRESENTATION_STYLE_ASSIGNMENT((#10377));
#10377 = SURFACE_STYLE_USAGE(.BOTH.,#10378);
#10378 = SURFACE_SIDE_STYLE('',(#10379));
#10379 = SURFACE_STYLE_FILL_AREA(#10380);
#10380 = FILL_AREA_STYLE('',(#10381));
#10381 = FILL_AREA_STYLE_COLOUR('',#10122);
#10382 = STYLED_ITEM('color',(#10383),#6647);
#10383 = PRESENTATION_STYLE_ASSIGNMENT((#10384));
#10384 = SURFACE_STYLE_USAGE(.BOTH.,#10385);
#10385 = SURFACE_SIDE_STYLE('',(#10386));
#10386 = SURFACE_STYLE_FILL_AREA(#10387);
#10387 = FILL_AREA_STYLE('',(#10388));
#10388 = FILL_AREA_STYLE_COLOUR('',#10122);
#10389 = STYLED_ITEM('color',(#10390),#6664);
#10390 = PRESENTATION_STYLE_ASSIGNMENT((#10391));
#10391 = SURFACE_STYLE_USAGE(.BOTH.,#10392);
#10392 = SURFACE_SIDE_STYLE('',(#10393));
#10393 = SURFACE_STYLE_FILL_AREA(#10394);
#10394 = FILL_AREA_STYLE('',(#10395));
#10395 = FILL_AREA_STYLE_COLOUR('',#10122);
#10396 = STYLED_ITEM('color',(#10397),#6681);
#10397 = PRESENTATION_STYLE_ASSIGNMENT((#10398));
#10398 = SURFACE_STYLE_USAGE(.BOTH.,#10399);
#10399 = SURFACE_SIDE_STYLE('',(#10400));
#10400 = SURFACE_STYLE_FILL_AREA(#10401);
#10401 = FILL_AREA_STYLE('',(#10402));
#10402 = FILL_AREA_STYLE_COLOUR('',#10122);
#10403 = STYLED_ITEM('color',(#10404),#6693);
#10404 = PRESENTATION_STYLE_ASSIGNMENT((#10405));
#10405 = SURFACE_STYLE_USAGE(.BOTH.,#10406);
#10406 = SURFACE_SIDE_STYLE('',(#10407));
#10407 = SURFACE_STYLE_FILL_AREA(#10408);
#10408 = FILL_AREA_STYLE('',(#10409));
#10409 = FILL_AREA_STYLE_COLOUR('',#10016);
#10410 = STYLED_ITEM('color',(#10411),#6709);
#10411 = PRESENTATION_STYLE_ASSIGNMENT((#10412));
#10412 = SURFACE_STYLE_USAGE(.BOTH.,#10413);
#10413 = SURFACE_SIDE_STYLE('',(#10414));
#10414 = SURFACE_STYLE_FILL_AREA(#10415);
#10415 = FILL_AREA_STYLE('',(#10416));
#10416 = FILL_AREA_STYLE_COLOUR('',#10016);
#10417 = STYLED_ITEM('color',(#10418),#6725);
#10418 = PRESENTATION_STYLE_ASSIGNMENT((#10419));
#10419 = SURFACE_STYLE_USAGE(.BOTH.,#10420);
#10420 = SURFACE_SIDE_STYLE('',(#10421));
#10421 = SURFACE_STYLE_FILL_AREA(#10422);
#10422 = FILL_AREA_STYLE('',(#10423));
#10423 = FILL_AREA_STYLE_COLOUR('',#10016);
#10424 = STYLED_ITEM('color',(#10425),#6741);
#10425 = PRESENTATION_STYLE_ASSIGNMENT((#10426));
#10426 = SURFACE_STYLE_USAGE(.BOTH.,#10427);
#10427 = SURFACE_SIDE_STYLE('',(#10428));
#10428 = SURFACE_STYLE_FILL_AREA(#10429);
#10429 = FILL_AREA_STYLE('',(#10430));
#10430 = FILL_AREA_STYLE_COLOUR('',#10016);
#10431 = STYLED_ITEM('color',(#10432),#6767);
#10432 = PRESENTATION_STYLE_ASSIGNMENT((#10433));
#10433 = SURFACE_STYLE_USAGE(.BOTH.,#10434);
#10434 = SURFACE_SIDE_STYLE('',(#10435));
#10435 = SURFACE_STYLE_FILL_AREA(#10436);
#10436 = FILL_AREA_STYLE('',(#10437));
#10437 = FILL_AREA_STYLE_COLOUR('',#10122);
#10438 = STYLED_ITEM('color',(#10439),#6784);
#10439 = PRESENTATION_STYLE_ASSIGNMENT((#10440));
#10440 = SURFACE_STYLE_USAGE(.BOTH.,#10441);
#10441 = SURFACE_SIDE_STYLE('',(#10442));
#10442 = SURFACE_STYLE_FILL_AREA(#10443);
#10443 = FILL_AREA_STYLE('',(#10444));
#10444 = FILL_AREA_STYLE_COLOUR('',#10122);
#10445 = STYLED_ITEM('color',(#10446),#6801);
#10446 = PRESENTATION_STYLE_ASSIGNMENT((#10447));
#10447 = SURFACE_STYLE_USAGE(.BOTH.,#10448);
#10448 = SURFACE_SIDE_STYLE('',(#10449));
#10449 = SURFACE_STYLE_FILL_AREA(#10450);
#10450 = FILL_AREA_STYLE('',(#10451));
#10451 = FILL_AREA_STYLE_COLOUR('',#10122);
#10452 = STYLED_ITEM('color',(#10453),#6818);
#10453 = PRESENTATION_STYLE_ASSIGNMENT((#10454));
#10454 = SURFACE_STYLE_USAGE(.BOTH.,#10455);
#10455 = SURFACE_SIDE_STYLE('',(#10456));
#10456 = SURFACE_STYLE_FILL_AREA(#10457);
#10457 = FILL_AREA_STYLE('',(#10458));
#10458 = FILL_AREA_STYLE_COLOUR('',#10122);
#10459 = STYLED_ITEM('color',(#10460),#6835);
#10460 = PRESENTATION_STYLE_ASSIGNMENT((#10461));
#10461 = SURFACE_STYLE_USAGE(.BOTH.,#10462);
#10462 = SURFACE_SIDE_STYLE('',(#10463));
#10463 = SURFACE_STYLE_FILL_AREA(#10464);
#10464 = FILL_AREA_STYLE('',(#10465));
#10465 = FILL_AREA_STYLE_COLOUR('',#10122);
#10466 = STYLED_ITEM('color',(#10467),#6852);
#10467 = PRESENTATION_STYLE_ASSIGNMENT((#10468));
#10468 = SURFACE_STYLE_USAGE(.BOTH.,#10469);
#10469 = SURFACE_SIDE_STYLE('',(#10470));
#10470 = SURFACE_STYLE_FILL_AREA(#10471);
#10471 = FILL_AREA_STYLE('',(#10472));
#10472 = FILL_AREA_STYLE_COLOUR('',#10122);
#10473 = STYLED_ITEM('color',(#10474),#6869);
#10474 = PRESENTATION_STYLE_ASSIGNMENT((#10475));
#10475 = SURFACE_STYLE_USAGE(.BOTH.,#10476);
#10476 = SURFACE_SIDE_STYLE('',(#10477));
#10477 = SURFACE_STYLE_FILL_AREA(#10478);
#10478 = FILL_AREA_STYLE('',(#10479));
#10479 = FILL_AREA_STYLE_COLOUR('',#10122);
#10480 = STYLED_ITEM('color',(#10481),#6886);
#10481 = PRESENTATION_STYLE_ASSIGNMENT((#10482));
#10482 = SURFACE_STYLE_USAGE(.BOTH.,#10483);
#10483 = SURFACE_SIDE_STYLE('',(#10484));
#10484 = SURFACE_STYLE_FILL_AREA(#10485);
#10485 = FILL_AREA_STYLE('',(#10486));
#10486 = FILL_AREA_STYLE_COLOUR('',#10122);
#10487 = STYLED_ITEM('color',(#10488),#6898);
#10488 = PRESENTATION_STYLE_ASSIGNMENT((#10489));
#10489 = SURFACE_STYLE_USAGE(.BOTH.,#10490);
#10490 = SURFACE_SIDE_STYLE('',(#10491));
#10491 = SURFACE_STYLE_FILL_AREA(#10492);
#10492 = FILL_AREA_STYLE('',(#10493));
#10493 = FILL_AREA_STYLE_COLOUR('',#10122);
#10494 = STYLED_ITEM('color',(#10495),#6920);
#10495 = PRESENTATION_STYLE_ASSIGNMENT((#10496));
#10496 = SURFACE_STYLE_USAGE(.BOTH.,#10497);
#10497 = SURFACE_SIDE_STYLE('',(#10498));
#10498 = SURFACE_STYLE_FILL_AREA(#10499);
#10499 = FILL_AREA_STYLE('',(#10500));
#10500 = FILL_AREA_STYLE_COLOUR('',#10122);
#10501 = STYLED_ITEM('color',(#10502),#6937);
#10502 = PRESENTATION_STYLE_ASSIGNMENT((#10503));
#10503 = SURFACE_STYLE_USAGE(.BOTH.,#10504);
#10504 = SURFACE_SIDE_STYLE('',(#10505));
#10505 = SURFACE_STYLE_FILL_AREA(#10506);
#10506 = FILL_AREA_STYLE('',(#10507));
#10507 = FILL_AREA_STYLE_COLOUR('',#10122);
#10508 = STYLED_ITEM('color',(#10509),#6954);
#10509 = PRESENTATION_STYLE_ASSIGNMENT((#10510));
#10510 = SURFACE_STYLE_USAGE(.BOTH.,#10511);
#10511 = SURFACE_SIDE_STYLE('',(#10512));
#10512 = SURFACE_STYLE_FILL_AREA(#10513);
#10513 = FILL_AREA_STYLE('',(#10514));
#10514 = FILL_AREA_STYLE_COLOUR('',#10122);
#10515 = STYLED_ITEM('color',(#10516),#6971);
#10516 = PRESENTATION_STYLE_ASSIGNMENT((#10517));
#10517 = SURFACE_STYLE_USAGE(.BOTH.,#10518);
#10518 = SURFACE_SIDE_STYLE('',(#10519));
#10519 = SURFACE_STYLE_FILL_AREA(#10520);
#10520 = FILL_AREA_STYLE('',(#10521));
#10521 = FILL_AREA_STYLE_COLOUR('',#10122);
#10522 = STYLED_ITEM('color',(#10523),#6988);
#10523 = PRESENTATION_STYLE_ASSIGNMENT((#10524));
#10524 = SURFACE_STYLE_USAGE(.BOTH.,#10525);
#10525 = SURFACE_SIDE_STYLE('',(#10526));
#10526 = SURFACE_STYLE_FILL_AREA(#10527);
#10527 = FILL_AREA_STYLE('',(#10528));
#10528 = FILL_AREA_STYLE_COLOUR('',#10122);
#10529 = STYLED_ITEM('color',(#10530),#7005);
#10530 = PRESENTATION_STYLE_ASSIGNMENT((#10531));
#10531 = SURFACE_STYLE_USAGE(.BOTH.,#10532);
#10532 = SURFACE_SIDE_STYLE('',(#10533));
#10533 = SURFACE_STYLE_FILL_AREA(#10534);
#10534 = FILL_AREA_STYLE('',(#10535));
#10535 = FILL_AREA_STYLE_COLOUR('',#10122);
#10536 = STYLED_ITEM('color',(#10537),#7017);
#10537 = PRESENTATION_STYLE_ASSIGNMENT((#10538));
#10538 = SURFACE_STYLE_USAGE(.BOTH.,#10539);
#10539 = SURFACE_SIDE_STYLE('',(#10540));
#10540 = SURFACE_STYLE_FILL_AREA(#10541);
#10541 = FILL_AREA_STYLE('',(#10542));
#10542 = FILL_AREA_STYLE_COLOUR('',#10122);
#10543 = MECHANICAL_DESIGN_GEOMETRIC_PRESENTATION_REPRESENTATION('',(
    #10544,#10552,#10559,#10566,#10573,#10580,#10587,#10594,#10601,
    #10608,#10615,#10622,#10629,#10636,#10643,#10650,#10657,#10665,
    #10672,#10679,#10686,#10693,#10700,#10707,#10714,#10721,#10728,
    #10735,#10742,#10749,#10756,#10763,#10770,#10777,#10784,#10791,
    #10798,#10805,#10812,#10819,#10826,#10833,#10840,#10847,#10854,
    #10861,#10868,#10875,#10882,#10889,#10896,#10903,#10910,#10917,
    #10924,#10931,#10938,#10945),#4926);
#10544 = STYLED_ITEM('color',(#10545),#3294);
#10545 = PRESENTATION_STYLE_ASSIGNMENT((#10546));
#10546 = SURFACE_STYLE_USAGE(.BOTH.,#10547);
#10547 = SURFACE_SIDE_STYLE('',(#10548));
#10548 = SURFACE_STYLE_FILL_AREA(#10549);
#10549 = FILL_AREA_STYLE('',(#10550));
#10550 = FILL_AREA_STYLE_COLOUR('',#10551);
#10551 = COLOUR_RGB('',0.147999998088,0.144999993226,0.144999993226);
#10552 = STYLED_ITEM('color',(#10553),#3334);
#10553 = PRESENTATION_STYLE_ASSIGNMENT((#10554));
#10554 = SURFACE_STYLE_USAGE(.BOTH.,#10555);
#10555 = SURFACE_SIDE_STYLE('',(#10556));
#10556 = SURFACE_STYLE_FILL_AREA(#10557);
#10557 = FILL_AREA_STYLE('',(#10558));
#10558 = FILL_AREA_STYLE_COLOUR('',#10551);
#10559 = STYLED_ITEM('color',(#10560),#3365);
#10560 = PRESENTATION_STYLE_ASSIGNMENT((#10561));
#10561 = SURFACE_STYLE_USAGE(.BOTH.,#10562);
#10562 = SURFACE_SIDE_STYLE('',(#10563));
#10563 = SURFACE_STYLE_FILL_AREA(#10564);
#10564 = FILL_AREA_STYLE('',(#10565));
#10565 = FILL_AREA_STYLE_COLOUR('',#10551);
#10566 = STYLED_ITEM('color',(#10567),#3396);
#10567 = PRESENTATION_STYLE_ASSIGNMENT((#10568));
#10568 = SURFACE_STYLE_USAGE(.BOTH.,#10569);
#10569 = SURFACE_SIDE_STYLE('',(#10570));
#10570 = SURFACE_STYLE_FILL_AREA(#10571);
#10571 = FILL_AREA_STYLE('',(#10572));
#10572 = FILL_AREA_STYLE_COLOUR('',#10551);
#10573 = STYLED_ITEM('color',(#10574),#3561);
#10574 = PRESENTATION_STYLE_ASSIGNMENT((#10575));
#10575 = SURFACE_STYLE_USAGE(.BOTH.,#10576);
#10576 = SURFACE_SIDE_STYLE('',(#10577));
#10577 = SURFACE_STYLE_FILL_AREA(#10578);
#10578 = FILL_AREA_STYLE('',(#10579));
#10579 = FILL_AREA_STYLE_COLOUR('',#10551);
#10580 = STYLED_ITEM('color',(#10581),#3726);
#10581 = PRESENTATION_STYLE_ASSIGNMENT((#10582));
#10582 = SURFACE_STYLE_USAGE(.BOTH.,#10583);
#10583 = SURFACE_SIDE_STYLE('',(#10584));
#10584 = SURFACE_STYLE_FILL_AREA(#10585);
#10585 = FILL_AREA_STYLE('',(#10586));
#10586 = FILL_AREA_STYLE_COLOUR('',#10551);
#10587 = STYLED_ITEM('color',(#10588),#3743);
#10588 = PRESENTATION_STYLE_ASSIGNMENT((#10589));
#10589 = SURFACE_STYLE_USAGE(.BOTH.,#10590);
#10590 = SURFACE_SIDE_STYLE('',(#10591));
#10591 = SURFACE_STYLE_FILL_AREA(#10592);
#10592 = FILL_AREA_STYLE('',(#10593));
#10593 = FILL_AREA_STYLE_COLOUR('',#10551);
#10594 = STYLED_ITEM('color',(#10595),#3760);
#10595 = PRESENTATION_STYLE_ASSIGNMENT((#10596));
#10596 = SURFACE_STYLE_USAGE(.BOTH.,#10597);
#10597 = SURFACE_SIDE_STYLE('',(#10598));
#10598 = SURFACE_STYLE_FILL_AREA(#10599);
#10599 = FILL_AREA_STYLE('',(#10600));
#10600 = FILL_AREA_STYLE_COLOUR('',#10551);
#10601 = STYLED_ITEM('color',(#10602),#3777);
#10602 = PRESENTATION_STYLE_ASSIGNMENT((#10603));
#10603 = SURFACE_STYLE_USAGE(.BOTH.,#10604);
#10604 = SURFACE_SIDE_STYLE('',(#10605));
#10605 = SURFACE_STYLE_FILL_AREA(#10606);
#10606 = FILL_AREA_STYLE('',(#10607));
#10607 = FILL_AREA_STYLE_COLOUR('',#10551);
#10608 = STYLED_ITEM('color',(#10609),#3794);
#10609 = PRESENTATION_STYLE_ASSIGNMENT((#10610));
#10610 = SURFACE_STYLE_USAGE(.BOTH.,#10611);
#10611 = SURFACE_SIDE_STYLE('',(#10612));
#10612 = SURFACE_STYLE_FILL_AREA(#10613);
#10613 = FILL_AREA_STYLE('',(#10614));
#10614 = FILL_AREA_STYLE_COLOUR('',#10551);
#10615 = STYLED_ITEM('color',(#10616),#3811);
#10616 = PRESENTATION_STYLE_ASSIGNMENT((#10617));
#10617 = SURFACE_STYLE_USAGE(.BOTH.,#10618);
#10618 = SURFACE_SIDE_STYLE('',(#10619));
#10619 = SURFACE_STYLE_FILL_AREA(#10620);
#10620 = FILL_AREA_STYLE('',(#10621));
#10621 = FILL_AREA_STYLE_COLOUR('',#10551);
#10622 = STYLED_ITEM('color',(#10623),#3828);
#10623 = PRESENTATION_STYLE_ASSIGNMENT((#10624));
#10624 = SURFACE_STYLE_USAGE(.BOTH.,#10625);
#10625 = SURFACE_SIDE_STYLE('',(#10626));
#10626 = SURFACE_STYLE_FILL_AREA(#10627);
#10627 = FILL_AREA_STYLE('',(#10628));
#10628 = FILL_AREA_STYLE_COLOUR('',#10551);
#10629 = STYLED_ITEM('color',(#10630),#3845);
#10630 = PRESENTATION_STYLE_ASSIGNMENT((#10631));
#10631 = SURFACE_STYLE_USAGE(.BOTH.,#10632);
#10632 = SURFACE_SIDE_STYLE('',(#10633));
#10633 = SURFACE_STYLE_FILL_AREA(#10634);
#10634 = FILL_AREA_STYLE('',(#10635));
#10635 = FILL_AREA_STYLE_COLOUR('',#10551);
#10636 = STYLED_ITEM('color',(#10637),#3862);
#10637 = PRESENTATION_STYLE_ASSIGNMENT((#10638));
#10638 = SURFACE_STYLE_USAGE(.BOTH.,#10639);
#10639 = SURFACE_SIDE_STYLE('',(#10640));
#10640 = SURFACE_STYLE_FILL_AREA(#10641);
#10641 = FILL_AREA_STYLE('',(#10642));
#10642 = FILL_AREA_STYLE_COLOUR('',#10551);
#10643 = STYLED_ITEM('color',(#10644),#3879);
#10644 = PRESENTATION_STYLE_ASSIGNMENT((#10645));
#10645 = SURFACE_STYLE_USAGE(.BOTH.,#10646);
#10646 = SURFACE_SIDE_STYLE('',(#10647));
#10647 = SURFACE_STYLE_FILL_AREA(#10648);
#10648 = FILL_AREA_STYLE('',(#10649));
#10649 = FILL_AREA_STYLE_COLOUR('',#10551);
#10650 = STYLED_ITEM('color',(#10651),#3896);
#10651 = PRESENTATION_STYLE_ASSIGNMENT((#10652));
#10652 = SURFACE_STYLE_USAGE(.BOTH.,#10653);
#10653 = SURFACE_SIDE_STYLE('',(#10654));
#10654 = SURFACE_STYLE_FILL_AREA(#10655);
#10655 = FILL_AREA_STYLE('',(#10656));
#10656 = FILL_AREA_STYLE_COLOUR('',#10551);
#10657 = STYLED_ITEM('color',(#10658),#3908);
#10658 = PRESENTATION_STYLE_ASSIGNMENT((#10659));
#10659 = SURFACE_STYLE_USAGE(.BOTH.,#10660);
#10660 = SURFACE_SIDE_STYLE('',(#10661));
#10661 = SURFACE_STYLE_FILL_AREA(#10662);
#10662 = FILL_AREA_STYLE('',(#10663));
#10663 = FILL_AREA_STYLE_COLOUR('',#10664);
#10664 = COLOUR_RGB('',0.859000020776,0.737999965183,0.495999988746);
#10665 = STYLED_ITEM('color',(#10666),#3939);
#10666 = PRESENTATION_STYLE_ASSIGNMENT((#10667));
#10667 = SURFACE_STYLE_USAGE(.BOTH.,#10668);
#10668 = SURFACE_SIDE_STYLE('',(#10669));
#10669 = SURFACE_STYLE_FILL_AREA(#10670);
#10670 = FILL_AREA_STYLE('',(#10671));
#10671 = FILL_AREA_STYLE_COLOUR('',#10664);
#10672 = STYLED_ITEM('color',(#10673),#3988);
#10673 = PRESENTATION_STYLE_ASSIGNMENT((#10674));
#10674 = SURFACE_STYLE_USAGE(.BOTH.,#10675);
#10675 = SURFACE_SIDE_STYLE('',(#10676));
#10676 = SURFACE_STYLE_FILL_AREA(#10677);
#10677 = FILL_AREA_STYLE('',(#10678));
#10678 = FILL_AREA_STYLE_COLOUR('',#10664);
#10679 = STYLED_ITEM('color',(#10680),#4012);
#10680 = PRESENTATION_STYLE_ASSIGNMENT((#10681));
#10681 = SURFACE_STYLE_USAGE(.BOTH.,#10682);
#10682 = SURFACE_SIDE_STYLE('',(#10683));
#10683 = SURFACE_STYLE_FILL_AREA(#10684);
#10684 = FILL_AREA_STYLE('',(#10685));
#10685 = FILL_AREA_STYLE_COLOUR('',#10664);
#10686 = STYLED_ITEM('color',(#10687),#4054);
#10687 = PRESENTATION_STYLE_ASSIGNMENT((#10688));
#10688 = SURFACE_STYLE_USAGE(.BOTH.,#10689);
#10689 = SURFACE_SIDE_STYLE('',(#10690));
#10690 = SURFACE_STYLE_FILL_AREA(#10691);
#10691 = FILL_AREA_STYLE('',(#10692));
#10692 = FILL_AREA_STYLE_COLOUR('',#10664);
#10693 = STYLED_ITEM('color',(#10694),#4085);
#10694 = PRESENTATION_STYLE_ASSIGNMENT((#10695));
#10695 = SURFACE_STYLE_USAGE(.BOTH.,#10696);
#10696 = SURFACE_SIDE_STYLE('',(#10697));
#10697 = SURFACE_STYLE_FILL_AREA(#10698);
#10698 = FILL_AREA_STYLE('',(#10699));
#10699 = FILL_AREA_STYLE_COLOUR('',#10664);
#10700 = STYLED_ITEM('color',(#10701),#4134);
#10701 = PRESENTATION_STYLE_ASSIGNMENT((#10702));
#10702 = SURFACE_STYLE_USAGE(.BOTH.,#10703);
#10703 = SURFACE_SIDE_STYLE('',(#10704));
#10704 = SURFACE_STYLE_FILL_AREA(#10705);
#10705 = FILL_AREA_STYLE('',(#10706));
#10706 = FILL_AREA_STYLE_COLOUR('',#10664);
#10707 = STYLED_ITEM('color',(#10708),#4158);
#10708 = PRESENTATION_STYLE_ASSIGNMENT((#10709));
#10709 = SURFACE_STYLE_USAGE(.BOTH.,#10710);
#10710 = SURFACE_SIDE_STYLE('',(#10711));
#10711 = SURFACE_STYLE_FILL_AREA(#10712);
#10712 = FILL_AREA_STYLE('',(#10713));
#10713 = FILL_AREA_STYLE_COLOUR('',#10664);
#10714 = STYLED_ITEM('color',(#10715),#4200);
#10715 = PRESENTATION_STYLE_ASSIGNMENT((#10716));
#10716 = SURFACE_STYLE_USAGE(.BOTH.,#10717);
#10717 = SURFACE_SIDE_STYLE('',(#10718));
#10718 = SURFACE_STYLE_FILL_AREA(#10719);
#10719 = FILL_AREA_STYLE('',(#10720));
#10720 = FILL_AREA_STYLE_COLOUR('',#10664);
#10721 = STYLED_ITEM('color',(#10722),#4231);
#10722 = PRESENTATION_STYLE_ASSIGNMENT((#10723));
#10723 = SURFACE_STYLE_USAGE(.BOTH.,#10724);
#10724 = SURFACE_SIDE_STYLE('',(#10725));
#10725 = SURFACE_STYLE_FILL_AREA(#10726);
#10726 = FILL_AREA_STYLE('',(#10727));
#10727 = FILL_AREA_STYLE_COLOUR('',#10664);
#10728 = STYLED_ITEM('color',(#10729),#4255);
#10729 = PRESENTATION_STYLE_ASSIGNMENT((#10730));
#10730 = SURFACE_STYLE_USAGE(.BOTH.,#10731);
#10731 = SURFACE_SIDE_STYLE('',(#10732));
#10732 = SURFACE_STYLE_FILL_AREA(#10733);
#10733 = FILL_AREA_STYLE('',(#10734));
#10734 = FILL_AREA_STYLE_COLOUR('',#10664);
#10735 = STYLED_ITEM('color',(#10736),#4279);
#10736 = PRESENTATION_STYLE_ASSIGNMENT((#10737));
#10737 = SURFACE_STYLE_USAGE(.BOTH.,#10738);
#10738 = SURFACE_SIDE_STYLE('',(#10739));
#10739 = SURFACE_STYLE_FILL_AREA(#10740);
#10740 = FILL_AREA_STYLE('',(#10741));
#10741 = FILL_AREA_STYLE_COLOUR('',#10664);
#10742 = STYLED_ITEM('color',(#10743),#4296);
#10743 = PRESENTATION_STYLE_ASSIGNMENT((#10744));
#10744 = SURFACE_STYLE_USAGE(.BOTH.,#10745);
#10745 = SURFACE_SIDE_STYLE('',(#10746));
#10746 = SURFACE_STYLE_FILL_AREA(#10747);
#10747 = FILL_AREA_STYLE('',(#10748));
#10748 = FILL_AREA_STYLE_COLOUR('',#10664);
#10749 = STYLED_ITEM('color',(#10750),#4327);
#10750 = PRESENTATION_STYLE_ASSIGNMENT((#10751));
#10751 = SURFACE_STYLE_USAGE(.BOTH.,#10752);
#10752 = SURFACE_SIDE_STYLE('',(#10753));
#10753 = SURFACE_STYLE_FILL_AREA(#10754);
#10754 = FILL_AREA_STYLE('',(#10755));
#10755 = FILL_AREA_STYLE_COLOUR('',#10664);
#10756 = STYLED_ITEM('color',(#10757),#4351);
#10757 = PRESENTATION_STYLE_ASSIGNMENT((#10758));
#10758 = SURFACE_STYLE_USAGE(.BOTH.,#10759);
#10759 = SURFACE_SIDE_STYLE('',(#10760));
#10760 = SURFACE_STYLE_FILL_AREA(#10761);
#10761 = FILL_AREA_STYLE('',(#10762));
#10762 = FILL_AREA_STYLE_COLOUR('',#10664);
#10763 = STYLED_ITEM('color',(#10764),#4375);
#10764 = PRESENTATION_STYLE_ASSIGNMENT((#10765));
#10765 = SURFACE_STYLE_USAGE(.BOTH.,#10766);
#10766 = SURFACE_SIDE_STYLE('',(#10767));
#10767 = SURFACE_STYLE_FILL_AREA(#10768);
#10768 = FILL_AREA_STYLE('',(#10769));
#10769 = FILL_AREA_STYLE_COLOUR('',#10664);
#10770 = STYLED_ITEM('color',(#10771),#4392);
#10771 = PRESENTATION_STYLE_ASSIGNMENT((#10772));
#10772 = SURFACE_STYLE_USAGE(.BOTH.,#10773);
#10773 = SURFACE_SIDE_STYLE('',(#10774));
#10774 = SURFACE_STYLE_FILL_AREA(#10775);
#10775 = FILL_AREA_STYLE('',(#10776));
#10776 = FILL_AREA_STYLE_COLOUR('',#10664);
#10777 = STYLED_ITEM('color',(#10778),#4409);
#10778 = PRESENTATION_STYLE_ASSIGNMENT((#10779));
#10779 = SURFACE_STYLE_USAGE(.BOTH.,#10780);
#10780 = SURFACE_SIDE_STYLE('',(#10781));
#10781 = SURFACE_STYLE_FILL_AREA(#10782);
#10782 = FILL_AREA_STYLE('',(#10783));
#10783 = FILL_AREA_STYLE_COLOUR('',#10664);
#10784 = STYLED_ITEM('color',(#10785),#4426);
#10785 = PRESENTATION_STYLE_ASSIGNMENT((#10786));
#10786 = SURFACE_STYLE_USAGE(.BOTH.,#10787);
#10787 = SURFACE_SIDE_STYLE('',(#10788));
#10788 = SURFACE_STYLE_FILL_AREA(#10789);
#10789 = FILL_AREA_STYLE('',(#10790));
#10790 = FILL_AREA_STYLE_COLOUR('',#10664);
#10791 = STYLED_ITEM('color',(#10792),#4443);
#10792 = PRESENTATION_STYLE_ASSIGNMENT((#10793));
#10793 = SURFACE_STYLE_USAGE(.BOTH.,#10794);
#10794 = SURFACE_SIDE_STYLE('',(#10795));
#10795 = SURFACE_STYLE_FILL_AREA(#10796);
#10796 = FILL_AREA_STYLE('',(#10797));
#10797 = FILL_AREA_STYLE_COLOUR('',#10664);
#10798 = STYLED_ITEM('color',(#10799),#4474);
#10799 = PRESENTATION_STYLE_ASSIGNMENT((#10800));
#10800 = SURFACE_STYLE_USAGE(.BOTH.,#10801);
#10801 = SURFACE_SIDE_STYLE('',(#10802));
#10802 = SURFACE_STYLE_FILL_AREA(#10803);
#10803 = FILL_AREA_STYLE('',(#10804));
#10804 = FILL_AREA_STYLE_COLOUR('',#10664);
#10805 = STYLED_ITEM('color',(#10806),#4505);
#10806 = PRESENTATION_STYLE_ASSIGNMENT((#10807));
#10807 = SURFACE_STYLE_USAGE(.BOTH.,#10808);
#10808 = SURFACE_SIDE_STYLE('',(#10809));
#10809 = SURFACE_STYLE_FILL_AREA(#10810);
#10810 = FILL_AREA_STYLE('',(#10811));
#10811 = FILL_AREA_STYLE_COLOUR('',#10664);
#10812 = STYLED_ITEM('color',(#10813),#4522);
#10813 = PRESENTATION_STYLE_ASSIGNMENT((#10814));
#10814 = SURFACE_STYLE_USAGE(.BOTH.,#10815);
#10815 = SURFACE_SIDE_STYLE('',(#10816));
#10816 = SURFACE_STYLE_FILL_AREA(#10817);
#10817 = FILL_AREA_STYLE('',(#10818));
#10818 = FILL_AREA_STYLE_COLOUR('',#10664);
#10819 = STYLED_ITEM('color',(#10820),#4539);
#10820 = PRESENTATION_STYLE_ASSIGNMENT((#10821));
#10821 = SURFACE_STYLE_USAGE(.BOTH.,#10822);
#10822 = SURFACE_SIDE_STYLE('',(#10823));
#10823 = SURFACE_STYLE_FILL_AREA(#10824);
#10824 = FILL_AREA_STYLE('',(#10825));
#10825 = FILL_AREA_STYLE_COLOUR('',#10664);
#10826 = STYLED_ITEM('color',(#10827),#4556);
#10827 = PRESENTATION_STYLE_ASSIGNMENT((#10828));
#10828 = SURFACE_STYLE_USAGE(.BOTH.,#10829);
#10829 = SURFACE_SIDE_STYLE('',(#10830));
#10830 = SURFACE_STYLE_FILL_AREA(#10831);
#10831 = FILL_AREA_STYLE('',(#10832));
#10832 = FILL_AREA_STYLE_COLOUR('',#10664);
#10833 = STYLED_ITEM('color',(#10834),#4587);
#10834 = PRESENTATION_STYLE_ASSIGNMENT((#10835));
#10835 = SURFACE_STYLE_USAGE(.BOTH.,#10836);
#10836 = SURFACE_SIDE_STYLE('',(#10837));
#10837 = SURFACE_STYLE_FILL_AREA(#10838);
#10838 = FILL_AREA_STYLE('',(#10839));
#10839 = FILL_AREA_STYLE_COLOUR('',#10664);
#10840 = STYLED_ITEM('color',(#10841),#4618);
#10841 = PRESENTATION_STYLE_ASSIGNMENT((#10842));
#10842 = SURFACE_STYLE_USAGE(.BOTH.,#10843);
#10843 = SURFACE_SIDE_STYLE('',(#10844));
#10844 = SURFACE_STYLE_FILL_AREA(#10845);
#10845 = FILL_AREA_STYLE('',(#10846));
#10846 = FILL_AREA_STYLE_COLOUR('',#10664);
#10847 = STYLED_ITEM('color',(#10848),#4649);
#10848 = PRESENTATION_STYLE_ASSIGNMENT((#10849));
#10849 = SURFACE_STYLE_USAGE(.BOTH.,#10850);
#10850 = SURFACE_SIDE_STYLE('',(#10851));
#10851 = SURFACE_STYLE_FILL_AREA(#10852);
#10852 = FILL_AREA_STYLE('',(#10853));
#10853 = FILL_AREA_STYLE_COLOUR('',#10664);
#10854 = STYLED_ITEM('color',(#10855),#4673);
#10855 = PRESENTATION_STYLE_ASSIGNMENT((#10856));
#10856 = SURFACE_STYLE_USAGE(.BOTH.,#10857);
#10857 = SURFACE_SIDE_STYLE('',(#10858));
#10858 = SURFACE_STYLE_FILL_AREA(#10859);
#10859 = FILL_AREA_STYLE('',(#10860));
#10860 = FILL_AREA_STYLE_COLOUR('',#10664);
#10861 = STYLED_ITEM('color',(#10862),#4697);
#10862 = PRESENTATION_STYLE_ASSIGNMENT((#10863));
#10863 = SURFACE_STYLE_USAGE(.BOTH.,#10864);
#10864 = SURFACE_SIDE_STYLE('',(#10865));
#10865 = SURFACE_STYLE_FILL_AREA(#10866);
#10866 = FILL_AREA_STYLE('',(#10867));
#10867 = FILL_AREA_STYLE_COLOUR('',#10664);
#10868 = STYLED_ITEM('color',(#10869),#4714);
#10869 = PRESENTATION_STYLE_ASSIGNMENT((#10870));
#10870 = SURFACE_STYLE_USAGE(.BOTH.,#10871);
#10871 = SURFACE_SIDE_STYLE('',(#10872));
#10872 = SURFACE_STYLE_FILL_AREA(#10873);
#10873 = FILL_AREA_STYLE('',(#10874));
#10874 = FILL_AREA_STYLE_COLOUR('',#10664);
#10875 = STYLED_ITEM('color',(#10876),#4745);
#10876 = PRESENTATION_STYLE_ASSIGNMENT((#10877));
#10877 = SURFACE_STYLE_USAGE(.BOTH.,#10878);
#10878 = SURFACE_SIDE_STYLE('',(#10879));
#10879 = SURFACE_STYLE_FILL_AREA(#10880);
#10880 = FILL_AREA_STYLE('',(#10881));
#10881 = FILL_AREA_STYLE_COLOUR('',#10664);
#10882 = STYLED_ITEM('color',(#10883),#4769);
#10883 = PRESENTATION_STYLE_ASSIGNMENT((#10884));
#10884 = SURFACE_STYLE_USAGE(.BOTH.,#10885);
#10885 = SURFACE_SIDE_STYLE('',(#10886));
#10886 = SURFACE_STYLE_FILL_AREA(#10887);
#10887 = FILL_AREA_STYLE('',(#10888));
#10888 = FILL_AREA_STYLE_COLOUR('',#10664);
#10889 = STYLED_ITEM('color',(#10890),#4793);
#10890 = PRESENTATION_STYLE_ASSIGNMENT((#10891));
#10891 = SURFACE_STYLE_USAGE(.BOTH.,#10892);
#10892 = SURFACE_SIDE_STYLE('',(#10893));
#10893 = SURFACE_STYLE_FILL_AREA(#10894);
#10894 = FILL_AREA_STYLE('',(#10895));
#10895 = FILL_AREA_STYLE_COLOUR('',#10664);
#10896 = STYLED_ITEM('color',(#10897),#4810);
#10897 = PRESENTATION_STYLE_ASSIGNMENT((#10898));
#10898 = SURFACE_STYLE_USAGE(.BOTH.,#10899);
#10899 = SURFACE_SIDE_STYLE('',(#10900));
#10900 = SURFACE_STYLE_FILL_AREA(#10901);
#10901 = FILL_AREA_STYLE('',(#10902));
#10902 = FILL_AREA_STYLE_COLOUR('',#10664);
#10903 = STYLED_ITEM('color',(#10904),#4827);
#10904 = PRESENTATION_STYLE_ASSIGNMENT((#10905));
#10905 = SURFACE_STYLE_USAGE(.BOTH.,#10906);
#10906 = SURFACE_SIDE_STYLE('',(#10907));
#10907 = SURFACE_STYLE_FILL_AREA(#10908);
#10908 = FILL_AREA_STYLE('',(#10909));
#10909 = FILL_AREA_STYLE_COLOUR('',#10664);
#10910 = STYLED_ITEM('color',(#10911),#4844);
#10911 = PRESENTATION_STYLE_ASSIGNMENT((#10912));
#10912 = SURFACE_STYLE_USAGE(.BOTH.,#10913);
#10913 = SURFACE_SIDE_STYLE('',(#10914));
#10914 = SURFACE_STYLE_FILL_AREA(#10915);
#10915 = FILL_AREA_STYLE('',(#10916));
#10916 = FILL_AREA_STYLE_COLOUR('',#10664);
#10917 = STYLED_ITEM('color',(#10918),#4856);
#10918 = PRESENTATION_STYLE_ASSIGNMENT((#10919));
#10919 = SURFACE_STYLE_USAGE(.BOTH.,#10920);
#10920 = SURFACE_SIDE_STYLE('',(#10921));
#10921 = SURFACE_STYLE_FILL_AREA(#10922);
#10922 = FILL_AREA_STYLE('',(#10923));
#10923 = FILL_AREA_STYLE_COLOUR('',#10664);
#10924 = STYLED_ITEM('color',(#10925),#4873);
#10925 = PRESENTATION_STYLE_ASSIGNMENT((#10926));
#10926 = SURFACE_STYLE_USAGE(.BOTH.,#10927);
#10927 = SURFACE_SIDE_STYLE('',(#10928));
#10928 = SURFACE_STYLE_FILL_AREA(#10929);
#10929 = FILL_AREA_STYLE('',(#10930));
#10930 = FILL_AREA_STYLE_COLOUR('',#10664);
#10931 = STYLED_ITEM('color',(#10932),#4890);
#10932 = PRESENTATION_STYLE_ASSIGNMENT((#10933));
#10933 = SURFACE_STYLE_USAGE(.BOTH.,#10934);
#10934 = SURFACE_SIDE_STYLE('',(#10935));
#10935 = SURFACE_STYLE_FILL_AREA(#10936);
#10936 = FILL_AREA_STYLE('',(#10937));
#10937 = FILL_AREA_STYLE_COLOUR('',#10664);
#10938 = STYLED_ITEM('color',(#10939),#4902);
#10939 = PRESENTATION_STYLE_ASSIGNMENT((#10940));
#10940 = SURFACE_STYLE_USAGE(.BOTH.,#10941);
#10941 = SURFACE_SIDE_STYLE('',(#10942));
#10942 = SURFACE_STYLE_FILL_AREA(#10943);
#10943 = FILL_AREA_STYLE('',(#10944));
#10944 = FILL_AREA_STYLE_COLOUR('',#10664);
#10945 = STYLED_ITEM('color',(#10946),#4914);
#10946 = PRESENTATION_STYLE_ASSIGNMENT((#10947));
#10947 = SURFACE_STYLE_USAGE(.BOTH.,#10948);
#10948 = SURFACE_SIDE_STYLE('',(#10949));
#10949 = SURFACE_STYLE_FILL_AREA(#10950);
#10950 = FILL_AREA_STYLE('',(#10951));
#10951 = FILL_AREA_STYLE_COLOUR('',#10664);
#10952 = MECHANICAL_DESIGN_GEOMETRIC_PRESENTATION_REPRESENTATION('',(
    #10953),#9997);
#10953 = STYLED_ITEM('color',(#10954),#7897);
#10954 = PRESENTATION_STYLE_ASSIGNMENT((#10955));
#10955 = SURFACE_STYLE_USAGE(.BOTH.,#10956);
#10956 = SURFACE_SIDE_STYLE('',(#10957));
#10957 = SURFACE_STYLE_FILL_AREA(#10958);
#10958 = FILL_AREA_STYLE('',(#10959));
#10959 = FILL_AREA_STYLE_COLOUR('',#10960);
#10960 = COLOUR_RGB('',0.313304153717,0.484529207832,0.410020903123);
#10961 = MECHANICAL_DESIGN_GEOMETRIC_PRESENTATION_REPRESENTATION('',(
    #10962,#10970,#10977,#10984,#10991,#10998,#11005,#11012,#11020,
    #11027,#11034,#11041,#11048,#11055,#11063,#11070,#11077,#11084,
    #11091,#11098,#11105,#11112,#11119,#11126,#11133,#11140),#7838);
#10962 = STYLED_ITEM('color',(#10963),#7050);
#10963 = PRESENTATION_STYLE_ASSIGNMENT((#10964));
#10964 = SURFACE_STYLE_USAGE(.BOTH.,#10965);
#10965 = SURFACE_SIDE_STYLE('',(#10966));
#10966 = SURFACE_STYLE_FILL_AREA(#10967);
#10967 = FILL_AREA_STYLE('',(#10968));
#10968 = FILL_AREA_STYLE_COLOUR('',#10969);
#10969 = COLOUR_RGB('',0.823999987314,0.819999987296,0.781000009244);
#10970 = STYLED_ITEM('color',(#10971),#7090);
#10971 = PRESENTATION_STYLE_ASSIGNMENT((#10972));
#10972 = SURFACE_STYLE_USAGE(.BOTH.,#10973);
#10973 = SURFACE_SIDE_STYLE('',(#10974));
#10974 = SURFACE_STYLE_FILL_AREA(#10975);
#10975 = FILL_AREA_STYLE('',(#10976));
#10976 = FILL_AREA_STYLE_COLOUR('',#10969);
#10977 = STYLED_ITEM('color',(#10978),#7173);
#10978 = PRESENTATION_STYLE_ASSIGNMENT((#10979));
#10979 = SURFACE_STYLE_USAGE(.BOTH.,#10980);
#10980 = SURFACE_SIDE_STYLE('',(#10981));
#10981 = SURFACE_STYLE_FILL_AREA(#10982);
#10982 = FILL_AREA_STYLE('',(#10983));
#10983 = FILL_AREA_STYLE_COLOUR('',#10969);
#10984 = STYLED_ITEM('color',(#10985),#7198);
#10985 = PRESENTATION_STYLE_ASSIGNMENT((#10986));
#10986 = SURFACE_STYLE_USAGE(.BOTH.,#10987);
#10987 = SURFACE_SIDE_STYLE('',(#10988));
#10988 = SURFACE_STYLE_FILL_AREA(#10989);
#10989 = FILL_AREA_STYLE('',(#10990));
#10990 = FILL_AREA_STYLE_COLOUR('',#10969);
#10991 = STYLED_ITEM('color',(#10992),#7223);
#10992 = PRESENTATION_STYLE_ASSIGNMENT((#10993));
#10993 = SURFACE_STYLE_USAGE(.BOTH.,#10994);
#10994 = SURFACE_SIDE_STYLE('',(#10995));
#10995 = SURFACE_STYLE_FILL_AREA(#10996);
#10996 = FILL_AREA_STYLE('',(#10997));
#10997 = FILL_AREA_STYLE_COLOUR('',#10969);
#10998 = STYLED_ITEM('color',(#10999),#7290);
#10999 = PRESENTATION_STYLE_ASSIGNMENT((#11000));
#11000 = SURFACE_STYLE_USAGE(.BOTH.,#11001);
#11001 = SURFACE_SIDE_STYLE('',(#11002));
#11002 = SURFACE_STYLE_FILL_AREA(#11003);
#11003 = FILL_AREA_STYLE('',(#11004));
#11004 = FILL_AREA_STYLE_COLOUR('',#10969);
#11005 = STYLED_ITEM('color',(#11006),#7307);
#11006 = PRESENTATION_STYLE_ASSIGNMENT((#11007));
#11007 = SURFACE_STYLE_USAGE(.BOTH.,#11008);
#11008 = SURFACE_SIDE_STYLE('',(#11009));
#11009 = SURFACE_STYLE_FILL_AREA(#11010);
#11010 = FILL_AREA_STYLE('',(#11011));
#11011 = FILL_AREA_STYLE_COLOUR('',#10969);
#11012 = STYLED_ITEM('color',(#11013),#7324);
#11013 = PRESENTATION_STYLE_ASSIGNMENT((#11014));
#11014 = SURFACE_STYLE_USAGE(.BOTH.,#11015);
#11015 = SURFACE_SIDE_STYLE('',(#11016));
#11016 = SURFACE_STYLE_FILL_AREA(#11017);
#11017 = FILL_AREA_STYLE('',(#11018));
#11018 = FILL_AREA_STYLE_COLOUR('',#11019);
#11019 = COLOUR_RGB('',0.894999966383,0.890999961016,0.813000030345);
#11020 = STYLED_ITEM('color',(#11021),#7373);
#11021 = PRESENTATION_STYLE_ASSIGNMENT((#11022));
#11022 = SURFACE_STYLE_USAGE(.BOTH.,#11023);
#11023 = SURFACE_SIDE_STYLE('',(#11024));
#11024 = SURFACE_STYLE_FILL_AREA(#11025);
#11025 = FILL_AREA_STYLE('',(#11026));
#11026 = FILL_AREA_STYLE_COLOUR('',#10969);
#11027 = STYLED_ITEM('color',(#11028),#7390);
#11028 = PRESENTATION_STYLE_ASSIGNMENT((#11029));
#11029 = SURFACE_STYLE_USAGE(.BOTH.,#11030);
#11030 = SURFACE_SIDE_STYLE('',(#11031));
#11031 = SURFACE_STYLE_FILL_AREA(#11032);
#11032 = FILL_AREA_STYLE('',(#11033));
#11033 = FILL_AREA_STYLE_COLOUR('',#10969);
#11034 = STYLED_ITEM('color',(#11035),#7407);
#11035 = PRESENTATION_STYLE_ASSIGNMENT((#11036));
#11036 = SURFACE_STYLE_USAGE(.BOTH.,#11037);
#11037 = SURFACE_SIDE_STYLE('',(#11038));
#11038 = SURFACE_STYLE_FILL_AREA(#11039);
#11039 = FILL_AREA_STYLE('',(#11040));
#11040 = FILL_AREA_STYLE_COLOUR('',#11019);
#11041 = STYLED_ITEM('color',(#11042),#7456);
#11042 = PRESENTATION_STYLE_ASSIGNMENT((#11043));
#11043 = SURFACE_STYLE_USAGE(.BOTH.,#11044);
#11044 = SURFACE_SIDE_STYLE('',(#11045));
#11045 = SURFACE_STYLE_FILL_AREA(#11046);
#11046 = FILL_AREA_STYLE('',(#11047));
#11047 = FILL_AREA_STYLE_COLOUR('',#11019);
#11048 = STYLED_ITEM('color',(#11049),#7473);
#11049 = PRESENTATION_STYLE_ASSIGNMENT((#11050));
#11050 = SURFACE_STYLE_USAGE(.BOTH.,#11051);
#11051 = SURFACE_SIDE_STYLE('',(#11052));
#11052 = SURFACE_STYLE_FILL_AREA(#11053);
#11053 = FILL_AREA_STYLE('',(#11054));
#11054 = FILL_AREA_STYLE_COLOUR('',#10969);
#11055 = STYLED_ITEM('color',(#11056),#7542);
#11056 = PRESENTATION_STYLE_ASSIGNMENT((#11057));
#11057 = SURFACE_STYLE_USAGE(.BOTH.,#11058);
#11058 = SURFACE_SIDE_STYLE('',(#11059));
#11059 = SURFACE_STYLE_FILL_AREA(#11060);
#11060 = FILL_AREA_STYLE('',(#11061));
#11061 = FILL_AREA_STYLE_COLOUR('',#11062);
#11062 = COLOUR_RGB('',8.200000279077E-02,8.600000121357E-02,
  9.399999706163E-02);
#11063 = STYLED_ITEM('color',(#11064),#7573);
#11064 = PRESENTATION_STYLE_ASSIGNMENT((#11065));
#11065 = SURFACE_STYLE_USAGE(.BOTH.,#11066);
#11066 = SURFACE_SIDE_STYLE('',(#11067));
#11067 = SURFACE_STYLE_FILL_AREA(#11068);
#11068 = FILL_AREA_STYLE('',(#11069));
#11069 = FILL_AREA_STYLE_COLOUR('',#11062);
#11070 = STYLED_ITEM('color',(#11071),#7597);
#11071 = PRESENTATION_STYLE_ASSIGNMENT((#11072));
#11072 = SURFACE_STYLE_USAGE(.BOTH.,#11073);
#11073 = SURFACE_SIDE_STYLE('',(#11074));
#11074 = SURFACE_STYLE_FILL_AREA(#11075);
#11075 = FILL_AREA_STYLE('',(#11076));
#11076 = FILL_AREA_STYLE_COLOUR('',#10969);
#11077 = STYLED_ITEM('color',(#11078),#7666);
#11078 = PRESENTATION_STYLE_ASSIGNMENT((#11079));
#11079 = SURFACE_STYLE_USAGE(.BOTH.,#11080);
#11080 = SURFACE_SIDE_STYLE('',(#11081));
#11081 = SURFACE_STYLE_FILL_AREA(#11082);
#11082 = FILL_AREA_STYLE('',(#11083));
#11083 = FILL_AREA_STYLE_COLOUR('',#11062);
#11084 = STYLED_ITEM('color',(#11085),#7690);
#11085 = PRESENTATION_STYLE_ASSIGNMENT((#11086));
#11086 = SURFACE_STYLE_USAGE(.BOTH.,#11087);
#11087 = SURFACE_SIDE_STYLE('',(#11088));
#11088 = SURFACE_STYLE_FILL_AREA(#11089);
#11089 = FILL_AREA_STYLE('',(#11090));
#11090 = FILL_AREA_STYLE_COLOUR('',#10969);
#11091 = STYLED_ITEM('color',(#11092),#7707);
#11092 = PRESENTATION_STYLE_ASSIGNMENT((#11093));
#11093 = SURFACE_STYLE_USAGE(.BOTH.,#11094);
#11094 = SURFACE_SIDE_STYLE('',(#11095));
#11095 = SURFACE_STYLE_FILL_AREA(#11096);
#11096 = FILL_AREA_STYLE('',(#11097));
#11097 = FILL_AREA_STYLE_COLOUR('',#10969);
#11098 = STYLED_ITEM('color',(#11099),#7724);
#11099 = PRESENTATION_STYLE_ASSIGNMENT((#11100));
#11100 = SURFACE_STYLE_USAGE(.BOTH.,#11101);
#11101 = SURFACE_SIDE_STYLE('',(#11102));
#11102 = SURFACE_STYLE_FILL_AREA(#11103);
#11103 = FILL_AREA_STYLE('',(#11104));
#11104 = FILL_AREA_STYLE_COLOUR('',#10969);
#11105 = STYLED_ITEM('color',(#11106),#7741);
#11106 = PRESENTATION_STYLE_ASSIGNMENT((#11107));
#11107 = SURFACE_STYLE_USAGE(.BOTH.,#11108);
#11108 = SURFACE_SIDE_STYLE('',(#11109));
#11109 = SURFACE_STYLE_FILL_AREA(#11110);
#11110 = FILL_AREA_STYLE('',(#11111));
#11111 = FILL_AREA_STYLE_COLOUR('',#10969);
#11112 = STYLED_ITEM('color',(#11113),#7758);
#11113 = PRESENTATION_STYLE_ASSIGNMENT((#11114));
#11114 = SURFACE_STYLE_USAGE(.BOTH.,#11115);
#11115 = SURFACE_SIDE_STYLE('',(#11116));
#11116 = SURFACE_STYLE_FILL_AREA(#11117);
#11117 = FILL_AREA_STYLE('',(#11118));
#11118 = FILL_AREA_STYLE_COLOUR('',#10969);
#11119 = STYLED_ITEM('color',(#11120),#7775);
#11120 = PRESENTATION_STYLE_ASSIGNMENT((#11121));
#11121 = SURFACE_STYLE_USAGE(.BOTH.,#11122);
#11122 = SURFACE_SIDE_STYLE('',(#11123));
#11123 = SURFACE_STYLE_FILL_AREA(#11124);
#11124 = FILL_AREA_STYLE('',(#11125));
#11125 = FILL_AREA_STYLE_COLOUR('',#10969);
#11126 = STYLED_ITEM('color',(#11127),#7792);
#11127 = PRESENTATION_STYLE_ASSIGNMENT((#11128));
#11128 = SURFACE_STYLE_USAGE(.BOTH.,#11129);
#11129 = SURFACE_SIDE_STYLE('',(#11130));
#11130 = SURFACE_STYLE_FILL_AREA(#11131);
#11131 = FILL_AREA_STYLE('',(#11132));
#11132 = FILL_AREA_STYLE_COLOUR('',#10969);
#11133 = STYLED_ITEM('color',(#11134),#7809);
#11134 = PRESENTATION_STYLE_ASSIGNMENT((#11135));
#11135 = SURFACE_STYLE_USAGE(.BOTH.,#11136);
#11136 = SURFACE_SIDE_STYLE('',(#11137));
#11137 = SURFACE_STYLE_FILL_AREA(#11138);
#11138 = FILL_AREA_STYLE('',(#11139));
#11139 = FILL_AREA_STYLE_COLOUR('',#11062);
#11140 = STYLED_ITEM('color',(#11141),#7826);
#11141 = PRESENTATION_STYLE_ASSIGNMENT((#11142));
#11142 = SURFACE_STYLE_USAGE(.BOTH.,#11143);
#11143 = SURFACE_SIDE_STYLE('',(#11144));
#11144 = SURFACE_STYLE_FILL_AREA(#11145);
#11145 = FILL_AREA_STYLE('',(#11146));
#11146 = FILL_AREA_STYLE_COLOUR('',#11062);
#11147 = MECHANICAL_DESIGN_GEOMETRIC_PRESENTATION_REPRESENTATION('',(
    #11148,#11155,#11162,#11169,#11176,#11183,#11190,#11197,#11204,
    #11211,#11218,#11225,#11232,#11239,#11246,#11253,#11260,#11267,
    #11274,#11281,#11288,#11295,#11302,#11309,#11316,#11323,#11330,
    #11337,#11344,#11351,#11358,#11365,#11372,#11379,#11386,#11393,
    #11400,#11407,#11414,#11421,#11428,#11435,#11442,#11449,#11456,
    #11463,#11470,#11477,#11484,#11491,#11498,#11505,#11512,#11519,
    #11526,#11533,#11540,#11547,#11554,#11561,#11568,#11575,#11582,
    #11589,#11596,#11603,#11610,#11617,#11624,#11631,#11638,#11645,
    #11652,#11659,#11666,#11673,#11680,#11687,#11694,#11701,#11708,
    #11715,#11722,#11729,#11736,#11743,#11750,#11757,#11764,#11771,
    #11778,#11785,#11792,#11799,#11806,#11813,#11820,#11827,#11834,
    #11841,#11848,#11855,#11862,#11869,#11876,#11883,#11890,#11897,
    #11904,#11911,#11918,#11925),#3273);
#11148 = STYLED_ITEM('color',(#11149),#91);
#11149 = PRESENTATION_STYLE_ASSIGNMENT((#11150));
#11150 = SURFACE_STYLE_USAGE(.BOTH.,#11151);
#11151 = SURFACE_SIDE_STYLE('',(#11152));
#11152 = SURFACE_STYLE_FILL_AREA(#11153);
#11153 = FILL_AREA_STYLE('',(#11154));
#11154 = FILL_AREA_STYLE_COLOUR('',#10551);
#11155 = STYLED_ITEM('color',(#11156),#131);
#11156 = PRESENTATION_STYLE_ASSIGNMENT((#11157));
#11157 = SURFACE_STYLE_USAGE(.BOTH.,#11158);
#11158 = SURFACE_SIDE_STYLE('',(#11159));
#11159 = SURFACE_STYLE_FILL_AREA(#11160);
#11160 = FILL_AREA_STYLE('',(#11161));
#11161 = FILL_AREA_STYLE_COLOUR('',#10551);
#11162 = STYLED_ITEM('color',(#11163),#162);
#11163 = PRESENTATION_STYLE_ASSIGNMENT((#11164));
#11164 = SURFACE_STYLE_USAGE(.BOTH.,#11165);
#11165 = SURFACE_SIDE_STYLE('',(#11166));
#11166 = SURFACE_STYLE_FILL_AREA(#11167);
#11167 = FILL_AREA_STYLE('',(#11168));
#11168 = FILL_AREA_STYLE_COLOUR('',#10551);
#11169 = STYLED_ITEM('color',(#11170),#193);
#11170 = PRESENTATION_STYLE_ASSIGNMENT((#11171));
#11171 = SURFACE_STYLE_USAGE(.BOTH.,#11172);
#11172 = SURFACE_SIDE_STYLE('',(#11173));
#11173 = SURFACE_STYLE_FILL_AREA(#11174);
#11174 = FILL_AREA_STYLE('',(#11175));
#11175 = FILL_AREA_STYLE_COLOUR('',#10551);
#11176 = STYLED_ITEM('color',(#11177),#522);
#11177 = PRESENTATION_STYLE_ASSIGNMENT((#11178));
#11178 = SURFACE_STYLE_USAGE(.BOTH.,#11179);
#11179 = SURFACE_SIDE_STYLE('',(#11180));
#11180 = SURFACE_STYLE_FILL_AREA(#11181);
#11181 = FILL_AREA_STYLE('',(#11182));
#11182 = FILL_AREA_STYLE_COLOUR('',#10551);
#11183 = STYLED_ITEM('color',(#11184),#851);
#11184 = PRESENTATION_STYLE_ASSIGNMENT((#11185));
#11185 = SURFACE_STYLE_USAGE(.BOTH.,#11186);
#11186 = SURFACE_SIDE_STYLE('',(#11187));
#11187 = SURFACE_STYLE_FILL_AREA(#11188);
#11188 = FILL_AREA_STYLE('',(#11189));
#11189 = FILL_AREA_STYLE_COLOUR('',#10551);
#11190 = STYLED_ITEM('color',(#11191),#868);
#11191 = PRESENTATION_STYLE_ASSIGNMENT((#11192));
#11192 = SURFACE_STYLE_USAGE(.BOTH.,#11193);
#11193 = SURFACE_SIDE_STYLE('',(#11194));
#11194 = SURFACE_STYLE_FILL_AREA(#11195);
#11195 = FILL_AREA_STYLE('',(#11196));
#11196 = FILL_AREA_STYLE_COLOUR('',#10551);
#11197 = STYLED_ITEM('color',(#11198),#885);
#11198 = PRESENTATION_STYLE_ASSIGNMENT((#11199));
#11199 = SURFACE_STYLE_USAGE(.BOTH.,#11200);
#11200 = SURFACE_SIDE_STYLE('',(#11201));
#11201 = SURFACE_STYLE_FILL_AREA(#11202);
#11202 = FILL_AREA_STYLE('',(#11203));
#11203 = FILL_AREA_STYLE_COLOUR('',#10551);
#11204 = STYLED_ITEM('color',(#11205),#902);
#11205 = PRESENTATION_STYLE_ASSIGNMENT((#11206));
#11206 = SURFACE_STYLE_USAGE(.BOTH.,#11207);
#11207 = SURFACE_SIDE_STYLE('',(#11208));
#11208 = SURFACE_STYLE_FILL_AREA(#11209);
#11209 = FILL_AREA_STYLE('',(#11210));
#11210 = FILL_AREA_STYLE_COLOUR('',#10551);
#11211 = STYLED_ITEM('color',(#11212),#919);
#11212 = PRESENTATION_STYLE_ASSIGNMENT((#11213));
#11213 = SURFACE_STYLE_USAGE(.BOTH.,#11214);
#11214 = SURFACE_SIDE_STYLE('',(#11215));
#11215 = SURFACE_STYLE_FILL_AREA(#11216);
#11216 = FILL_AREA_STYLE('',(#11217));
#11217 = FILL_AREA_STYLE_COLOUR('',#10551);
#11218 = STYLED_ITEM('color',(#11219),#936);
#11219 = PRESENTATION_STYLE_ASSIGNMENT((#11220));
#11220 = SURFACE_STYLE_USAGE(.BOTH.,#11221);
#11221 = SURFACE_SIDE_STYLE('',(#11222));
#11222 = SURFACE_STYLE_FILL_AREA(#11223);
#11223 = FILL_AREA_STYLE('',(#11224));
#11224 = FILL_AREA_STYLE_COLOUR('',#10551);
#11225 = STYLED_ITEM('color',(#11226),#953);
#11226 = PRESENTATION_STYLE_ASSIGNMENT((#11227));
#11227 = SURFACE_STYLE_USAGE(.BOTH.,#11228);
#11228 = SURFACE_SIDE_STYLE('',(#11229));
#11229 = SURFACE_STYLE_FILL_AREA(#11230);
#11230 = FILL_AREA_STYLE('',(#11231));
#11231 = FILL_AREA_STYLE_COLOUR('',#10551);
#11232 = STYLED_ITEM('color',(#11233),#970);
#11233 = PRESENTATION_STYLE_ASSIGNMENT((#11234));
#11234 = SURFACE_STYLE_USAGE(.BOTH.,#11235);
#11235 = SURFACE_SIDE_STYLE('',(#11236));
#11236 = SURFACE_STYLE_FILL_AREA(#11237);
#11237 = FILL_AREA_STYLE('',(#11238));
#11238 = FILL_AREA_STYLE_COLOUR('',#10551);
#11239 = STYLED_ITEM('color',(#11240),#987);
#11240 = PRESENTATION_STYLE_ASSIGNMENT((#11241));
#11241 = SURFACE_STYLE_USAGE(.BOTH.,#11242);
#11242 = SURFACE_SIDE_STYLE('',(#11243));
#11243 = SURFACE_STYLE_FILL_AREA(#11244);
#11244 = FILL_AREA_STYLE('',(#11245));
#11245 = FILL_AREA_STYLE_COLOUR('',#10551);
#11246 = STYLED_ITEM('color',(#11247),#1004);
#11247 = PRESENTATION_STYLE_ASSIGNMENT((#11248));
#11248 = SURFACE_STYLE_USAGE(.BOTH.,#11249);
#11249 = SURFACE_SIDE_STYLE('',(#11250));
#11250 = SURFACE_STYLE_FILL_AREA(#11251);
#11251 = FILL_AREA_STYLE('',(#11252));
#11252 = FILL_AREA_STYLE_COLOUR('',#10551);
#11253 = STYLED_ITEM('color',(#11254),#1021);
#11254 = PRESENTATION_STYLE_ASSIGNMENT((#11255));
#11255 = SURFACE_STYLE_USAGE(.BOTH.,#11256);
#11256 = SURFACE_SIDE_STYLE('',(#11257));
#11257 = SURFACE_STYLE_FILL_AREA(#11258);
#11258 = FILL_AREA_STYLE('',(#11259));
#11259 = FILL_AREA_STYLE_COLOUR('',#10551);
#11260 = STYLED_ITEM('color',(#11261),#1038);
#11261 = PRESENTATION_STYLE_ASSIGNMENT((#11262));
#11262 = SURFACE_STYLE_USAGE(.BOTH.,#11263);
#11263 = SURFACE_SIDE_STYLE('',(#11264));
#11264 = SURFACE_STYLE_FILL_AREA(#11265);
#11265 = FILL_AREA_STYLE('',(#11266));
#11266 = FILL_AREA_STYLE_COLOUR('',#10551);
#11267 = STYLED_ITEM('color',(#11268),#1055);
#11268 = PRESENTATION_STYLE_ASSIGNMENT((#11269));
#11269 = SURFACE_STYLE_USAGE(.BOTH.,#11270);
#11270 = SURFACE_SIDE_STYLE('',(#11271));
#11271 = SURFACE_STYLE_FILL_AREA(#11272);
#11272 = FILL_AREA_STYLE('',(#11273));
#11273 = FILL_AREA_STYLE_COLOUR('',#10551);
#11274 = STYLED_ITEM('color',(#11275),#1072);
#11275 = PRESENTATION_STYLE_ASSIGNMENT((#11276));
#11276 = SURFACE_STYLE_USAGE(.BOTH.,#11277);
#11277 = SURFACE_SIDE_STYLE('',(#11278));
#11278 = SURFACE_STYLE_FILL_AREA(#11279);
#11279 = FILL_AREA_STYLE('',(#11280));
#11280 = FILL_AREA_STYLE_COLOUR('',#10551);
#11281 = STYLED_ITEM('color',(#11282),#1089);
#11282 = PRESENTATION_STYLE_ASSIGNMENT((#11283));
#11283 = SURFACE_STYLE_USAGE(.BOTH.,#11284);
#11284 = SURFACE_SIDE_STYLE('',(#11285));
#11285 = SURFACE_STYLE_FILL_AREA(#11286);
#11286 = FILL_AREA_STYLE('',(#11287));
#11287 = FILL_AREA_STYLE_COLOUR('',#10551);
#11288 = STYLED_ITEM('color',(#11289),#1106);
#11289 = PRESENTATION_STYLE_ASSIGNMENT((#11290));
#11290 = SURFACE_STYLE_USAGE(.BOTH.,#11291);
#11291 = SURFACE_SIDE_STYLE('',(#11292));
#11292 = SURFACE_STYLE_FILL_AREA(#11293);
#11293 = FILL_AREA_STYLE('',(#11294));
#11294 = FILL_AREA_STYLE_COLOUR('',#10551);
#11295 = STYLED_ITEM('color',(#11296),#1123);
#11296 = PRESENTATION_STYLE_ASSIGNMENT((#11297));
#11297 = SURFACE_STYLE_USAGE(.BOTH.,#11298);
#11298 = SURFACE_SIDE_STYLE('',(#11299));
#11299 = SURFACE_STYLE_FILL_AREA(#11300);
#11300 = FILL_AREA_STYLE('',(#11301));
#11301 = FILL_AREA_STYLE_COLOUR('',#10551);
#11302 = STYLED_ITEM('color',(#11303),#1140);
#11303 = PRESENTATION_STYLE_ASSIGNMENT((#11304));
#11304 = SURFACE_STYLE_USAGE(.BOTH.,#11305);
#11305 = SURFACE_SIDE_STYLE('',(#11306));
#11306 = SURFACE_STYLE_FILL_AREA(#11307);
#11307 = FILL_AREA_STYLE('',(#11308));
#11308 = FILL_AREA_STYLE_COLOUR('',#10551);
#11309 = STYLED_ITEM('color',(#11310),#1157);
#11310 = PRESENTATION_STYLE_ASSIGNMENT((#11311));
#11311 = SURFACE_STYLE_USAGE(.BOTH.,#11312);
#11312 = SURFACE_SIDE_STYLE('',(#11313));
#11313 = SURFACE_STYLE_FILL_AREA(#11314);
#11314 = FILL_AREA_STYLE('',(#11315));
#11315 = FILL_AREA_STYLE_COLOUR('',#10551);
#11316 = STYLED_ITEM('color',(#11317),#1174);
#11317 = PRESENTATION_STYLE_ASSIGNMENT((#11318));
#11318 = SURFACE_STYLE_USAGE(.BOTH.,#11319);
#11319 = SURFACE_SIDE_STYLE('',(#11320));
#11320 = SURFACE_STYLE_FILL_AREA(#11321);
#11321 = FILL_AREA_STYLE('',(#11322));
#11322 = FILL_AREA_STYLE_COLOUR('',#10551);
#11323 = STYLED_ITEM('color',(#11324),#1191);
#11324 = PRESENTATION_STYLE_ASSIGNMENT((#11325));
#11325 = SURFACE_STYLE_USAGE(.BOTH.,#11326);
#11326 = SURFACE_SIDE_STYLE('',(#11327));
#11327 = SURFACE_STYLE_FILL_AREA(#11328);
#11328 = FILL_AREA_STYLE('',(#11329));
#11329 = FILL_AREA_STYLE_COLOUR('',#10551);
#11330 = STYLED_ITEM('color',(#11331),#1208);
#11331 = PRESENTATION_STYLE_ASSIGNMENT((#11332));
#11332 = SURFACE_STYLE_USAGE(.BOTH.,#11333);
#11333 = SURFACE_SIDE_STYLE('',(#11334));
#11334 = SURFACE_STYLE_FILL_AREA(#11335);
#11335 = FILL_AREA_STYLE('',(#11336));
#11336 = FILL_AREA_STYLE_COLOUR('',#10551);
#11337 = STYLED_ITEM('color',(#11338),#1225);
#11338 = PRESENTATION_STYLE_ASSIGNMENT((#11339));
#11339 = SURFACE_STYLE_USAGE(.BOTH.,#11340);
#11340 = SURFACE_SIDE_STYLE('',(#11341));
#11341 = SURFACE_STYLE_FILL_AREA(#11342);
#11342 = FILL_AREA_STYLE('',(#11343));
#11343 = FILL_AREA_STYLE_COLOUR('',#10551);
#11344 = STYLED_ITEM('color',(#11345),#1237);
#11345 = PRESENTATION_STYLE_ASSIGNMENT((#11346));
#11346 = SURFACE_STYLE_USAGE(.BOTH.,#11347);
#11347 = SURFACE_SIDE_STYLE('',(#11348));
#11348 = SURFACE_STYLE_FILL_AREA(#11349);
#11349 = FILL_AREA_STYLE('',(#11350));
#11350 = FILL_AREA_STYLE_COLOUR('',#10664);
#11351 = STYLED_ITEM('color',(#11352),#1293);
#11352 = PRESENTATION_STYLE_ASSIGNMENT((#11353));
#11353 = SURFACE_STYLE_USAGE(.BOTH.,#11354);
#11354 = SURFACE_SIDE_STYLE('',(#11355));
#11355 = SURFACE_STYLE_FILL_AREA(#11356);
#11356 = FILL_AREA_STYLE('',(#11357));
#11357 = FILL_AREA_STYLE_COLOUR('',#10664);
#11358 = STYLED_ITEM('color',(#11359),#1317);
#11359 = PRESENTATION_STYLE_ASSIGNMENT((#11360));
#11360 = SURFACE_STYLE_USAGE(.BOTH.,#11361);
#11361 = SURFACE_SIDE_STYLE('',(#11362));
#11362 = SURFACE_STYLE_FILL_AREA(#11363);
#11363 = FILL_AREA_STYLE('',(#11364));
#11364 = FILL_AREA_STYLE_COLOUR('',#10664);
#11365 = STYLED_ITEM('color',(#11366),#1366);
#11366 = PRESENTATION_STYLE_ASSIGNMENT((#11367));
#11367 = SURFACE_STYLE_USAGE(.BOTH.,#11368);
#11368 = SURFACE_SIDE_STYLE('',(#11369));
#11369 = SURFACE_STYLE_FILL_AREA(#11370);
#11370 = FILL_AREA_STYLE('',(#11371));
#11371 = FILL_AREA_STYLE_COLOUR('',#10664);
#11372 = STYLED_ITEM('color',(#11373),#1383);
#11373 = PRESENTATION_STYLE_ASSIGNMENT((#11374));
#11374 = SURFACE_STYLE_USAGE(.BOTH.,#11375);
#11375 = SURFACE_SIDE_STYLE('',(#11376));
#11376 = SURFACE_STYLE_FILL_AREA(#11377);
#11377 = FILL_AREA_STYLE('',(#11378));
#11378 = FILL_AREA_STYLE_COLOUR('',#10664);
#11379 = STYLED_ITEM('color',(#11380),#1414);
#11380 = PRESENTATION_STYLE_ASSIGNMENT((#11381));
#11381 = SURFACE_STYLE_USAGE(.BOTH.,#11382);
#11382 = SURFACE_SIDE_STYLE('',(#11383));
#11383 = SURFACE_STYLE_FILL_AREA(#11384);
#11384 = FILL_AREA_STYLE('',(#11385));
#11385 = FILL_AREA_STYLE_COLOUR('',#10664);
#11386 = STYLED_ITEM('color',(#11387),#1463);
#11387 = PRESENTATION_STYLE_ASSIGNMENT((#11388));
#11388 = SURFACE_STYLE_USAGE(.BOTH.,#11389);
#11389 = SURFACE_SIDE_STYLE('',(#11390));
#11390 = SURFACE_STYLE_FILL_AREA(#11391);
#11391 = FILL_AREA_STYLE('',(#11392));
#11392 = FILL_AREA_STYLE_COLOUR('',#10664);
#11393 = STYLED_ITEM('color',(#11394),#1487);
#11394 = PRESENTATION_STYLE_ASSIGNMENT((#11395));
#11395 = SURFACE_STYLE_USAGE(.BOTH.,#11396);
#11396 = SURFACE_SIDE_STYLE('',(#11397));
#11397 = SURFACE_STYLE_FILL_AREA(#11398);
#11398 = FILL_AREA_STYLE('',(#11399));
#11399 = FILL_AREA_STYLE_COLOUR('',#10664);
#11400 = STYLED_ITEM('color',(#11401),#1529);
#11401 = PRESENTATION_STYLE_ASSIGNMENT((#11402));
#11402 = SURFACE_STYLE_USAGE(.BOTH.,#11403);
#11403 = SURFACE_SIDE_STYLE('',(#11404));
#11404 = SURFACE_STYLE_FILL_AREA(#11405);
#11405 = FILL_AREA_STYLE('',(#11406));
#11406 = FILL_AREA_STYLE_COLOUR('',#10664);
#11407 = STYLED_ITEM('color',(#11408),#1560);
#11408 = PRESENTATION_STYLE_ASSIGNMENT((#11409));
#11409 = SURFACE_STYLE_USAGE(.BOTH.,#11410);
#11410 = SURFACE_SIDE_STYLE('',(#11411));
#11411 = SURFACE_STYLE_FILL_AREA(#11412);
#11412 = FILL_AREA_STYLE('',(#11413));
#11413 = FILL_AREA_STYLE_COLOUR('',#10664);
#11414 = STYLED_ITEM('color',(#11415),#1609);
#11415 = PRESENTATION_STYLE_ASSIGNMENT((#11416));
#11416 = SURFACE_STYLE_USAGE(.BOTH.,#11417);
#11417 = SURFACE_SIDE_STYLE('',(#11418));
#11418 = SURFACE_STYLE_FILL_AREA(#11419);
#11419 = FILL_AREA_STYLE('',(#11420));
#11420 = FILL_AREA_STYLE_COLOUR('',#10664);
#11421 = STYLED_ITEM('color',(#11422),#1633);
#11422 = PRESENTATION_STYLE_ASSIGNMENT((#11423));
#11423 = SURFACE_STYLE_USAGE(.BOTH.,#11424);
#11424 = SURFACE_SIDE_STYLE('',(#11425));
#11425 = SURFACE_STYLE_FILL_AREA(#11426);
#11426 = FILL_AREA_STYLE('',(#11427));
#11427 = FILL_AREA_STYLE_COLOUR('',#10664);
#11428 = STYLED_ITEM('color',(#11429),#1675);
#11429 = PRESENTATION_STYLE_ASSIGNMENT((#11430));
#11430 = SURFACE_STYLE_USAGE(.BOTH.,#11431);
#11431 = SURFACE_SIDE_STYLE('',(#11432));
#11432 = SURFACE_STYLE_FILL_AREA(#11433);
#11433 = FILL_AREA_STYLE('',(#11434));
#11434 = FILL_AREA_STYLE_COLOUR('',#10664);
#11435 = STYLED_ITEM('color',(#11436),#1706);
#11436 = PRESENTATION_STYLE_ASSIGNMENT((#11437));
#11437 = SURFACE_STYLE_USAGE(.BOTH.,#11438);
#11438 = SURFACE_SIDE_STYLE('',(#11439));
#11439 = SURFACE_STYLE_FILL_AREA(#11440);
#11440 = FILL_AREA_STYLE('',(#11441));
#11441 = FILL_AREA_STYLE_COLOUR('',#10664);
#11442 = STYLED_ITEM('color',(#11443),#1755);
#11443 = PRESENTATION_STYLE_ASSIGNMENT((#11444));
#11444 = SURFACE_STYLE_USAGE(.BOTH.,#11445);
#11445 = SURFACE_SIDE_STYLE('',(#11446));
#11446 = SURFACE_STYLE_FILL_AREA(#11447);
#11447 = FILL_AREA_STYLE('',(#11448));
#11448 = FILL_AREA_STYLE_COLOUR('',#10664);
#11449 = STYLED_ITEM('color',(#11450),#1779);
#11450 = PRESENTATION_STYLE_ASSIGNMENT((#11451));
#11451 = SURFACE_STYLE_USAGE(.BOTH.,#11452);
#11452 = SURFACE_SIDE_STYLE('',(#11453));
#11453 = SURFACE_STYLE_FILL_AREA(#11454);
#11454 = FILL_AREA_STYLE('',(#11455));
#11455 = FILL_AREA_STYLE_COLOUR('',#10664);
#11456 = STYLED_ITEM('color',(#11457),#1821);
#11457 = PRESENTATION_STYLE_ASSIGNMENT((#11458));
#11458 = SURFACE_STYLE_USAGE(.BOTH.,#11459);
#11459 = SURFACE_SIDE_STYLE('',(#11460));
#11460 = SURFACE_STYLE_FILL_AREA(#11461);
#11461 = FILL_AREA_STYLE('',(#11462));
#11462 = FILL_AREA_STYLE_COLOUR('',#10664);
#11463 = STYLED_ITEM('color',(#11464),#1852);
#11464 = PRESENTATION_STYLE_ASSIGNMENT((#11465));
#11465 = SURFACE_STYLE_USAGE(.BOTH.,#11466);
#11466 = SURFACE_SIDE_STYLE('',(#11467));
#11467 = SURFACE_STYLE_FILL_AREA(#11468);
#11468 = FILL_AREA_STYLE('',(#11469));
#11469 = FILL_AREA_STYLE_COLOUR('',#10664);
#11470 = STYLED_ITEM('color',(#11471),#1876);
#11471 = PRESENTATION_STYLE_ASSIGNMENT((#11472));
#11472 = SURFACE_STYLE_USAGE(.BOTH.,#11473);
#11473 = SURFACE_SIDE_STYLE('',(#11474));
#11474 = SURFACE_STYLE_FILL_AREA(#11475);
#11475 = FILL_AREA_STYLE('',(#11476));
#11476 = FILL_AREA_STYLE_COLOUR('',#10664);
#11477 = STYLED_ITEM('color',(#11478),#1900);
#11478 = PRESENTATION_STYLE_ASSIGNMENT((#11479));
#11479 = SURFACE_STYLE_USAGE(.BOTH.,#11480);
#11480 = SURFACE_SIDE_STYLE('',(#11481));
#11481 = SURFACE_STYLE_FILL_AREA(#11482);
#11482 = FILL_AREA_STYLE('',(#11483));
#11483 = FILL_AREA_STYLE_COLOUR('',#10664);
#11484 = STYLED_ITEM('color',(#11485),#1917);
#11485 = PRESENTATION_STYLE_ASSIGNMENT((#11486));
#11486 = SURFACE_STYLE_USAGE(.BOTH.,#11487);
#11487 = SURFACE_SIDE_STYLE('',(#11488));
#11488 = SURFACE_STYLE_FILL_AREA(#11489);
#11489 = FILL_AREA_STYLE('',(#11490));
#11490 = FILL_AREA_STYLE_COLOUR('',#10664);
#11491 = STYLED_ITEM('color',(#11492),#1948);
#11492 = PRESENTATION_STYLE_ASSIGNMENT((#11493));
#11493 = SURFACE_STYLE_USAGE(.BOTH.,#11494);
#11494 = SURFACE_SIDE_STYLE('',(#11495));
#11495 = SURFACE_STYLE_FILL_AREA(#11496);
#11496 = FILL_AREA_STYLE('',(#11497));
#11497 = FILL_AREA_STYLE_COLOUR('',#10664);
#11498 = STYLED_ITEM('color',(#11499),#1972);
#11499 = PRESENTATION_STYLE_ASSIGNMENT((#11500));
#11500 = SURFACE_STYLE_USAGE(.BOTH.,#11501);
#11501 = SURFACE_SIDE_STYLE('',(#11502));
#11502 = SURFACE_STYLE_FILL_AREA(#11503);
#11503 = FILL_AREA_STYLE('',(#11504));
#11504 = FILL_AREA_STYLE_COLOUR('',#10664);
#11505 = STYLED_ITEM('color',(#11506),#1996);
#11506 = PRESENTATION_STYLE_ASSIGNMENT((#11507));
#11507 = SURFACE_STYLE_USAGE(.BOTH.,#11508);
#11508 = SURFACE_SIDE_STYLE('',(#11509));
#11509 = SURFACE_STYLE_FILL_AREA(#11510);
#11510 = FILL_AREA_STYLE('',(#11511));
#11511 = FILL_AREA_STYLE_COLOUR('',#10664);
#11512 = STYLED_ITEM('color',(#11513),#2013);
#11513 = PRESENTATION_STYLE_ASSIGNMENT((#11514));
#11514 = SURFACE_STYLE_USAGE(.BOTH.,#11515);
#11515 = SURFACE_SIDE_STYLE('',(#11516));
#11516 = SURFACE_STYLE_FILL_AREA(#11517);
#11517 = FILL_AREA_STYLE('',(#11518));
#11518 = FILL_AREA_STYLE_COLOUR('',#10664);
#11519 = STYLED_ITEM('color',(#11520),#2044);
#11520 = PRESENTATION_STYLE_ASSIGNMENT((#11521));
#11521 = SURFACE_STYLE_USAGE(.BOTH.,#11522);
#11522 = SURFACE_SIDE_STYLE('',(#11523));
#11523 = SURFACE_STYLE_FILL_AREA(#11524);
#11524 = FILL_AREA_STYLE('',(#11525));
#11525 = FILL_AREA_STYLE_COLOUR('',#10664);
#11526 = STYLED_ITEM('color',(#11527),#2068);
#11527 = PRESENTATION_STYLE_ASSIGNMENT((#11528));
#11528 = SURFACE_STYLE_USAGE(.BOTH.,#11529);
#11529 = SURFACE_SIDE_STYLE('',(#11530));
#11530 = SURFACE_STYLE_FILL_AREA(#11531);
#11531 = FILL_AREA_STYLE('',(#11532));
#11532 = FILL_AREA_STYLE_COLOUR('',#10664);
#11533 = STYLED_ITEM('color',(#11534),#2092);
#11534 = PRESENTATION_STYLE_ASSIGNMENT((#11535));
#11535 = SURFACE_STYLE_USAGE(.BOTH.,#11536);
#11536 = SURFACE_SIDE_STYLE('',(#11537));
#11537 = SURFACE_STYLE_FILL_AREA(#11538);
#11538 = FILL_AREA_STYLE('',(#11539));
#11539 = FILL_AREA_STYLE_COLOUR('',#10664);
#11540 = STYLED_ITEM('color',(#11541),#2109);
#11541 = PRESENTATION_STYLE_ASSIGNMENT((#11542));
#11542 = SURFACE_STYLE_USAGE(.BOTH.,#11543);
#11543 = SURFACE_SIDE_STYLE('',(#11544));
#11544 = SURFACE_STYLE_FILL_AREA(#11545);
#11545 = FILL_AREA_STYLE('',(#11546));
#11546 = FILL_AREA_STYLE_COLOUR('',#10664);
#11547 = STYLED_ITEM('color',(#11548),#2140);
#11548 = PRESENTATION_STYLE_ASSIGNMENT((#11549));
#11549 = SURFACE_STYLE_USAGE(.BOTH.,#11550);
#11550 = SURFACE_SIDE_STYLE('',(#11551));
#11551 = SURFACE_STYLE_FILL_AREA(#11552);
#11552 = FILL_AREA_STYLE('',(#11553));
#11553 = FILL_AREA_STYLE_COLOUR('',#10664);
#11554 = STYLED_ITEM('color',(#11555),#2164);
#11555 = PRESENTATION_STYLE_ASSIGNMENT((#11556));
#11556 = SURFACE_STYLE_USAGE(.BOTH.,#11557);
#11557 = SURFACE_SIDE_STYLE('',(#11558));
#11558 = SURFACE_STYLE_FILL_AREA(#11559);
#11559 = FILL_AREA_STYLE('',(#11560));
#11560 = FILL_AREA_STYLE_COLOUR('',#10664);
#11561 = STYLED_ITEM('color',(#11562),#2188);
#11562 = PRESENTATION_STYLE_ASSIGNMENT((#11563));
#11563 = SURFACE_STYLE_USAGE(.BOTH.,#11564);
#11564 = SURFACE_SIDE_STYLE('',(#11565));
#11565 = SURFACE_STYLE_FILL_AREA(#11566);
#11566 = FILL_AREA_STYLE('',(#11567));
#11567 = FILL_AREA_STYLE_COLOUR('',#10664);
#11568 = STYLED_ITEM('color',(#11569),#2205);
#11569 = PRESENTATION_STYLE_ASSIGNMENT((#11570));
#11570 = SURFACE_STYLE_USAGE(.BOTH.,#11571);
#11571 = SURFACE_SIDE_STYLE('',(#11572));
#11572 = SURFACE_STYLE_FILL_AREA(#11573);
#11573 = FILL_AREA_STYLE('',(#11574));
#11574 = FILL_AREA_STYLE_COLOUR('',#10664);
#11575 = STYLED_ITEM('color',(#11576),#2222);
#11576 = PRESENTATION_STYLE_ASSIGNMENT((#11577));
#11577 = SURFACE_STYLE_USAGE(.BOTH.,#11578);
#11578 = SURFACE_SIDE_STYLE('',(#11579));
#11579 = SURFACE_STYLE_FILL_AREA(#11580);
#11580 = FILL_AREA_STYLE('',(#11581));
#11581 = FILL_AREA_STYLE_COLOUR('',#10664);
#11582 = STYLED_ITEM('color',(#11583),#2239);
#11583 = PRESENTATION_STYLE_ASSIGNMENT((#11584));
#11584 = SURFACE_STYLE_USAGE(.BOTH.,#11585);
#11585 = SURFACE_SIDE_STYLE('',(#11586));
#11586 = SURFACE_STYLE_FILL_AREA(#11587);
#11587 = FILL_AREA_STYLE('',(#11588));
#11588 = FILL_AREA_STYLE_COLOUR('',#10664);
#11589 = STYLED_ITEM('color',(#11590),#2270);
#11590 = PRESENTATION_STYLE_ASSIGNMENT((#11591));
#11591 = SURFACE_STYLE_USAGE(.BOTH.,#11592);
#11592 = SURFACE_SIDE_STYLE('',(#11593));
#11593 = SURFACE_STYLE_FILL_AREA(#11594);
#11594 = FILL_AREA_STYLE('',(#11595));
#11595 = FILL_AREA_STYLE_COLOUR('',#10664);
#11596 = STYLED_ITEM('color',(#11597),#2287);
#11597 = PRESENTATION_STYLE_ASSIGNMENT((#11598));
#11598 = SURFACE_STYLE_USAGE(.BOTH.,#11599);
#11599 = SURFACE_SIDE_STYLE('',(#11600));
#11600 = SURFACE_STYLE_FILL_AREA(#11601);
#11601 = FILL_AREA_STYLE('',(#11602));
#11602 = FILL_AREA_STYLE_COLOUR('',#10664);
#11603 = STYLED_ITEM('color',(#11604),#2318);
#11604 = PRESENTATION_STYLE_ASSIGNMENT((#11605));
#11605 = SURFACE_STYLE_USAGE(.BOTH.,#11606);
#11606 = SURFACE_SIDE_STYLE('',(#11607));
#11607 = SURFACE_STYLE_FILL_AREA(#11608);
#11608 = FILL_AREA_STYLE('',(#11609));
#11609 = FILL_AREA_STYLE_COLOUR('',#10664);
#11610 = STYLED_ITEM('color',(#11611),#2335);
#11611 = PRESENTATION_STYLE_ASSIGNMENT((#11612));
#11612 = SURFACE_STYLE_USAGE(.BOTH.,#11613);
#11613 = SURFACE_SIDE_STYLE('',(#11614));
#11614 = SURFACE_STYLE_FILL_AREA(#11615);
#11615 = FILL_AREA_STYLE('',(#11616));
#11616 = FILL_AREA_STYLE_COLOUR('',#10664);
#11617 = STYLED_ITEM('color',(#11618),#2352);
#11618 = PRESENTATION_STYLE_ASSIGNMENT((#11619));
#11619 = SURFACE_STYLE_USAGE(.BOTH.,#11620);
#11620 = SURFACE_SIDE_STYLE('',(#11621));
#11621 = SURFACE_STYLE_FILL_AREA(#11622);
#11622 = FILL_AREA_STYLE('',(#11623));
#11623 = FILL_AREA_STYLE_COLOUR('',#10664);
#11624 = STYLED_ITEM('color',(#11625),#2383);
#11625 = PRESENTATION_STYLE_ASSIGNMENT((#11626));
#11626 = SURFACE_STYLE_USAGE(.BOTH.,#11627);
#11627 = SURFACE_SIDE_STYLE('',(#11628));
#11628 = SURFACE_STYLE_FILL_AREA(#11629);
#11629 = FILL_AREA_STYLE('',(#11630));
#11630 = FILL_AREA_STYLE_COLOUR('',#10664);
#11631 = STYLED_ITEM('color',(#11632),#2400);
#11632 = PRESENTATION_STYLE_ASSIGNMENT((#11633));
#11633 = SURFACE_STYLE_USAGE(.BOTH.,#11634);
#11634 = SURFACE_SIDE_STYLE('',(#11635));
#11635 = SURFACE_STYLE_FILL_AREA(#11636);
#11636 = FILL_AREA_STYLE('',(#11637));
#11637 = FILL_AREA_STYLE_COLOUR('',#10664);
#11638 = STYLED_ITEM('color',(#11639),#2431);
#11639 = PRESENTATION_STYLE_ASSIGNMENT((#11640));
#11640 = SURFACE_STYLE_USAGE(.BOTH.,#11641);
#11641 = SURFACE_SIDE_STYLE('',(#11642));
#11642 = SURFACE_STYLE_FILL_AREA(#11643);
#11643 = FILL_AREA_STYLE('',(#11644));
#11644 = FILL_AREA_STYLE_COLOUR('',#10664);
#11645 = STYLED_ITEM('color',(#11646),#2448);
#11646 = PRESENTATION_STYLE_ASSIGNMENT((#11647));
#11647 = SURFACE_STYLE_USAGE(.BOTH.,#11648);
#11648 = SURFACE_SIDE_STYLE('',(#11649));
#11649 = SURFACE_STYLE_FILL_AREA(#11650);
#11650 = FILL_AREA_STYLE('',(#11651));
#11651 = FILL_AREA_STYLE_COLOUR('',#10664);
#11652 = STYLED_ITEM('color',(#11653),#2465);
#11653 = PRESENTATION_STYLE_ASSIGNMENT((#11654));
#11654 = SURFACE_STYLE_USAGE(.BOTH.,#11655);
#11655 = SURFACE_SIDE_STYLE('',(#11656));
#11656 = SURFACE_STYLE_FILL_AREA(#11657);
#11657 = FILL_AREA_STYLE('',(#11658));
#11658 = FILL_AREA_STYLE_COLOUR('',#10664);
#11659 = STYLED_ITEM('color',(#11660),#2496);
#11660 = PRESENTATION_STYLE_ASSIGNMENT((#11661));
#11661 = SURFACE_STYLE_USAGE(.BOTH.,#11662);
#11662 = SURFACE_SIDE_STYLE('',(#11663));
#11663 = SURFACE_STYLE_FILL_AREA(#11664);
#11664 = FILL_AREA_STYLE('',(#11665));
#11665 = FILL_AREA_STYLE_COLOUR('',#10664);
#11666 = STYLED_ITEM('color',(#11667),#2513);
#11667 = PRESENTATION_STYLE_ASSIGNMENT((#11668));
#11668 = SURFACE_STYLE_USAGE(.BOTH.,#11669);
#11669 = SURFACE_SIDE_STYLE('',(#11670));
#11670 = SURFACE_STYLE_FILL_AREA(#11671);
#11671 = FILL_AREA_STYLE('',(#11672));
#11672 = FILL_AREA_STYLE_COLOUR('',#10664);
#11673 = STYLED_ITEM('color',(#11674),#2544);
#11674 = PRESENTATION_STYLE_ASSIGNMENT((#11675));
#11675 = SURFACE_STYLE_USAGE(.BOTH.,#11676);
#11676 = SURFACE_SIDE_STYLE('',(#11677));
#11677 = SURFACE_STYLE_FILL_AREA(#11678);
#11678 = FILL_AREA_STYLE('',(#11679));
#11679 = FILL_AREA_STYLE_COLOUR('',#10664);
#11680 = STYLED_ITEM('color',(#11681),#2561);
#11681 = PRESENTATION_STYLE_ASSIGNMENT((#11682));
#11682 = SURFACE_STYLE_USAGE(.BOTH.,#11683);
#11683 = SURFACE_SIDE_STYLE('',(#11684));
#11684 = SURFACE_STYLE_FILL_AREA(#11685);
#11685 = FILL_AREA_STYLE('',(#11686));
#11686 = FILL_AREA_STYLE_COLOUR('',#10664);
#11687 = STYLED_ITEM('color',(#11688),#2578);
#11688 = PRESENTATION_STYLE_ASSIGNMENT((#11689));
#11689 = SURFACE_STYLE_USAGE(.BOTH.,#11690);
#11690 = SURFACE_SIDE_STYLE('',(#11691));
#11691 = SURFACE_STYLE_FILL_AREA(#11692);
#11692 = FILL_AREA_STYLE('',(#11693));
#11693 = FILL_AREA_STYLE_COLOUR('',#10664);
#11694 = STYLED_ITEM('color',(#11695),#2609);
#11695 = PRESENTATION_STYLE_ASSIGNMENT((#11696));
#11696 = SURFACE_STYLE_USAGE(.BOTH.,#11697);
#11697 = SURFACE_SIDE_STYLE('',(#11698));
#11698 = SURFACE_STYLE_FILL_AREA(#11699);
#11699 = FILL_AREA_STYLE('',(#11700));
#11700 = FILL_AREA_STYLE_COLOUR('',#10664);
#11701 = STYLED_ITEM('color',(#11702),#2626);
#11702 = PRESENTATION_STYLE_ASSIGNMENT((#11703));
#11703 = SURFACE_STYLE_USAGE(.BOTH.,#11704);
#11704 = SURFACE_SIDE_STYLE('',(#11705));
#11705 = SURFACE_STYLE_FILL_AREA(#11706);
#11706 = FILL_AREA_STYLE('',(#11707));
#11707 = FILL_AREA_STYLE_COLOUR('',#10664);
#11708 = STYLED_ITEM('color',(#11709),#2657);
#11709 = PRESENTATION_STYLE_ASSIGNMENT((#11710));
#11710 = SURFACE_STYLE_USAGE(.BOTH.,#11711);
#11711 = SURFACE_SIDE_STYLE('',(#11712));
#11712 = SURFACE_STYLE_FILL_AREA(#11713);
#11713 = FILL_AREA_STYLE('',(#11714));
#11714 = FILL_AREA_STYLE_COLOUR('',#10664);
#11715 = STYLED_ITEM('color',(#11716),#2688);
#11716 = PRESENTATION_STYLE_ASSIGNMENT((#11717));
#11717 = SURFACE_STYLE_USAGE(.BOTH.,#11718);
#11718 = SURFACE_SIDE_STYLE('',(#11719));
#11719 = SURFACE_STYLE_FILL_AREA(#11720);
#11720 = FILL_AREA_STYLE('',(#11721));
#11721 = FILL_AREA_STYLE_COLOUR('',#10664);
#11722 = STYLED_ITEM('color',(#11723),#2712);
#11723 = PRESENTATION_STYLE_ASSIGNMENT((#11724));
#11724 = SURFACE_STYLE_USAGE(.BOTH.,#11725);
#11725 = SURFACE_SIDE_STYLE('',(#11726));
#11726 = SURFACE_STYLE_FILL_AREA(#11727);
#11727 = FILL_AREA_STYLE('',(#11728));
#11728 = FILL_AREA_STYLE_COLOUR('',#10664);
#11729 = STYLED_ITEM('color',(#11730),#2736);
#11730 = PRESENTATION_STYLE_ASSIGNMENT((#11731));
#11731 = SURFACE_STYLE_USAGE(.BOTH.,#11732);
#11732 = SURFACE_SIDE_STYLE('',(#11733));
#11733 = SURFACE_STYLE_FILL_AREA(#11734);
#11734 = FILL_AREA_STYLE('',(#11735));
#11735 = FILL_AREA_STYLE_COLOUR('',#10664);
#11736 = STYLED_ITEM('color',(#11737),#2753);
#11737 = PRESENTATION_STYLE_ASSIGNMENT((#11738));
#11738 = SURFACE_STYLE_USAGE(.BOTH.,#11739);
#11739 = SURFACE_SIDE_STYLE('',(#11740));
#11740 = SURFACE_STYLE_FILL_AREA(#11741);
#11741 = FILL_AREA_STYLE('',(#11742));
#11742 = FILL_AREA_STYLE_COLOUR('',#10664);
#11743 = STYLED_ITEM('color',(#11744),#2784);
#11744 = PRESENTATION_STYLE_ASSIGNMENT((#11745));
#11745 = SURFACE_STYLE_USAGE(.BOTH.,#11746);
#11746 = SURFACE_SIDE_STYLE('',(#11747));
#11747 = SURFACE_STYLE_FILL_AREA(#11748);
#11748 = FILL_AREA_STYLE('',(#11749));
#11749 = FILL_AREA_STYLE_COLOUR('',#10664);
#11750 = STYLED_ITEM('color',(#11751),#2808);
#11751 = PRESENTATION_STYLE_ASSIGNMENT((#11752));
#11752 = SURFACE_STYLE_USAGE(.BOTH.,#11753);
#11753 = SURFACE_SIDE_STYLE('',(#11754));
#11754 = SURFACE_STYLE_FILL_AREA(#11755);
#11755 = FILL_AREA_STYLE('',(#11756));
#11756 = FILL_AREA_STYLE_COLOUR('',#10664);
#11757 = STYLED_ITEM('color',(#11758),#2832);
#11758 = PRESENTATION_STYLE_ASSIGNMENT((#11759));
#11759 = SURFACE_STYLE_USAGE(.BOTH.,#11760);
#11760 = SURFACE_SIDE_STYLE('',(#11761));
#11761 = SURFACE_STYLE_FILL_AREA(#11762);
#11762 = FILL_AREA_STYLE('',(#11763));
#11763 = FILL_AREA_STYLE_COLOUR('',#10664);
#11764 = STYLED_ITEM('color',(#11765),#2849);
#11765 = PRESENTATION_STYLE_ASSIGNMENT((#11766));
#11766 = SURFACE_STYLE_USAGE(.BOTH.,#11767);
#11767 = SURFACE_SIDE_STYLE('',(#11768));
#11768 = SURFACE_STYLE_FILL_AREA(#11769);
#11769 = FILL_AREA_STYLE('',(#11770));
#11770 = FILL_AREA_STYLE_COLOUR('',#10664);
#11771 = STYLED_ITEM('color',(#11772),#2880);
#11772 = PRESENTATION_STYLE_ASSIGNMENT((#11773));
#11773 = SURFACE_STYLE_USAGE(.BOTH.,#11774);
#11774 = SURFACE_SIDE_STYLE('',(#11775));
#11775 = SURFACE_STYLE_FILL_AREA(#11776);
#11776 = FILL_AREA_STYLE('',(#11777));
#11777 = FILL_AREA_STYLE_COLOUR('',#10664);
#11778 = STYLED_ITEM('color',(#11779),#2904);
#11779 = PRESENTATION_STYLE_ASSIGNMENT((#11780));
#11780 = SURFACE_STYLE_USAGE(.BOTH.,#11781);
#11781 = SURFACE_SIDE_STYLE('',(#11782));
#11782 = SURFACE_STYLE_FILL_AREA(#11783);
#11783 = FILL_AREA_STYLE('',(#11784));
#11784 = FILL_AREA_STYLE_COLOUR('',#10664);
#11785 = STYLED_ITEM('color',(#11786),#2928);
#11786 = PRESENTATION_STYLE_ASSIGNMENT((#11787));
#11787 = SURFACE_STYLE_USAGE(.BOTH.,#11788);
#11788 = SURFACE_SIDE_STYLE('',(#11789));
#11789 = SURFACE_STYLE_FILL_AREA(#11790);
#11790 = FILL_AREA_STYLE('',(#11791));
#11791 = FILL_AREA_STYLE_COLOUR('',#10664);
#11792 = STYLED_ITEM('color',(#11793),#2945);
#11793 = PRESENTATION_STYLE_ASSIGNMENT((#11794));
#11794 = SURFACE_STYLE_USAGE(.BOTH.,#11795);
#11795 = SURFACE_SIDE_STYLE('',(#11796));
#11796 = SURFACE_STYLE_FILL_AREA(#11797);
#11797 = FILL_AREA_STYLE('',(#11798));
#11798 = FILL_AREA_STYLE_COLOUR('',#10664);
#11799 = STYLED_ITEM('color',(#11800),#2976);
#11800 = PRESENTATION_STYLE_ASSIGNMENT((#11801));
#11801 = SURFACE_STYLE_USAGE(.BOTH.,#11802);
#11802 = SURFACE_SIDE_STYLE('',(#11803));
#11803 = SURFACE_STYLE_FILL_AREA(#11804);
#11804 = FILL_AREA_STYLE('',(#11805));
#11805 = FILL_AREA_STYLE_COLOUR('',#10664);
#11806 = STYLED_ITEM('color',(#11807),#3000);
#11807 = PRESENTATION_STYLE_ASSIGNMENT((#11808));
#11808 = SURFACE_STYLE_USAGE(.BOTH.,#11809);
#11809 = SURFACE_SIDE_STYLE('',(#11810));
#11810 = SURFACE_STYLE_FILL_AREA(#11811);
#11811 = FILL_AREA_STYLE('',(#11812));
#11812 = FILL_AREA_STYLE_COLOUR('',#10664);
#11813 = STYLED_ITEM('color',(#11814),#3024);
#11814 = PRESENTATION_STYLE_ASSIGNMENT((#11815));
#11815 = SURFACE_STYLE_USAGE(.BOTH.,#11816);
#11816 = SURFACE_SIDE_STYLE('',(#11817));
#11817 = SURFACE_STYLE_FILL_AREA(#11818);
#11818 = FILL_AREA_STYLE('',(#11819));
#11819 = FILL_AREA_STYLE_COLOUR('',#10664);
#11820 = STYLED_ITEM('color',(#11821),#3041);
#11821 = PRESENTATION_STYLE_ASSIGNMENT((#11822));
#11822 = SURFACE_STYLE_USAGE(.BOTH.,#11823);
#11823 = SURFACE_SIDE_STYLE('',(#11824));
#11824 = SURFACE_STYLE_FILL_AREA(#11825);
#11825 = FILL_AREA_STYLE('',(#11826));
#11826 = FILL_AREA_STYLE_COLOUR('',#10664);
#11827 = STYLED_ITEM('color',(#11828),#3058);
#11828 = PRESENTATION_STYLE_ASSIGNMENT((#11829));
#11829 = SURFACE_STYLE_USAGE(.BOTH.,#11830);
#11830 = SURFACE_SIDE_STYLE('',(#11831));
#11831 = SURFACE_STYLE_FILL_AREA(#11832);
#11832 = FILL_AREA_STYLE('',(#11833));
#11833 = FILL_AREA_STYLE_COLOUR('',#10664);
#11834 = STYLED_ITEM('color',(#11835),#3075);
#11835 = PRESENTATION_STYLE_ASSIGNMENT((#11836));
#11836 = SURFACE_STYLE_USAGE(.BOTH.,#11837);
#11837 = SURFACE_SIDE_STYLE('',(#11838));
#11838 = SURFACE_STYLE_FILL_AREA(#11839);
#11839 = FILL_AREA_STYLE('',(#11840));
#11840 = FILL_AREA_STYLE_COLOUR('',#10664);
#11841 = STYLED_ITEM('color',(#11842),#3087);
#11842 = PRESENTATION_STYLE_ASSIGNMENT((#11843));
#11843 = SURFACE_STYLE_USAGE(.BOTH.,#11844);
#11844 = SURFACE_SIDE_STYLE('',(#11845));
#11845 = SURFACE_STYLE_FILL_AREA(#11846);
#11846 = FILL_AREA_STYLE('',(#11847));
#11847 = FILL_AREA_STYLE_COLOUR('',#10664);
#11848 = STYLED_ITEM('color',(#11849),#3104);
#11849 = PRESENTATION_STYLE_ASSIGNMENT((#11850));
#11850 = SURFACE_STYLE_USAGE(.BOTH.,#11851);
#11851 = SURFACE_SIDE_STYLE('',(#11852));
#11852 = SURFACE_STYLE_FILL_AREA(#11853);
#11853 = FILL_AREA_STYLE('',(#11854));
#11854 = FILL_AREA_STYLE_COLOUR('',#10664);
#11855 = STYLED_ITEM('color',(#11856),#3121);
#11856 = PRESENTATION_STYLE_ASSIGNMENT((#11857));
#11857 = SURFACE_STYLE_USAGE(.BOTH.,#11858);
#11858 = SURFACE_SIDE_STYLE('',(#11859));
#11859 = SURFACE_STYLE_FILL_AREA(#11860);
#11860 = FILL_AREA_STYLE('',(#11861));
#11861 = FILL_AREA_STYLE_COLOUR('',#10664);
#11862 = STYLED_ITEM('color',(#11863),#3133);
#11863 = PRESENTATION_STYLE_ASSIGNMENT((#11864));
#11864 = SURFACE_STYLE_USAGE(.BOTH.,#11865);
#11865 = SURFACE_SIDE_STYLE('',(#11866));
#11866 = SURFACE_STYLE_FILL_AREA(#11867);
#11867 = FILL_AREA_STYLE('',(#11868));
#11868 = FILL_AREA_STYLE_COLOUR('',#10664);
#11869 = STYLED_ITEM('color',(#11870),#3150);
#11870 = PRESENTATION_STYLE_ASSIGNMENT((#11871));
#11871 = SURFACE_STYLE_USAGE(.BOTH.,#11872);
#11872 = SURFACE_SIDE_STYLE('',(#11873));
#11873 = SURFACE_STYLE_FILL_AREA(#11874);
#11874 = FILL_AREA_STYLE('',(#11875));
#11875 = FILL_AREA_STYLE_COLOUR('',#10664);
#11876 = STYLED_ITEM('color',(#11877),#3167);
#11877 = PRESENTATION_STYLE_ASSIGNMENT((#11878));
#11878 = SURFACE_STYLE_USAGE(.BOTH.,#11879);
#11879 = SURFACE_SIDE_STYLE('',(#11880));
#11880 = SURFACE_STYLE_FILL_AREA(#11881);
#11881 = FILL_AREA_STYLE('',(#11882));
#11882 = FILL_AREA_STYLE_COLOUR('',#10664);
#11883 = STYLED_ITEM('color',(#11884),#3179);
#11884 = PRESENTATION_STYLE_ASSIGNMENT((#11885));
#11885 = SURFACE_STYLE_USAGE(.BOTH.,#11886);
#11886 = SURFACE_SIDE_STYLE('',(#11887));
#11887 = SURFACE_STYLE_FILL_AREA(#11888);
#11888 = FILL_AREA_STYLE('',(#11889));
#11889 = FILL_AREA_STYLE_COLOUR('',#10664);
#11890 = STYLED_ITEM('color',(#11891),#3196);
#11891 = PRESENTATION_STYLE_ASSIGNMENT((#11892));
#11892 = SURFACE_STYLE_USAGE(.BOTH.,#11893);
#11893 = SURFACE_SIDE_STYLE('',(#11894));
#11894 = SURFACE_STYLE_FILL_AREA(#11895);
#11895 = FILL_AREA_STYLE('',(#11896));
#11896 = FILL_AREA_STYLE_COLOUR('',#10664);
#11897 = STYLED_ITEM('color',(#11898),#3213);
#11898 = PRESENTATION_STYLE_ASSIGNMENT((#11899));
#11899 = SURFACE_STYLE_USAGE(.BOTH.,#11900);
#11900 = SURFACE_SIDE_STYLE('',(#11901));
#11901 = SURFACE_STYLE_FILL_AREA(#11902);
#11902 = FILL_AREA_STYLE('',(#11903));
#11903 = FILL_AREA_STYLE_COLOUR('',#10664);
#11904 = STYLED_ITEM('color',(#11905),#3225);
#11905 = PRESENTATION_STYLE_ASSIGNMENT((#11906));
#11906 = SURFACE_STYLE_USAGE(.BOTH.,#11907);
#11907 = SURFACE_SIDE_STYLE('',(#11908));
#11908 = SURFACE_STYLE_FILL_AREA(#11909);
#11909 = FILL_AREA_STYLE('',(#11910));
#11910 = FILL_AREA_STYLE_COLOUR('',#10664);
#11911 = STYLED_ITEM('color',(#11912),#3237);
#11912 = PRESENTATION_STYLE_ASSIGNMENT((#11913));
#11913 = SURFACE_STYLE_USAGE(.BOTH.,#11914);
#11914 = SURFACE_SIDE_STYLE('',(#11915));
#11915 = SURFACE_STYLE_FILL_AREA(#11916);
#11916 = FILL_AREA_STYLE('',(#11917));
#11917 = FILL_AREA_STYLE_COLOUR('',#10664);
#11918 = STYLED_ITEM('color',(#11919),#3249);
#11919 = PRESENTATION_STYLE_ASSIGNMENT((#11920));
#11920 = SURFACE_STYLE_USAGE(.BOTH.,#11921);
#11921 = SURFACE_SIDE_STYLE('',(#11922));
#11922 = SURFACE_STYLE_FILL_AREA(#11923);
#11923 = FILL_AREA_STYLE('',(#11924));
#11924 = FILL_AREA_STYLE_COLOUR('',#10664);
#11925 = STYLED_ITEM('color',(#11926),#3261);
#11926 = PRESENTATION_STYLE_ASSIGNMENT((#11927));
#11927 = SURFACE_STYLE_USAGE(.BOTH.,#11928);
#11928 = SURFACE_SIDE_STYLE('',(#11929));
#11929 = SURFACE_STYLE_FILL_AREA(#11930);
#11930 = FILL_AREA_STYLE('',(#11931));
#11931 = FILL_AREA_STYLE_COLOUR('',#10664);
ENDSEC;
END-ISO-10303-21;
